log_id,event_type,timestamp,details
LOG0000000,Compliance Verified,2024-09-01 02:04:03,
LOG0000001,Transaction Created,2025-08-07 20:23:38,Transaction Created event at 20:23:38
LOG0000002,Transaction Approved,2024-04-15 15:04:45,Transaction Approved event at 15:04:45
LOG0000003,Compliance Verified,2024-01-07 05:44:57,
LOG0000004,Transaction Approved,2024-12-15 15:20:27,Transaction Approved event at 15:20:27
LOG0000005,Risk Check Performed,2025-10-04 10:52:25,Risk Check Performed event at 10:52:25
LOG0000006,Transaction Rejected,2024-07-14 12:01:33,Transaction Rejected event at 12:01:33
LOG0000007,Transaction Approved,2025-06-29 15:52:44,Transaction Approved event at 15:52:44
LOG0000008,Compliance Verified,2025-06-28 13:39:18,Compliance Verified event at 13:39:18
LOG0000009,Transaction Approved,2024-06-12 16:15:06,Transaction Approved event at 16:15:06
LOG0000010,Transaction Created,2024-09-21 08:00:51,Transaction Created event at 08:00:51
LOG0000011,Payment Processed,2024-08-30 18:39:41,
LOG0000012,Risk Check Performed,2024-01-05 01:33:55,Risk Check Performed event at 01:33:55
LOG0000013,Transaction Approved,2024-11-07 13:36:04,
LOG0000014,Transaction Approved,2024-05-02 23:30:17,
LOG0000015,Risk Check Performed,2025-06-11 19:22:37,Risk Check Performed event at 19:22:37
LOG0000016,Payment Processed,2025-09-20 05:31:12,Payment Processed event at 05:31:12
LOG0000017,Payment Processed,2024-06-17 05:54:36,Payment Processed event at 05:54:36
LOG0000018,Risk Check Performed,2025-04-29 17:52:58,Risk Check Performed event at 17:52:58
LOG0000019,Transaction Created,2024-12-19 15:13:19,Transaction Created event at 15:13:19
LOG0000020,Compliance Verified,2024-08-01 22:58:10,
LOG0000021,Risk Check Performed,2024-08-21 13:41:03,Risk Check Performed event at 13:41:03
LOG0000022,Transaction Created,2025-10-31 13:17:23,
LOG0000023,Transaction Created,2023-12-16 02:26:15,Transaction Created event at 02:26:15
LOG0000024,Transaction Approved,2024-07-29 16:28:36,Transaction Approved event at 16:28:36
LOG0000025,Transaction Rejected,2025-11-01 16:01:04,
LOG0000026,Transaction Rejected,2024-07-21 23:24:00,
LOG0000027,Transaction Created,2025-03-11 07:26:51,
LOG0000028,Transaction Approved,2025-06-23 20:06:48,
LOG0000029,Transaction Created,2024-08-11 18:58:25,Transaction Created event at 18:58:25
LOG0000030,Risk Check Performed,2024-05-07 02:39:20,Risk Check Performed event at 02:39:20
LOG0000031,Payment Processed,2025-04-28 03:32:12,Payment Processed event at 03:32:12
LOG0000032,Compliance Verified,2025-10-11 23:02:04,Compliance Verified event at 23:02:04
LOG0000033,Transaction Approved,2024-06-06 21:22:55,
LOG0000034,Transaction Approved,2025-02-25 12:01:49,Transaction Approved event at 12:01:49
LOG0000035,Transaction Approved,2025-10-20 23:54:32,Transaction Approved event at 23:54:32
LOG0000036,Payment Processed,2025-10-27 18:54:21,Payment Processed event at 18:54:21
LOG0000037,Transaction Rejected,2025-01-25 12:05:58,Transaction Rejected event at 12:05:58
LOG0000038,Transaction Created,2025-09-23 08:00:03,Transaction Created event at 08:00:03
LOG0000039,Transaction Rejected,2024-09-04 03:08:42,
LOG0000040,Transaction Approved,2024-09-18 00:48:01,Transaction Approved event at 00:48:01
LOG0000041,Transaction Created,2025-03-08 13:03:59,Transaction Created event at 13:03:59
LOG0000042,Transaction Created,2025-08-10 10:39:01,Transaction Created event at 10:39:01
LOG0000043,Risk Check Performed,2024-01-17 00:44:46,Risk Check Performed event at 00:44:46
LOG0000044,Transaction Approved,2025-11-04 15:06:15,Transaction Approved event at 15:06:15
LOG0000045,Transaction Rejected,2025-11-08 23:28:07,
LOG0000046,Compliance Verified,2025-04-09 10:36:11,
LOG0000047,Payment Processed,2025-10-06 14:23:28,Payment Processed event at 14:23:28
LOG0000048,Transaction Approved,2024-11-23 18:38:47,Transaction Approved event at 18:38:47
LOG0000049,Compliance Verified,2025-11-30 19:41:37,
LOG0000050,Transaction Created,2024-05-31 04:49:47,Transaction Created event at 04:49:47
LOG0000051,Compliance Verified,2025-10-02 08:29:55,Compliance Verified event at 08:29:55
LOG0000052,Transaction Created,2024-05-27 13:37:08,
LOG0000053,Transaction Created,2024-11-11 16:39:59,Transaction Created event at 16:39:59
LOG0000054,Risk Check Performed,2025-07-14 04:10:47,Risk Check Performed event at 04:10:47
LOG0000055,Transaction Created,2025-01-06 04:35:29,Transaction Created event at 04:35:29
LOG0000056,Compliance Verified,2024-01-24 05:02:52,Compliance Verified event at 05:02:52
LOG0000057,Risk Check Performed,2024-07-05 05:08:40,Risk Check Performed event at 05:08:40
LOG0000058,Compliance Verified,2024-02-28 23:26:21,Compliance Verified event at 23:26:21
LOG0000059,Risk Check Performed,2024-03-07 11:37:10,Risk Check Performed event at 11:37:10
LOG0000060,Compliance Verified,2024-05-12 05:27:20,Compliance Verified event at 05:27:20
LOG0000061,Transaction Created,2024-01-15 06:35:41,
LOG0000062,Risk Check Performed,2024-01-16 12:45:14,
LOG0000063,Transaction Created,2024-04-20 10:51:18,Transaction Created event at 10:51:18
LOG0000064,Payment Processed,2025-06-01 09:39:19,
LOG0000065,Transaction Created,2024-04-05 00:03:21,
LOG0000066,Transaction Approved,2023-12-14 10:35:57,Transaction Approved event at 10:35:57
LOG0000067,Risk Check Performed,2024-08-17 05:24:34,
LOG0000068,Transaction Created,2025-05-25 08:08:49,
LOG0000069,Transaction Approved,2024-01-26 03:45:54,Transaction Approved event at 03:45:54
LOG0000070,Transaction Approved,2025-03-30 15:49:22,Transaction Approved event at 15:49:22
LOG0000071,Transaction Created,2025-09-06 08:08:47,Transaction Created event at 08:08:47
LOG0000072,Transaction Approved,2025-06-11 15:00:43,Transaction Approved event at 15:00:43
LOG0000073,Transaction Rejected,2025-11-14 01:22:33,Transaction Rejected event at 01:22:33
LOG0000074,Transaction Approved,2025-03-01 01:33:24,
LOG0000075,Risk Check Performed,2025-01-26 05:51:49,
LOG0000076,Risk Check Performed,2024-02-24 01:14:51,Risk Check Performed event at 01:14:51
LOG0000077,Transaction Approved,2024-03-03 21:26:47,
LOG0000078,Transaction Rejected,2024-06-26 03:56:02,
LOG0000079,Risk Check Performed,2024-02-20 19:05:11,Risk Check Performed event at 19:05:11
LOG0000080,Payment Processed,2025-11-07 08:58:07,Payment Processed event at 08:58:07
LOG0000081,Transaction Created,2024-05-17 03:40:27,
LOG0000082,Risk Check Performed,2025-09-16 08:20:34,Risk Check Performed event at 08:20:34
LOG0000083,Transaction Created,2024-04-23 14:36:28,Transaction Created event at 14:36:28
LOG0000084,Payment Processed,2024-01-28 06:19:20,
LOG0000085,Transaction Rejected,2025-11-19 10:02:40,Transaction Rejected event at 10:02:40
LOG0000086,Transaction Created,2024-05-03 17:57:27,Transaction Created event at 17:57:27
LOG0000087,Risk Check Performed,2025-03-09 23:20:53,
LOG0000088,Risk Check Performed,2025-08-16 12:07:16,Risk Check Performed event at 12:07:16
LOG0000089,Compliance Verified,2024-08-12 16:57:16,
LOG0000090,Compliance Verified,2025-04-30 03:21:59,
LOG0000091,Transaction Rejected,2024-05-21 07:28:36,Transaction Rejected event at 07:28:36
LOG0000092,Transaction Approved,2025-07-28 20:54:51,Transaction Approved event at 20:54:51
LOG0000093,Compliance Verified,2024-03-02 16:52:24,
LOG0000094,Compliance Verified,2024-11-04 14:33:49,Compliance Verified event at 14:33:49
LOG0000095,Payment Processed,2024-09-25 09:49:36,
LOG0000096,Transaction Created,2024-07-11 07:41:22,Transaction Created event at 07:41:22
LOG0000097,Transaction Approved,2025-03-05 01:53:03,
LOG0000098,Transaction Created,2025-10-05 05:29:37,
LOG0000099,Transaction Created,2024-12-30 18:56:56,Transaction Created event at 18:56:56
LOG0000100,Transaction Created,2025-10-09 02:41:27,Transaction Created event at 02:41:27
LOG0000101,Transaction Approved,2024-09-17 08:14:32,Transaction Approved event at 08:14:32
LOG0000102,Risk Check Performed,2024-09-23 19:34:50,
LOG0000103,Transaction Created,2025-07-11 08:13:51,
LOG0000104,Transaction Created,2023-12-24 22:18:53,
LOG0000105,Compliance Verified,2025-06-22 18:54:41,Compliance Verified event at 18:54:41
LOG0000106,Transaction Approved,2024-09-10 18:38:21,Transaction Approved event at 18:38:21
LOG0000107,Compliance Verified,2024-09-25 04:02:20,Compliance Verified event at 04:02:20
LOG0000108,Transaction Approved,2023-12-26 20:35:40,Transaction Approved event at 20:35:40
LOG0000109,Transaction Approved,2024-12-14 22:51:11,Transaction Approved event at 22:51:11
LOG0000110,Compliance Verified,2025-07-07 20:28:11,Compliance Verified event at 20:28:11
LOG0000111,Compliance Verified,2025-08-02 19:06:31,Compliance Verified event at 19:06:31
LOG0000112,Risk Check Performed,2024-09-03 01:47:55,
LOG0000113,Transaction Created,2024-03-21 20:55:56,
LOG0000114,Compliance Verified,2024-07-06 20:06:25,
LOG0000115,Transaction Approved,2025-08-02 14:47:10,Transaction Approved event at 14:47:10
LOG0000116,Transaction Created,2024-04-30 09:37:06,
LOG0000117,Transaction Approved,2024-05-31 15:08:40,Transaction Approved event at 15:08:40
LOG0000118,Transaction Approved,2025-11-25 03:38:26,Transaction Approved event at 03:38:26
LOG0000119,Compliance Verified,2024-01-29 09:34:16,Compliance Verified event at 09:34:16
LOG0000120,Payment Processed,2024-12-31 12:14:25,
LOG0000121,Transaction Rejected,2024-06-10 02:06:25,
LOG0000122,Transaction Created,2024-01-29 04:48:25,
LOG0000123,Transaction Approved,2025-04-12 05:38:45,Transaction Approved event at 05:38:45
LOG0000124,Transaction Created,2025-03-25 03:58:28,Transaction Created event at 03:58:28
LOG0000125,Risk Check Performed,2024-03-23 20:05:43,Risk Check Performed event at 20:05:43
LOG0000126,Compliance Verified,2025-10-03 22:17:48,
LOG0000127,Transaction Rejected,2025-01-12 06:12:37,Transaction Rejected event at 06:12:37
LOG0000128,Compliance Verified,2025-08-02 12:30:33,Compliance Verified event at 12:30:33
LOG0000129,Compliance Verified,2024-09-14 02:11:37,
LOG0000130,Transaction Approved,2024-06-29 02:20:06,Transaction Approved event at 02:20:06
LOG0000131,Compliance Verified,2024-11-02 01:18:38,Compliance Verified event at 01:18:38
LOG0000132,Payment Processed,2025-02-26 15:31:33,
LOG0000133,Transaction Created,2025-07-10 18:36:56,Transaction Created event at 18:36:56
LOG0000134,Risk Check Performed,2024-06-14 22:35:10,
LOG0000135,Transaction Approved,2024-07-25 05:37:54,Transaction Approved event at 05:37:54
LOG0000136,Compliance Verified,2025-10-11 06:46:45,Compliance Verified event at 06:46:45
LOG0000137,Transaction Created,2025-02-07 04:49:34,Transaction Created event at 04:49:34
LOG0000138,Transaction Approved,2024-12-03 18:12:53,Transaction Approved event at 18:12:53
LOG0000139,Transaction Approved,2024-05-15 15:19:57,
LOG0000140,Transaction Rejected,2025-07-15 03:29:03,Transaction Rejected event at 03:29:03
LOG0000141,Risk Check Performed,2024-05-01 02:32:54,
LOG0000142,Compliance Verified,2024-05-30 01:46:44,
LOG0000143,Transaction Created,2025-08-05 10:20:04,Transaction Created event at 10:20:04
LOG0000144,Transaction Approved,2024-07-15 14:55:24,Transaction Approved event at 14:55:24
LOG0000145,Payment Processed,2025-05-11 07:35:35,
LOG0000146,Risk Check Performed,2024-07-16 21:53:21,
LOG0000147,Payment Processed,2025-05-25 11:46:29,
LOG0000148,Compliance Verified,2025-07-27 05:27:31,Compliance Verified event at 05:27:31
LOG0000149,Transaction Rejected,2024-04-27 17:36:35,Transaction Rejected event at 17:36:35
LOG0000150,Risk Check Performed,2024-09-13 13:20:00,Risk Check Performed event at 13:20:00
LOG0000151,Compliance Verified,2024-05-15 17:53:15,Compliance Verified event at 17:53:15
LOG0000152,Transaction Created,2024-01-04 07:58:15,Transaction Created event at 07:58:15
LOG0000153,Payment Processed,2025-03-28 03:01:48,
LOG0000154,Payment Processed,2023-12-04 03:01:21,Payment Processed event at 03:01:21
LOG0000155,Transaction Approved,2024-02-20 08:38:02,Transaction Approved event at 08:38:02
LOG0000156,Compliance Verified,2024-01-28 05:19:23,
LOG0000157,Transaction Approved,2025-02-13 16:27:23,Transaction Approved event at 16:27:23
LOG0000158,Payment Processed,2025-02-27 16:59:32,
LOG0000159,Transaction Approved,2025-05-14 16:12:48,Transaction Approved event at 16:12:48
LOG0000160,Payment Processed,2025-04-04 13:50:59,
LOG0000161,Transaction Approved,2025-10-20 15:20:19,
LOG0000162,Transaction Rejected,2024-12-05 21:39:20,
LOG0000163,Risk Check Performed,2024-11-05 08:23:27,Risk Check Performed event at 08:23:27
LOG0000164,Transaction Created,2025-03-31 06:32:52,Transaction Created event at 06:32:52
LOG0000165,Payment Processed,2025-06-23 12:16:22,Payment Processed event at 12:16:22
LOG0000166,Compliance Verified,2023-12-28 08:22:57,
LOG0000167,Transaction Approved,2024-10-07 21:24:05,
LOG0000168,Risk Check Performed,2025-03-18 06:44:35,Risk Check Performed event at 06:44:35
LOG0000169,Payment Processed,2025-02-19 15:24:29,Payment Processed event at 15:24:29
LOG0000170,Risk Check Performed,2025-02-17 17:59:14,Risk Check Performed event at 17:59:14
LOG0000171,Transaction Approved,2025-08-24 05:40:34,Transaction Approved event at 05:40:34
LOG0000172,Transaction Rejected,2024-04-04 03:59:35,Transaction Rejected event at 03:59:35
LOG0000173,Transaction Approved,2025-09-27 06:07:31,Transaction Approved event at 06:07:31
LOG0000174,Payment Processed,2025-08-08 07:24:08,
LOG0000175,Transaction Approved,2024-02-08 02:13:00,Transaction Approved event at 02:13:00
LOG0000176,Payment Processed,2025-10-09 02:28:18,Payment Processed event at 02:28:18
LOG0000177,Risk Check Performed,2024-01-25 22:56:22,
LOG0000178,Transaction Approved,2025-07-22 17:34:06,
LOG0000179,Compliance Verified,2025-04-30 19:13:52,
LOG0000180,Risk Check Performed,2025-10-17 15:26:01,Risk Check Performed event at 15:26:01
LOG0000181,Transaction Rejected,2024-05-14 03:30:19,
LOG0000182,Transaction Created,2024-01-22 07:54:03,Transaction Created event at 07:54:03
LOG0000183,Risk Check Performed,2025-09-17 09:58:53,Risk Check Performed event at 09:58:53
LOG0000184,Transaction Created,2024-10-23 06:27:34,Transaction Created event at 06:27:34
LOG0000185,Payment Processed,2024-09-23 00:38:30,Payment Processed event at 00:38:30
LOG0000186,Compliance Verified,2025-05-14 07:36:34,
LOG0000187,Transaction Approved,2023-12-15 19:42:40,
LOG0000188,Risk Check Performed,2025-05-23 23:14:33,
LOG0000189,Transaction Created,2024-10-22 14:18:39,Transaction Created event at 14:18:39
LOG0000190,Transaction Approved,2025-02-28 06:25:15,Transaction Approved event at 06:25:15
LOG0000191,Payment Processed,2025-03-14 07:58:44,Payment Processed event at 07:58:44
LOG0000192,Transaction Created,2025-04-28 04:32:34,Transaction Created event at 04:32:34
LOG0000193,Risk Check Performed,2025-03-12 23:08:10,
LOG0000194,Transaction Created,2024-11-25 19:56:10,Transaction Created event at 19:56:10
LOG0000195,Transaction Created,2024-08-01 18:58:23,
LOG0000196,Compliance Verified,2024-03-06 12:56:45,
LOG0000197,Transaction Rejected,2025-02-02 12:54:03,
LOG0000198,Risk Check Performed,2024-08-01 19:47:35,Risk Check Performed event at 19:47:35
LOG0000199,Compliance Verified,2024-02-09 05:40:32,Compliance Verified event at 05:40:32
LOG0000200,Transaction Approved,2025-10-24 05:15:21,
LOG0000201,Transaction Approved,2025-07-08 01:50:06,
LOG0000202,Transaction Created,2025-06-09 05:01:24,
LOG0000203,Compliance Verified,2025-09-05 09:54:20,Compliance Verified event at 09:54:20
LOG0000204,Compliance Verified,2024-07-19 21:45:38,Compliance Verified event at 21:45:38
LOG0000205,Risk Check Performed,2024-09-24 17:47:31,Risk Check Performed event at 17:47:31
LOG0000206,Compliance Verified,2024-05-10 06:27:08,Compliance Verified event at 06:27:08
LOG0000207,Payment Processed,2024-07-17 21:07:04,Payment Processed event at 21:07:04
LOG0000208,Payment Processed,2024-08-06 19:35:15,Payment Processed event at 19:35:15
LOG0000209,Risk Check Performed,2025-11-17 09:54:54,
LOG0000210,Compliance Verified,2025-06-29 11:53:56,Compliance Verified event at 11:53:56
LOG0000211,Risk Check Performed,2025-02-24 06:29:26,Risk Check Performed event at 06:29:26
LOG0000212,Risk Check Performed,2024-10-22 01:11:52,Risk Check Performed event at 01:11:52
LOG0000213,Compliance Verified,2024-10-27 03:10:36,Compliance Verified event at 03:10:36
LOG0000214,Transaction Approved,2024-01-26 23:46:09,Transaction Approved event at 23:46:09
LOG0000215,Transaction Rejected,2025-01-18 19:59:44,Transaction Rejected event at 19:59:44
LOG0000216,Transaction Created,2024-03-15 06:19:20,
LOG0000217,Transaction Approved,2024-07-22 00:20:47,Transaction Approved event at 00:20:47
LOG0000218,Compliance Verified,2024-12-10 03:03:42,
LOG0000219,Payment Processed,2024-07-06 09:40:30,Payment Processed event at 09:40:30
LOG0000220,Payment Processed,2024-10-09 23:21:20,Payment Processed event at 23:21:20
LOG0000221,Risk Check Performed,2025-03-19 18:52:55,Risk Check Performed event at 18:52:55
LOG0000222,Transaction Created,2024-12-08 22:47:59,Transaction Created event at 22:47:59
LOG0000223,Transaction Created,2024-09-25 10:09:55,Transaction Created event at 10:09:55
LOG0000224,Transaction Created,2024-03-07 08:44:00,
LOG0000225,Transaction Created,2024-10-03 23:34:22,Transaction Created event at 23:34:22
LOG0000226,Compliance Verified,2025-10-28 14:06:39,Compliance Verified event at 14:06:39
LOG0000227,Compliance Verified,2024-05-21 01:20:23,
LOG0000228,Transaction Created,2024-10-25 12:06:35,
LOG0000229,Risk Check Performed,2025-03-18 15:08:22,Risk Check Performed event at 15:08:22
LOG0000230,Transaction Created,2024-01-03 10:05:31,Transaction Created event at 10:05:31
LOG0000231,Transaction Approved,2024-10-13 18:50:59,Transaction Approved event at 18:50:59
LOG0000232,Transaction Approved,2025-01-15 16:45:50,Transaction Approved event at 16:45:50
LOG0000233,Compliance Verified,2024-01-03 05:32:23,
LOG0000234,Payment Processed,2023-12-17 14:53:07,Payment Processed event at 14:53:07
LOG0000235,Compliance Verified,2024-03-22 02:42:43,Compliance Verified event at 02:42:43
LOG0000236,Compliance Verified,2024-07-01 14:02:07,Compliance Verified event at 14:02:07
LOG0000237,Risk Check Performed,2024-01-27 01:30:43,Risk Check Performed event at 01:30:43
LOG0000238,Transaction Created,2024-04-07 08:42:44,
LOG0000239,Risk Check Performed,2025-09-09 03:36:59,Risk Check Performed event at 03:36:59
LOG0000240,Transaction Created,2025-08-30 20:31:59,Transaction Created event at 20:31:59
LOG0000241,Compliance Verified,2025-06-16 14:47:22,
LOG0000242,Transaction Created,2024-10-11 16:47:34,Transaction Created event at 16:47:34
LOG0000243,Risk Check Performed,2024-06-08 05:46:24,Risk Check Performed event at 05:46:24
LOG0000244,Transaction Approved,2025-11-28 20:56:38,Transaction Approved event at 20:56:38
LOG0000245,Transaction Created,2025-08-28 05:38:49,Transaction Created event at 05:38:49
LOG0000246,Compliance Verified,2024-01-20 02:22:16,Compliance Verified event at 02:22:16
LOG0000247,Compliance Verified,2025-05-20 02:24:24,Compliance Verified event at 02:24:24
LOG0000248,Transaction Created,2025-08-10 07:42:18,
LOG0000249,Transaction Approved,2024-01-14 09:27:04,
LOG0000250,Transaction Approved,2025-05-12 10:55:02,Transaction Approved event at 10:55:02
LOG0000251,Transaction Approved,2025-07-25 21:33:39,
LOG0000252,Risk Check Performed,2025-09-01 04:34:31,Risk Check Performed event at 04:34:31
LOG0000253,Risk Check Performed,2025-05-10 15:53:38,
LOG0000254,Risk Check Performed,2025-07-23 22:51:08,
LOG0000255,Compliance Verified,2025-10-23 20:54:53,Compliance Verified event at 20:54:53
LOG0000256,Payment Processed,2024-08-05 07:08:56,Payment Processed event at 07:08:56
LOG0000257,Transaction Created,2025-11-07 08:08:57,Transaction Created event at 08:08:57
LOG0000258,Compliance Verified,2025-10-06 02:47:37,Compliance Verified event at 02:47:37
LOG0000259,Compliance Verified,2024-09-02 01:30:59,
LOG0000260,Transaction Created,2024-10-17 15:58:36,
LOG0000261,Payment Processed,2024-01-02 18:48:45,Payment Processed event at 18:48:45
LOG0000262,Transaction Approved,2025-01-24 13:52:51,
LOG0000263,Transaction Approved,2025-10-26 02:58:26,Transaction Approved event at 02:58:26
LOG0000264,Risk Check Performed,2025-01-29 19:17:58,
LOG0000265,Compliance Verified,2023-12-14 12:44:23,
LOG0000266,Compliance Verified,2024-11-02 22:18:47,Compliance Verified event at 22:18:47
LOG0000267,Risk Check Performed,2024-07-10 03:34:42,Risk Check Performed event at 03:34:42
LOG0000268,Payment Processed,2025-02-28 01:14:38,Payment Processed event at 01:14:38
LOG0000269,Risk Check Performed,2025-04-17 01:07:15,Risk Check Performed event at 01:07:15
LOG0000270,Transaction Created,2024-03-27 01:44:00,Transaction Created event at 01:44:00
LOG0000271,Transaction Created,2024-11-25 10:00:14,Transaction Created event at 10:00:14
LOG0000272,Risk Check Performed,2025-10-08 19:49:59,
LOG0000273,Compliance Verified,2025-02-10 08:55:21,
LOG0000274,Transaction Rejected,2025-04-14 14:45:12,Transaction Rejected event at 14:45:12
LOG0000275,Transaction Created,2024-02-27 03:20:38,Transaction Created event at 03:20:38
LOG0000276,Risk Check Performed,2024-09-20 21:02:42,
LOG0000277,Risk Check Performed,2024-02-14 13:51:34,Risk Check Performed event at 13:51:34
LOG0000278,Compliance Verified,2025-05-07 01:26:05,Compliance Verified event at 01:26:05
LOG0000279,Transaction Rejected,2025-02-21 17:15:56,Transaction Rejected event at 17:15:56
LOG0000280,Risk Check Performed,2025-11-24 05:24:57,
LOG0000281,Payment Processed,2024-09-12 01:11:37,Payment Processed event at 01:11:37
LOG0000282,Transaction Rejected,2024-05-18 11:56:37,Transaction Rejected event at 11:56:37
LOG0000283,Transaction Rejected,2024-05-02 00:52:08,
LOG0000284,Risk Check Performed,2025-06-27 01:57:15,Risk Check Performed event at 01:57:15
LOG0000285,Transaction Created,2023-12-13 06:40:07,Transaction Created event at 06:40:07
LOG0000286,Compliance Verified,2024-01-08 08:19:46,Compliance Verified event at 08:19:46
LOG0000287,Transaction Created,2025-08-16 22:40:11,
LOG0000288,Compliance Verified,2024-08-13 16:49:18,Compliance Verified event at 16:49:18
LOG0000289,Transaction Approved,2025-05-02 16:23:06,Transaction Approved event at 16:23:06
LOG0000290,Compliance Verified,2024-07-26 18:48:59,Compliance Verified event at 18:48:59
LOG0000291,Transaction Created,2024-02-04 04:34:29,Transaction Created event at 04:34:29
LOG0000292,Risk Check Performed,2024-01-09 03:28:05,
LOG0000293,Transaction Approved,2024-12-31 03:35:21,Transaction Approved event at 03:35:21
LOG0000294,Compliance Verified,2025-06-05 07:46:52,
LOG0000295,Risk Check Performed,2024-10-02 20:13:10,
LOG0000296,Payment Processed,2025-06-06 01:04:35,
LOG0000297,Compliance Verified,2024-12-19 17:11:44,Compliance Verified event at 17:11:44
LOG0000298,Compliance Verified,2024-05-09 14:01:24,
LOG0000299,Transaction Approved,2024-01-10 21:18:40,Transaction Approved event at 21:18:40
LOG0000300,Compliance Verified,2025-09-11 00:15:46,Compliance Verified event at 00:15:46
LOG0000301,Transaction Approved,2025-03-01 12:31:54,
LOG0000302,Transaction Rejected,2024-02-17 05:27:28,Transaction Rejected event at 05:27:28
LOG0000303,Transaction Created,2024-03-15 12:50:09,Transaction Created event at 12:50:09
LOG0000304,Risk Check Performed,2024-11-09 08:27:04,Risk Check Performed event at 08:27:04
LOG0000305,Transaction Created,2025-04-22 11:09:29,
LOG0000306,Risk Check Performed,2024-05-25 21:29:26,
LOG0000307,Compliance Verified,2025-01-18 11:01:42,Compliance Verified event at 11:01:42
LOG0000308,Transaction Rejected,2024-04-03 00:11:08,Transaction Rejected event at 00:11:08
LOG0000309,Compliance Verified,2024-06-04 05:54:26,
LOG0000310,Compliance Verified,2024-10-13 13:48:18,
LOG0000311,Compliance Verified,2025-03-31 07:30:57,Compliance Verified event at 07:30:57
LOG0000312,Transaction Created,2025-11-18 15:30:16,Transaction Created event at 15:30:16
LOG0000313,Compliance Verified,2023-12-14 19:06:48,Compliance Verified event at 19:06:48
LOG0000314,Transaction Rejected,2024-01-02 08:31:10,Transaction Rejected event at 08:31:10
LOG0000315,Transaction Rejected,2024-10-06 19:17:45,
LOG0000316,Risk Check Performed,2024-04-22 17:07:50,Risk Check Performed event at 17:07:50
LOG0000317,Transaction Approved,2024-05-16 14:17:29,Transaction Approved event at 14:17:29
LOG0000318,Transaction Approved,2025-01-16 20:38:32,Transaction Approved event at 20:38:32
LOG0000319,Transaction Approved,2024-08-25 15:10:24,Transaction Approved event at 15:10:24
LOG0000320,Payment Processed,2024-12-04 23:18:04,Payment Processed event at 23:18:04
LOG0000321,Transaction Rejected,2025-05-04 01:09:14,
LOG0000322,Compliance Verified,2024-12-11 04:33:13,Compliance Verified event at 04:33:13
LOG0000323,Transaction Created,2024-10-24 09:40:54,Transaction Created event at 09:40:54
LOG0000324,Risk Check Performed,2024-08-24 23:49:38,
LOG0000325,Transaction Approved,2024-04-13 08:31:25,Transaction Approved event at 08:31:25
LOG0000326,Transaction Created,2024-12-07 17:31:12,Transaction Created event at 17:31:12
LOG0000327,Risk Check Performed,2025-09-13 17:27:07,Risk Check Performed event at 17:27:07
LOG0000328,Transaction Created,2025-03-13 06:54:02,Transaction Created event at 06:54:02
LOG0000329,Compliance Verified,2025-07-15 13:02:45,
LOG0000330,Risk Check Performed,2024-09-02 16:54:08,Risk Check Performed event at 16:54:08
LOG0000331,Transaction Approved,2025-01-04 07:07:59,
LOG0000332,Transaction Rejected,2025-05-31 20:34:01,Transaction Rejected event at 20:34:01
LOG0000333,Transaction Approved,2024-10-03 18:08:20,Transaction Approved event at 18:08:20
LOG0000334,Risk Check Performed,2024-12-08 06:29:51,Risk Check Performed event at 06:29:51
LOG0000335,Payment Processed,2025-04-23 03:23:56,
LOG0000336,Transaction Created,2024-05-13 20:50:55,
LOG0000337,Transaction Created,2024-05-24 01:12:03,
LOG0000338,Transaction Created,2024-05-19 11:29:29,Transaction Created event at 11:29:29
LOG0000339,Risk Check Performed,2025-06-18 18:25:46,Risk Check Performed event at 18:25:46
LOG0000340,Compliance Verified,2025-12-02 23:34:36,
LOG0000341,Transaction Created,2024-09-16 18:31:59,Transaction Created event at 18:31:59
LOG0000342,Compliance Verified,2024-05-23 03:14:12,
LOG0000343,Compliance Verified,2025-01-10 00:44:26,Compliance Verified event at 00:44:26
LOG0000344,Transaction Approved,2025-05-21 13:41:42,Transaction Approved event at 13:41:42
LOG0000345,Payment Processed,2025-08-24 06:29:45,Payment Processed event at 06:29:45
LOG0000346,Transaction Rejected,2024-08-05 18:15:29,
LOG0000347,Compliance Verified,2025-04-28 02:12:56,Compliance Verified event at 02:12:56
LOG0000348,Transaction Created,2025-07-04 09:14:42,Transaction Created event at 09:14:42
LOG0000349,Transaction Approved,2025-07-01 18:17:02,
LOG0000350,Payment Processed,2024-06-10 03:13:37,
LOG0000351,Transaction Created,2024-08-29 18:26:13,
LOG0000352,Transaction Created,2024-06-25 04:40:57,Transaction Created event at 04:40:57
LOG0000353,Transaction Created,2025-10-09 17:44:06,Transaction Created event at 17:44:06
LOG0000354,Transaction Approved,2024-10-04 20:52:29,
LOG0000355,Transaction Approved,2025-09-12 19:44:36,Transaction Approved event at 19:44:36
LOG0000356,Compliance Verified,2025-08-28 23:11:03,Compliance Verified event at 23:11:03
LOG0000357,Payment Processed,2024-01-14 00:53:09,Payment Processed event at 00:53:09
LOG0000358,Transaction Approved,2024-02-12 00:20:02,Transaction Approved event at 00:20:02
LOG0000359,Transaction Approved,2025-04-28 06:35:07,
LOG0000360,Transaction Created,2025-09-27 14:07:48,Transaction Created event at 14:07:48
LOG0000361,Transaction Approved,2025-04-26 13:19:20,Transaction Approved event at 13:19:20
LOG0000362,Risk Check Performed,2024-07-29 22:29:13,Risk Check Performed event at 22:29:13
LOG0000363,Risk Check Performed,2025-09-13 20:44:22,Risk Check Performed event at 20:44:22
LOG0000364,Transaction Created,2024-05-15 10:50:45,
LOG0000365,Payment Processed,2023-12-10 01:00:59,Payment Processed event at 01:00:59
LOG0000366,Transaction Rejected,2024-09-08 04:21:47,
LOG0000367,Payment Processed,2024-02-23 19:50:48,
LOG0000368,Transaction Rejected,2024-12-20 01:10:44,Transaction Rejected event at 01:10:44
LOG0000369,Compliance Verified,2024-05-22 21:15:37,
LOG0000370,Compliance Verified,2024-03-20 22:48:43,Compliance Verified event at 22:48:43
LOG0000371,Compliance Verified,2024-04-22 05:29:11,
LOG0000372,Risk Check Performed,2024-09-27 18:39:57,
LOG0000373,Risk Check Performed,2024-06-13 03:41:20,
LOG0000374,Transaction Rejected,2024-11-13 14:40:13,Transaction Rejected event at 14:40:13
LOG0000375,Transaction Approved,2024-06-29 07:50:11,
LOG0000376,Risk Check Performed,2024-02-10 04:46:14,
LOG0000377,Compliance Verified,2023-12-28 19:58:33,Compliance Verified event at 19:58:33
LOG0000378,Transaction Rejected,2024-04-06 06:27:54,Transaction Rejected event at 06:27:54
LOG0000379,Payment Processed,2023-12-03 22:01:01,
LOG0000380,Payment Processed,2024-04-07 23:29:18,Payment Processed event at 23:29:18
LOG0000381,Transaction Approved,2025-03-20 00:08:14,
LOG0000382,Transaction Approved,2024-02-13 08:10:08,Transaction Approved event at 08:10:08
LOG0000383,Risk Check Performed,2025-02-03 00:16:12,
LOG0000384,Risk Check Performed,2024-04-10 09:38:40,Risk Check Performed event at 09:38:40
LOG0000385,Payment Processed,2024-12-15 00:36:05,Payment Processed event at 00:36:05
LOG0000386,Transaction Created,2024-06-06 13:40:35,
LOG0000387,Compliance Verified,2025-09-21 19:05:19,Compliance Verified event at 19:05:19
LOG0000388,Transaction Rejected,2025-07-29 14:58:03,
LOG0000389,Risk Check Performed,2024-01-06 07:20:12,Risk Check Performed event at 07:20:12
LOG0000390,Transaction Approved,2025-04-14 08:24:05,Transaction Approved event at 08:24:05
LOG0000391,Compliance Verified,2023-12-21 02:10:34,
LOG0000392,Transaction Created,2024-01-29 16:40:41,Transaction Created event at 16:40:41
LOG0000393,Transaction Rejected,2024-04-09 21:53:33,Transaction Rejected event at 21:53:33
LOG0000394,Compliance Verified,2025-11-03 17:45:24,
LOG0000395,Risk Check Performed,2024-08-16 15:15:38,Risk Check Performed event at 15:15:38
LOG0000396,Risk Check Performed,2025-04-18 14:18:18,Risk Check Performed event at 14:18:18
LOG0000397,Transaction Created,2024-12-01 14:34:49,Transaction Created event at 14:34:49
LOG0000398,Transaction Approved,2025-07-25 08:07:08,
LOG0000399,Transaction Rejected,2025-11-18 05:46:20,
LOG0000400,Transaction Created,2025-11-16 01:05:54,Transaction Created event at 01:05:54
LOG0000401,Transaction Approved,2025-08-21 22:18:03,
LOG0000402,Risk Check Performed,2025-02-11 01:53:05,Risk Check Performed event at 01:53:05
LOG0000403,Risk Check Performed,2024-05-20 17:31:38,Risk Check Performed event at 17:31:38
LOG0000404,Transaction Approved,2024-12-19 04:56:03,Transaction Approved event at 04:56:03
LOG0000405,Transaction Rejected,2025-10-07 19:19:38,
LOG0000406,Payment Processed,2024-04-30 00:57:32,
LOG0000407,Transaction Created,2024-05-19 04:15:24,
LOG0000408,Risk Check Performed,2024-08-03 01:51:49,
LOG0000409,Transaction Created,2024-01-11 05:29:52,Transaction Created event at 05:29:52
LOG0000410,Compliance Verified,2024-04-04 11:58:04,Compliance Verified event at 11:58:04
LOG0000411,Risk Check Performed,2025-04-19 06:46:07,Risk Check Performed event at 06:46:07
LOG0000412,Compliance Verified,2025-10-25 08:28:12,Compliance Verified event at 08:28:12
LOG0000413,Transaction Approved,2025-11-10 06:35:53,
LOG0000414,Risk Check Performed,2024-04-10 08:12:05,Risk Check Performed event at 08:12:05
LOG0000415,Transaction Approved,2024-11-19 06:27:34,
LOG0000416,Transaction Approved,2025-05-16 10:50:08,
LOG0000417,Transaction Approved,2025-03-22 20:22:15,Transaction Approved event at 20:22:15
LOG0000418,Risk Check Performed,2025-07-02 21:47:18,Risk Check Performed event at 21:47:18
LOG0000419,Transaction Created,2025-08-29 19:30:35,Transaction Created event at 19:30:35
LOG0000420,Transaction Created,2024-02-21 06:10:19,Transaction Created event at 06:10:19
LOG0000421,Transaction Rejected,2025-03-08 12:41:40,Transaction Rejected event at 12:41:40
LOG0000422,Transaction Approved,2025-02-13 21:36:43,Transaction Approved event at 21:36:43
LOG0000423,Risk Check Performed,2024-04-21 19:49:39,Risk Check Performed event at 19:49:39
LOG0000424,Risk Check Performed,2025-06-02 05:54:34,
LOG0000425,Transaction Approved,2025-02-21 10:07:01,Transaction Approved event at 10:07:01
LOG0000426,Risk Check Performed,2025-03-31 13:40:07,Risk Check Performed event at 13:40:07
LOG0000427,Transaction Approved,2025-01-09 09:17:37,Transaction Approved event at 09:17:37
LOG0000428,Payment Processed,2025-12-02 15:02:20,Payment Processed event at 15:02:20
LOG0000429,Transaction Approved,2025-10-19 23:22:48,Transaction Approved event at 23:22:48
LOG0000430,Transaction Rejected,2024-06-24 12:55:54,Transaction Rejected event at 12:55:54
LOG0000431,Transaction Created,2025-03-03 15:07:37,Transaction Created event at 15:07:37
LOG0000432,Risk Check Performed,2024-04-22 00:01:42,Risk Check Performed event at 00:01:42
LOG0000433,Risk Check Performed,2024-07-10 22:23:41,Risk Check Performed event at 22:23:41
LOG0000434,Compliance Verified,2024-09-02 10:19:21,Compliance Verified event at 10:19:21
LOG0000435,Compliance Verified,2025-07-20 21:58:42,Compliance Verified event at 21:58:42
LOG0000436,Transaction Rejected,2024-05-04 04:35:48,
LOG0000437,Transaction Approved,2024-11-02 19:06:59,Transaction Approved event at 19:06:59
LOG0000438,Transaction Created,2024-08-25 05:11:38,Transaction Created event at 05:11:38
LOG0000439,Risk Check Performed,2025-04-20 23:03:43,Risk Check Performed event at 23:03:43
LOG0000440,Transaction Created,2025-03-25 19:57:27,Transaction Created event at 19:57:27
LOG0000441,Risk Check Performed,2025-05-12 22:39:00,Risk Check Performed event at 22:39:00
LOG0000442,Risk Check Performed,2024-05-30 19:15:54,
LOG0000443,Compliance Verified,2024-07-28 09:10:39,
LOG0000444,Compliance Verified,2024-05-13 05:12:54,
LOG0000445,Transaction Approved,2024-06-30 04:25:28,Transaction Approved event at 04:25:28
LOG0000446,Transaction Approved,2024-12-04 04:40:54,
LOG0000447,Transaction Created,2024-06-21 12:28:19,Transaction Created event at 12:28:19
LOG0000448,Compliance Verified,2024-08-08 19:24:13,
LOG0000449,Compliance Verified,2025-11-16 02:52:30,
LOG0000450,Transaction Created,2024-08-10 09:41:00,Transaction Created event at 09:41:00
LOG0000451,Transaction Approved,2025-07-22 06:22:37,Transaction Approved event at 06:22:37
LOG0000452,Transaction Rejected,2025-11-19 04:45:08,
LOG0000453,Transaction Approved,2024-06-07 10:12:37,Transaction Approved event at 10:12:37
LOG0000454,Transaction Approved,2023-12-10 03:40:51,Transaction Approved event at 03:40:51
LOG0000455,Risk Check Performed,2025-07-23 20:58:45,Risk Check Performed event at 20:58:45
LOG0000456,Risk Check Performed,2025-01-13 08:14:21,Risk Check Performed event at 08:14:21
LOG0000457,Payment Processed,2025-07-23 23:57:43,
LOG0000458,Transaction Created,2024-11-28 22:38:44,
LOG0000459,Risk Check Performed,2025-09-20 17:50:00,
LOG0000460,Transaction Approved,2025-02-21 00:19:49,
LOG0000461,Transaction Rejected,2024-11-21 10:07:09,
LOG0000462,Transaction Created,2025-04-27 02:06:45,Transaction Created event at 02:06:45
LOG0000463,Transaction Created,2024-06-16 01:38:28,Transaction Created event at 01:38:28
LOG0000464,Transaction Rejected,2024-09-25 12:55:09,
LOG0000465,Transaction Created,2025-05-16 18:35:04,Transaction Created event at 18:35:04
LOG0000466,Transaction Created,2024-01-08 17:11:23,Transaction Created event at 17:11:23
LOG0000467,Compliance Verified,2025-07-01 01:09:15,Compliance Verified event at 01:09:15
LOG0000468,Compliance Verified,2024-05-20 16:26:30,
LOG0000469,Risk Check Performed,2024-05-17 19:41:22,
LOG0000470,Risk Check Performed,2024-06-28 21:52:22,Risk Check Performed event at 21:52:22
LOG0000471,Transaction Created,2023-12-26 18:20:59,Transaction Created event at 18:20:59
LOG0000472,Transaction Created,2024-10-19 20:40:15,Transaction Created event at 20:40:15
LOG0000473,Risk Check Performed,2025-01-23 06:41:24,Risk Check Performed event at 06:41:24
LOG0000474,Compliance Verified,2024-08-16 13:36:43,Compliance Verified event at 13:36:43
LOG0000475,Transaction Created,2024-05-30 11:38:00,Transaction Created event at 11:38:00
LOG0000476,Compliance Verified,2025-06-22 08:47:55,
LOG0000477,Payment Processed,2025-02-02 15:51:53,Payment Processed event at 15:51:53
LOG0000478,Risk Check Performed,2025-07-24 00:48:48,Risk Check Performed event at 00:48:48
LOG0000479,Transaction Rejected,2024-07-10 12:05:15,
LOG0000480,Compliance Verified,2024-01-09 01:56:01,
LOG0000481,Risk Check Performed,2024-09-19 13:59:41,Risk Check Performed event at 13:59:41
LOG0000482,Risk Check Performed,2024-08-05 01:15:39,
LOG0000483,Transaction Approved,2025-03-02 23:31:16,
LOG0000484,Transaction Rejected,2024-11-29 14:39:21,
LOG0000485,Transaction Created,2025-09-08 10:17:20,Transaction Created event at 10:17:20
LOG0000486,Transaction Approved,2025-07-02 15:31:00,
LOG0000487,Transaction Created,2025-11-26 18:17:11,
LOG0000488,Compliance Verified,2024-10-04 20:05:15,Compliance Verified event at 20:05:15
LOG0000489,Risk Check Performed,2025-10-21 20:56:00,Risk Check Performed event at 20:56:00
LOG0000490,Payment Processed,2024-06-20 08:06:30,Payment Processed event at 08:06:30
LOG0000491,Transaction Created,2024-02-09 00:50:03,
LOG0000492,Risk Check Performed,2025-06-23 23:56:23,Risk Check Performed event at 23:56:23
LOG0000493,Transaction Created,2025-08-24 23:53:56,Transaction Created event at 23:53:56
LOG0000494,Transaction Approved,2025-06-29 15:57:23,Transaction Approved event at 15:57:23
LOG0000495,Transaction Rejected,2024-03-21 11:54:06,
LOG0000496,Compliance Verified,2025-01-27 09:50:10,
LOG0000497,Payment Processed,2025-10-04 22:12:40,Payment Processed event at 22:12:40
LOG0000498,Risk Check Performed,2024-02-08 13:22:00,Risk Check Performed event at 13:22:00
LOG0000499,Risk Check Performed,2025-06-08 19:54:02,Risk Check Performed event at 19:54:02
LOG0000500,Transaction Created,2025-05-02 00:33:17,Transaction Created event at 00:33:17
LOG0000501,Payment Processed,2024-09-24 19:17:00,
LOG0000502,Transaction Created,2024-06-11 02:36:51,
LOG0000503,Transaction Approved,2025-01-06 14:29:50,
LOG0000504,Transaction Created,2025-09-26 04:06:43,
LOG0000505,Risk Check Performed,2025-07-21 14:34:03,
LOG0000506,Compliance Verified,2024-08-25 04:56:45,
LOG0000507,Transaction Approved,2025-11-07 16:28:50,Transaction Approved event at 16:28:50
LOG0000508,Risk Check Performed,2024-12-12 18:04:51,Risk Check Performed event at 18:04:51
LOG0000509,Transaction Rejected,2025-05-07 06:52:09,Transaction Rejected event at 06:52:09
LOG0000510,Risk Check Performed,2024-10-12 18:44:20,Risk Check Performed event at 18:44:20
LOG0000511,Transaction Approved,2024-02-07 23:27:16,Transaction Approved event at 23:27:16
LOG0000512,Transaction Created,2025-06-28 21:28:48,Transaction Created event at 21:28:48
LOG0000513,Risk Check Performed,2024-02-22 03:24:24,
LOG0000514,Transaction Rejected,2024-10-26 12:58:10,Transaction Rejected event at 12:58:10
LOG0000515,Transaction Created,2024-10-26 11:52:21,Transaction Created event at 11:52:21
LOG0000516,Transaction Created,2025-06-14 01:13:44,Transaction Created event at 01:13:44
LOG0000517,Transaction Approved,2024-01-04 12:03:38,Transaction Approved event at 12:03:38
LOG0000518,Transaction Rejected,2024-04-08 14:34:45,
LOG0000519,Risk Check Performed,2024-06-18 14:32:38,Risk Check Performed event at 14:32:38
LOG0000520,Compliance Verified,2025-06-21 03:42:50,Compliance Verified event at 03:42:50
LOG0000521,Compliance Verified,2025-05-01 02:01:45,Compliance Verified event at 02:01:45
LOG0000522,Risk Check Performed,2024-04-21 04:57:50,Risk Check Performed event at 04:57:50
LOG0000523,Transaction Created,2025-04-14 21:50:34,Transaction Created event at 21:50:34
LOG0000524,Transaction Created,2024-09-24 19:58:43,
LOG0000525,Compliance Verified,2025-04-09 17:43:16,Compliance Verified event at 17:43:16
LOG0000526,Risk Check Performed,2024-08-26 08:34:00,Risk Check Performed event at 08:34:00
LOG0000527,Payment Processed,2024-10-31 12:24:21,
LOG0000528,Risk Check Performed,2024-02-29 14:49:22,Risk Check Performed event at 14:49:22
LOG0000529,Risk Check Performed,2025-10-22 19:32:47,Risk Check Performed event at 19:32:47
LOG0000530,Risk Check Performed,2025-07-25 13:06:54,
LOG0000531,Compliance Verified,2025-07-09 07:08:05,
LOG0000532,Transaction Created,2024-05-14 05:12:58,Transaction Created event at 05:12:58
LOG0000533,Transaction Created,2025-11-24 02:28:03,Transaction Created event at 02:28:03
LOG0000534,Risk Check Performed,2025-10-31 18:45:46,
LOG0000535,Risk Check Performed,2025-08-12 06:55:13,Risk Check Performed event at 06:55:13
LOG0000536,Transaction Created,2025-04-29 20:12:35,
LOG0000537,Risk Check Performed,2025-05-14 21:29:29,
LOG0000538,Risk Check Performed,2024-10-22 15:46:36,
LOG0000539,Risk Check Performed,2023-12-31 21:53:11,
LOG0000540,Risk Check Performed,2024-06-19 04:40:28,
LOG0000541,Risk Check Performed,2025-05-30 04:39:47,Risk Check Performed event at 04:39:47
LOG0000542,Risk Check Performed,2024-12-25 06:00:38,
LOG0000543,Transaction Rejected,2025-01-17 07:21:15,Transaction Rejected event at 07:21:15
LOG0000544,Transaction Rejected,2025-04-29 22:16:46,Transaction Rejected event at 22:16:46
LOG0000545,Transaction Created,2024-05-31 17:11:56,
LOG0000546,Risk Check Performed,2025-01-03 02:15:52,Risk Check Performed event at 02:15:52
LOG0000547,Transaction Rejected,2023-12-16 21:19:18,
LOG0000548,Transaction Rejected,2025-09-21 07:01:25,Transaction Rejected event at 07:01:25
LOG0000549,Compliance Verified,2023-12-28 01:40:11,Compliance Verified event at 01:40:11
LOG0000550,Transaction Approved,2025-01-25 01:18:29,
LOG0000551,Compliance Verified,2025-07-17 17:47:55,Compliance Verified event at 17:47:55
LOG0000552,Risk Check Performed,2024-10-21 01:37:36,Risk Check Performed event at 01:37:36
LOG0000553,Compliance Verified,2025-01-22 03:16:54,Compliance Verified event at 03:16:54
LOG0000554,Risk Check Performed,2025-08-09 16:33:38,Risk Check Performed event at 16:33:38
LOG0000555,Payment Processed,2024-08-26 10:58:44,Payment Processed event at 10:58:44
LOG0000556,Compliance Verified,2025-09-06 13:08:50,
LOG0000557,Compliance Verified,2023-12-23 12:12:27,
LOG0000558,Transaction Approved,2024-04-24 07:01:58,Transaction Approved event at 07:01:58
LOG0000559,Transaction Rejected,2025-07-31 10:35:49,Transaction Rejected event at 10:35:49
LOG0000560,Compliance Verified,2024-02-26 21:51:09,Compliance Verified event at 21:51:09
LOG0000561,Compliance Verified,2024-08-24 05:43:16,Compliance Verified event at 05:43:16
LOG0000562,Risk Check Performed,2025-06-29 17:12:40,
LOG0000563,Transaction Rejected,2025-05-01 23:46:49,
LOG0000564,Risk Check Performed,2024-11-10 14:22:21,Risk Check Performed event at 14:22:21
LOG0000565,Compliance Verified,2024-01-03 23:42:08,Compliance Verified event at 23:42:08
LOG0000566,Risk Check Performed,2025-07-26 10:16:38,Risk Check Performed event at 10:16:38
LOG0000567,Transaction Approved,2024-04-01 19:50:18,
LOG0000568,Transaction Created,2025-03-17 09:23:43,
LOG0000569,Compliance Verified,2024-10-06 20:32:47,Compliance Verified event at 20:32:47
LOG0000570,Transaction Approved,2024-11-20 02:56:58,Transaction Approved event at 02:56:58
LOG0000571,Transaction Approved,2024-03-19 01:16:44,Transaction Approved event at 01:16:44
LOG0000572,Transaction Created,2025-05-01 19:58:34,Transaction Created event at 19:58:34
LOG0000573,Risk Check Performed,2024-03-26 16:07:18,Risk Check Performed event at 16:07:18
LOG0000574,Transaction Approved,2025-08-02 01:53:35,Transaction Approved event at 01:53:35
LOG0000575,Transaction Created,2024-05-04 19:30:26,
LOG0000576,Risk Check Performed,2024-11-06 15:15:51,Risk Check Performed event at 15:15:51
LOG0000577,Transaction Rejected,2025-07-03 21:05:00,Transaction Rejected event at 21:05:00
LOG0000578,Risk Check Performed,2024-07-06 08:35:16,Risk Check Performed event at 08:35:16
LOG0000579,Risk Check Performed,2025-06-10 20:46:58,Risk Check Performed event at 20:46:58
LOG0000580,Risk Check Performed,2024-11-26 18:48:38,Risk Check Performed event at 18:48:38
LOG0000581,Transaction Rejected,2024-07-05 05:49:52,Transaction Rejected event at 05:49:52
LOG0000582,Transaction Created,2025-03-27 23:43:51,
LOG0000583,Transaction Created,2024-01-22 11:14:39,Transaction Created event at 11:14:39
LOG0000584,Transaction Created,2025-10-14 06:57:36,
LOG0000585,Risk Check Performed,2024-04-02 22:23:33,
LOG0000586,Compliance Verified,2025-06-21 15:31:34,Compliance Verified event at 15:31:34
LOG0000587,Compliance Verified,2024-12-11 12:30:16,Compliance Verified event at 12:30:16
LOG0000588,Transaction Created,2024-10-12 15:43:45,Transaction Created event at 15:43:45
LOG0000589,Risk Check Performed,2025-07-02 02:30:29,
LOG0000590,Compliance Verified,2024-10-21 12:37:31,
LOG0000591,Compliance Verified,2023-12-25 03:50:42,Compliance Verified event at 03:50:42
LOG0000592,Transaction Approved,2024-08-26 00:38:41,Transaction Approved event at 00:38:41
LOG0000593,Payment Processed,2024-03-14 07:33:58,Payment Processed event at 07:33:58
LOG0000594,Compliance Verified,2025-10-28 10:57:00,
LOG0000595,Transaction Approved,2024-02-19 03:32:31,
LOG0000596,Compliance Verified,2023-12-17 05:18:37,Compliance Verified event at 05:18:37
LOG0000597,Transaction Created,2024-03-04 11:36:13,Transaction Created event at 11:36:13
LOG0000598,Transaction Approved,2024-09-05 15:39:46,Transaction Approved event at 15:39:46
LOG0000599,Transaction Created,2025-06-11 12:42:51,
LOG0000600,Compliance Verified,2024-10-02 06:10:09,
LOG0000601,Transaction Rejected,2025-01-31 21:42:23,
LOG0000602,Risk Check Performed,2024-07-22 20:09:51,Risk Check Performed event at 20:09:51
LOG0000603,Transaction Created,2024-05-08 14:09:36,Transaction Created event at 14:09:36
LOG0000604,Compliance Verified,2023-12-26 04:01:00,Compliance Verified event at 04:01:00
LOG0000605,Risk Check Performed,2024-07-28 01:54:19,Risk Check Performed event at 01:54:19
LOG0000606,Payment Processed,2025-08-04 06:58:11,
LOG0000607,Transaction Approved,2025-07-03 10:22:11,Transaction Approved event at 10:22:11
LOG0000608,Transaction Rejected,2024-12-28 19:52:25,
LOG0000609,Transaction Approved,2024-08-03 19:27:05,Transaction Approved event at 19:27:05
LOG0000610,Risk Check Performed,2025-01-02 22:17:21,Risk Check Performed event at 22:17:21
LOG0000611,Transaction Created,2024-11-04 03:58:59,Transaction Created event at 03:58:59
LOG0000612,Transaction Created,2024-04-30 16:52:47,Transaction Created event at 16:52:47
LOG0000613,Transaction Rejected,2024-09-16 20:46:22,
LOG0000614,Risk Check Performed,2024-10-08 11:37:56,
LOG0000615,Transaction Approved,2025-01-29 18:36:51,Transaction Approved event at 18:36:51
LOG0000616,Transaction Created,2024-02-10 19:50:24,
LOG0000617,Transaction Approved,2025-01-22 13:03:30,Transaction Approved event at 13:03:30
LOG0000618,Transaction Rejected,2025-04-20 03:27:11,Transaction Rejected event at 03:27:11
LOG0000619,Transaction Approved,2025-11-14 20:10:44,Transaction Approved event at 20:10:44
LOG0000620,Transaction Created,2024-11-04 17:15:45,Transaction Created event at 17:15:45
LOG0000621,Transaction Created,2023-12-26 23:36:59,Transaction Created event at 23:36:59
LOG0000622,Risk Check Performed,2025-05-04 21:25:10,Risk Check Performed event at 21:25:10
LOG0000623,Transaction Rejected,2024-03-13 22:50:03,Transaction Rejected event at 22:50:03
LOG0000624,Transaction Approved,2024-10-06 23:06:45,Transaction Approved event at 23:06:45
LOG0000625,Transaction Approved,2025-09-21 23:53:20,Transaction Approved event at 23:53:20
LOG0000626,Compliance Verified,2024-02-23 19:07:34,Compliance Verified event at 19:07:34
LOG0000627,Risk Check Performed,2024-03-08 19:42:19,
LOG0000628,Payment Processed,2025-05-31 08:25:58,
LOG0000629,Risk Check Performed,2024-08-04 21:10:44,
LOG0000630,Transaction Approved,2025-04-25 12:15:00,Transaction Approved event at 12:15:00
LOG0000631,Risk Check Performed,2025-05-23 21:34:30,
LOG0000632,Transaction Created,2025-09-01 09:22:11,Transaction Created event at 09:22:11
LOG0000633,Risk Check Performed,2023-12-24 05:27:23,Risk Check Performed event at 05:27:23
LOG0000634,Risk Check Performed,2025-08-13 05:01:52,Risk Check Performed event at 05:01:52
LOG0000635,Transaction Created,2024-11-25 07:49:44,
LOG0000636,Payment Processed,2024-12-16 02:10:43,Payment Processed event at 02:10:43
LOG0000637,Payment Processed,2025-05-19 13:10:17,Payment Processed event at 13:10:17
LOG0000638,Payment Processed,2024-07-12 05:21:15,Payment Processed event at 05:21:15
LOG0000639,Payment Processed,2025-06-16 08:05:32,
LOG0000640,Transaction Created,2025-08-20 06:11:17,Transaction Created event at 06:11:17
LOG0000641,Transaction Rejected,2024-01-12 02:38:53,
LOG0000642,Compliance Verified,2025-08-12 01:43:09,
LOG0000643,Compliance Verified,2024-03-13 23:44:39,Compliance Verified event at 23:44:39
LOG0000644,Risk Check Performed,2024-07-08 03:58:17,Risk Check Performed event at 03:58:17
LOG0000645,Transaction Rejected,2024-11-08 02:42:59,Transaction Rejected event at 02:42:59
LOG0000646,Risk Check Performed,2024-02-12 14:23:47,Risk Check Performed event at 14:23:47
LOG0000647,Risk Check Performed,2024-02-21 19:26:13,
LOG0000648,Compliance Verified,2024-07-22 00:04:16,Compliance Verified event at 00:04:16
LOG0000649,Payment Processed,2025-05-04 13:01:42,Payment Processed event at 13:01:42
LOG0000650,Compliance Verified,2025-11-24 13:06:42,
LOG0000651,Transaction Approved,2024-02-17 03:35:53,Transaction Approved event at 03:35:53
LOG0000652,Payment Processed,2025-08-16 01:21:35,
LOG0000653,Payment Processed,2025-05-09 11:48:22,
LOG0000654,Transaction Rejected,2024-10-24 06:03:28,Transaction Rejected event at 06:03:28
LOG0000655,Compliance Verified,2024-01-02 04:42:49,
LOG0000656,Transaction Approved,2024-01-14 03:43:28,Transaction Approved event at 03:43:28
LOG0000657,Payment Processed,2024-11-17 22:00:54,Payment Processed event at 22:00:54
LOG0000658,Risk Check Performed,2024-12-08 07:45:01,
LOG0000659,Transaction Created,2025-09-01 06:07:02,
LOG0000660,Risk Check Performed,2024-07-30 07:43:51,
LOG0000661,Risk Check Performed,2024-06-02 22:18:24,Risk Check Performed event at 22:18:24
LOG0000662,Transaction Rejected,2024-12-11 23:23:34,Transaction Rejected event at 23:23:34
LOG0000663,Transaction Created,2024-05-30 22:30:44,Transaction Created event at 22:30:44
LOG0000664,Transaction Rejected,2024-03-08 22:58:42,Transaction Rejected event at 22:58:42
LOG0000665,Transaction Created,2024-02-19 20:17:35,Transaction Created event at 20:17:35
LOG0000666,Risk Check Performed,2023-12-31 17:21:19,Risk Check Performed event at 17:21:19
LOG0000667,Compliance Verified,2025-08-02 00:55:06,Compliance Verified event at 00:55:06
LOG0000668,Transaction Rejected,2024-09-08 18:07:37,
LOG0000669,Transaction Approved,2024-12-14 13:08:40,
LOG0000670,Transaction Created,2024-04-15 05:12:12,Transaction Created event at 05:12:12
LOG0000671,Compliance Verified,2024-10-26 08:29:21,Compliance Verified event at 08:29:21
LOG0000672,Transaction Approved,2024-02-21 02:16:06,Transaction Approved event at 02:16:06
LOG0000673,Compliance Verified,2025-04-05 12:10:05,Compliance Verified event at 12:10:05
LOG0000674,Transaction Created,2024-10-20 05:18:25,
LOG0000675,Transaction Created,2024-08-18 17:10:12,Transaction Created event at 17:10:12
LOG0000676,Transaction Created,2024-09-14 19:40:54,
LOG0000677,Transaction Created,2025-03-12 17:17:20,Transaction Created event at 17:17:20
LOG0000678,Risk Check Performed,2025-07-19 06:09:48,
LOG0000679,Payment Processed,2025-01-30 04:19:30,
LOG0000680,Compliance Verified,2024-04-23 11:36:54,
LOG0000681,Payment Processed,2024-04-12 22:59:54,
LOG0000682,Transaction Created,2025-08-10 21:22:10,Transaction Created event at 21:22:10
LOG0000683,Transaction Approved,2024-08-30 01:56:27,
LOG0000684,Transaction Created,2025-01-04 16:09:10,Transaction Created event at 16:09:10
LOG0000685,Transaction Created,2024-12-31 08:31:11,Transaction Created event at 08:31:11
LOG0000686,Risk Check Performed,2024-03-04 06:45:50,Risk Check Performed event at 06:45:50
LOG0000687,Transaction Approved,2025-09-20 18:00:29,Transaction Approved event at 18:00:29
LOG0000688,Transaction Approved,2024-07-21 10:27:08,Transaction Approved event at 10:27:08
LOG0000689,Transaction Approved,2025-06-04 20:11:04,
LOG0000690,Transaction Rejected,2025-04-10 18:43:07,Transaction Rejected event at 18:43:07
LOG0000691,Transaction Created,2025-10-31 04:46:36,Transaction Created event at 04:46:36
LOG0000692,Payment Processed,2024-11-09 16:00:59,
LOG0000693,Transaction Approved,2025-06-08 02:09:19,
LOG0000694,Risk Check Performed,2025-11-02 11:21:59,
LOG0000695,Risk Check Performed,2025-08-29 14:39:05,Risk Check Performed event at 14:39:05
LOG0000696,Transaction Created,2023-12-19 18:31:14,Transaction Created event at 18:31:14
LOG0000697,Compliance Verified,2025-09-06 04:47:46,
LOG0000698,Transaction Created,2025-05-27 00:21:41,
LOG0000699,Transaction Created,2024-11-07 17:06:10,
LOG0000700,Risk Check Performed,2025-01-17 23:29:40,
LOG0000701,Transaction Approved,2025-04-03 07:33:20,Transaction Approved event at 07:33:20
LOG0000702,Transaction Rejected,2024-11-23 09:22:24,
LOG0000703,Transaction Created,2024-07-23 16:38:54,Transaction Created event at 16:38:54
LOG0000704,Transaction Approved,2025-05-20 06:18:30,Transaction Approved event at 06:18:30
LOG0000705,Transaction Created,2025-07-02 13:13:44,
LOG0000706,Transaction Approved,2024-09-15 15:13:48,Transaction Approved event at 15:13:48
LOG0000707,Transaction Created,2024-05-24 15:25:19,
LOG0000708,Transaction Rejected,2025-06-29 16:30:15,Transaction Rejected event at 16:30:15
LOG0000709,Transaction Rejected,2025-03-07 21:58:49,Transaction Rejected event at 21:58:49
LOG0000710,Compliance Verified,2024-06-21 15:23:18,
LOG0000711,Transaction Approved,2024-07-10 15:48:44,
LOG0000712,Transaction Created,2023-12-12 11:10:55,Transaction Created event at 11:10:55
LOG0000713,Transaction Rejected,2025-07-14 04:14:20,Transaction Rejected event at 04:14:20
LOG0000714,Compliance Verified,2025-08-21 19:10:20,
LOG0000715,Transaction Rejected,2024-09-18 23:02:09,Transaction Rejected event at 23:02:09
LOG0000716,Transaction Approved,2025-10-23 05:16:28,Transaction Approved event at 05:16:28
LOG0000717,Risk Check Performed,2024-06-27 12:08:48,
LOG0000718,Compliance Verified,2024-08-11 09:15:38,Compliance Verified event at 09:15:38
LOG0000719,Risk Check Performed,2025-09-10 03:13:46,Risk Check Performed event at 03:13:46
LOG0000720,Risk Check Performed,2025-05-03 23:45:12,Risk Check Performed event at 23:45:12
LOG0000721,Transaction Approved,2023-12-13 21:11:26,Transaction Approved event at 21:11:26
LOG0000722,Transaction Approved,2024-12-20 06:23:51,Transaction Approved event at 06:23:51
LOG0000723,Compliance Verified,2024-05-16 04:24:42,Compliance Verified event at 04:24:42
LOG0000724,Risk Check Performed,2025-06-28 06:43:45,Risk Check Performed event at 06:43:45
LOG0000725,Compliance Verified,2025-07-15 09:00:56,Compliance Verified event at 09:00:56
LOG0000726,Transaction Created,2024-06-15 01:36:19,Transaction Created event at 01:36:19
LOG0000727,Compliance Verified,2024-06-29 01:21:40,Compliance Verified event at 01:21:40
LOG0000728,Compliance Verified,2025-08-09 18:12:56,
LOG0000729,Risk Check Performed,2025-09-13 08:25:26,Risk Check Performed event at 08:25:26
LOG0000730,Transaction Approved,2024-02-22 12:37:13,
LOG0000731,Compliance Verified,2024-05-11 01:21:44,
LOG0000732,Payment Processed,2024-04-15 04:15:40,Payment Processed event at 04:15:40
LOG0000733,Transaction Rejected,2024-03-29 17:42:21,
LOG0000734,Compliance Verified,2024-10-13 22:39:07,Compliance Verified event at 22:39:07
LOG0000735,Transaction Approved,2024-07-05 11:14:20,Transaction Approved event at 11:14:20
LOG0000736,Transaction Approved,2024-08-09 15:14:01,Transaction Approved event at 15:14:01
LOG0000737,Transaction Rejected,2025-01-01 17:27:33,
LOG0000738,Compliance Verified,2024-11-29 11:55:24,
LOG0000739,Transaction Rejected,2025-01-11 17:03:40,
LOG0000740,Transaction Created,2024-03-13 16:51:49,Transaction Created event at 16:51:49
LOG0000741,Transaction Created,2024-11-11 08:15:06,Transaction Created event at 08:15:06
LOG0000742,Transaction Approved,2025-02-01 22:46:45,Transaction Approved event at 22:46:45
LOG0000743,Payment Processed,2025-04-22 12:03:33,Payment Processed event at 12:03:33
LOG0000744,Transaction Created,2025-12-03 00:29:00,Transaction Created event at 00:29:00
LOG0000745,Risk Check Performed,2025-06-21 13:35:47,
LOG0000746,Compliance Verified,2024-07-19 08:36:43,
LOG0000747,Risk Check Performed,2024-11-13 00:05:41,Risk Check Performed event at 00:05:41
LOG0000748,Risk Check Performed,2025-10-14 00:56:38,
LOG0000749,Risk Check Performed,2025-06-19 15:02:00,Risk Check Performed event at 15:02:00
LOG0000750,Transaction Created,2024-11-04 21:16:49,
LOG0000751,Risk Check Performed,2025-07-22 21:30:30,Risk Check Performed event at 21:30:30
LOG0000752,Payment Processed,2025-05-08 06:28:44,Payment Processed event at 06:28:44
LOG0000753,Payment Processed,2025-11-01 23:50:31,Payment Processed event at 23:50:31
LOG0000754,Transaction Created,2024-07-24 04:28:56,Transaction Created event at 04:28:56
LOG0000755,Transaction Approved,2025-01-17 22:54:51,Transaction Approved event at 22:54:51
LOG0000756,Transaction Rejected,2025-07-06 20:44:32,Transaction Rejected event at 20:44:32
LOG0000757,Transaction Approved,2024-09-04 16:48:05,
LOG0000758,Risk Check Performed,2024-03-19 16:27:13,
LOG0000759,Risk Check Performed,2023-12-19 06:35:04,
LOG0000760,Transaction Created,2025-11-28 17:28:56,Transaction Created event at 17:28:56
LOG0000761,Payment Processed,2023-12-12 09:35:10,Payment Processed event at 09:35:10
LOG0000762,Transaction Approved,2024-10-20 23:36:20,
LOG0000763,Risk Check Performed,2023-12-16 18:10:02,
LOG0000764,Transaction Approved,2024-12-08 15:10:31,Transaction Approved event at 15:10:31
LOG0000765,Transaction Rejected,2024-05-19 01:25:24,Transaction Rejected event at 01:25:24
LOG0000766,Risk Check Performed,2024-11-24 02:31:03,
LOG0000767,Transaction Approved,2025-04-20 02:55:46,Transaction Approved event at 02:55:46
LOG0000768,Risk Check Performed,2024-10-19 14:51:50,Risk Check Performed event at 14:51:50
LOG0000769,Risk Check Performed,2025-10-26 12:59:33,
LOG0000770,Compliance Verified,2024-06-14 20:44:41,Compliance Verified event at 20:44:41
LOG0000771,Transaction Created,2025-06-21 16:30:12,Transaction Created event at 16:30:12
LOG0000772,Compliance Verified,2025-11-11 02:44:37,Compliance Verified event at 02:44:37
LOG0000773,Transaction Created,2025-08-09 07:41:05,Transaction Created event at 07:41:05
LOG0000774,Risk Check Performed,2025-01-25 15:06:27,Risk Check Performed event at 15:06:27
LOG0000775,Compliance Verified,2025-08-25 16:58:54,Compliance Verified event at 16:58:54
LOG0000776,Transaction Approved,2025-05-12 07:54:56,
LOG0000777,Compliance Verified,2024-06-21 11:00:49,Compliance Verified event at 11:00:49
LOG0000778,Transaction Approved,2025-11-28 18:45:37,Transaction Approved event at 18:45:37
LOG0000779,Compliance Verified,2025-07-28 10:41:54,
LOG0000780,Transaction Created,2024-04-27 05:41:05,Transaction Created event at 05:41:05
LOG0000781,Compliance Verified,2025-08-10 02:07:35,Compliance Verified event at 02:07:35
LOG0000782,Transaction Approved,2025-10-15 01:36:32,Transaction Approved event at 01:36:32
LOG0000783,Transaction Approved,2025-03-02 13:00:02,
LOG0000784,Transaction Rejected,2024-02-26 01:38:07,Transaction Rejected event at 01:38:07
LOG0000785,Transaction Rejected,2025-03-09 19:47:43,
LOG0000786,Compliance Verified,2024-08-29 00:27:40,Compliance Verified event at 00:27:40
LOG0000787,Risk Check Performed,2024-02-22 01:24:46,Risk Check Performed event at 01:24:46
LOG0000788,Risk Check Performed,2024-01-05 09:05:32,
LOG0000789,Compliance Verified,2024-03-26 10:53:38,
LOG0000790,Transaction Created,2024-08-16 10:36:23,Transaction Created event at 10:36:23
LOG0000791,Risk Check Performed,2025-08-22 02:59:02,Risk Check Performed event at 02:59:02
LOG0000792,Compliance Verified,2024-02-20 18:20:49,
LOG0000793,Risk Check Performed,2024-10-30 12:52:16,Risk Check Performed event at 12:52:16
LOG0000794,Compliance Verified,2024-10-22 22:43:59,
LOG0000795,Compliance Verified,2025-11-15 14:34:05,Compliance Verified event at 14:34:05
LOG0000796,Payment Processed,2025-02-07 23:37:15,
LOG0000797,Risk Check Performed,2025-07-16 22:45:48,Risk Check Performed event at 22:45:48
LOG0000798,Transaction Rejected,2024-04-30 14:41:58,
LOG0000799,Compliance Verified,2024-11-30 21:43:35,Compliance Verified event at 21:43:35
LOG0000800,Transaction Approved,2024-01-16 04:10:37,Transaction Approved event at 04:10:37
LOG0000801,Compliance Verified,2024-01-13 11:24:15,Compliance Verified event at 11:24:15
LOG0000802,Risk Check Performed,2025-01-25 07:41:20,Risk Check Performed event at 07:41:20
LOG0000803,Risk Check Performed,2024-05-25 02:29:15,Risk Check Performed event at 02:29:15
LOG0000804,Compliance Verified,2024-10-27 12:40:43,Compliance Verified event at 12:40:43
LOG0000805,Transaction Created,2024-09-25 03:39:12,
LOG0000806,Transaction Approved,2025-02-25 14:59:36,Transaction Approved event at 14:59:36
LOG0000807,Payment Processed,2024-07-04 10:39:08,Payment Processed event at 10:39:08
LOG0000808,Payment Processed,2024-05-03 00:37:26,
LOG0000809,Risk Check Performed,2025-08-15 23:29:30,Risk Check Performed event at 23:29:30
LOG0000810,Transaction Approved,2024-09-21 05:48:03,Transaction Approved event at 05:48:03
LOG0000811,Transaction Approved,2025-10-21 01:34:12,Transaction Approved event at 01:34:12
LOG0000812,Transaction Created,2024-01-10 16:55:44,
LOG0000813,Transaction Created,2025-01-29 23:03:39,Transaction Created event at 23:03:39
LOG0000814,Risk Check Performed,2025-08-04 00:49:59,
LOG0000815,Transaction Created,2025-02-16 19:20:56,
LOG0000816,Transaction Created,2024-10-21 08:35:09,Transaction Created event at 08:35:09
LOG0000817,Risk Check Performed,2025-09-18 10:19:18,Risk Check Performed event at 10:19:18
LOG0000818,Transaction Approved,2025-03-15 10:05:28,Transaction Approved event at 10:05:28
LOG0000819,Transaction Approved,2024-05-06 08:26:57,Transaction Approved event at 08:26:57
LOG0000820,Compliance Verified,2025-01-09 11:38:17,Compliance Verified event at 11:38:17
LOG0000821,Payment Processed,2025-07-02 23:17:12,Payment Processed event at 23:17:12
LOG0000822,Compliance Verified,2025-01-29 06:38:45,
LOG0000823,Payment Processed,2024-10-19 10:37:37,
LOG0000824,Risk Check Performed,2025-05-17 16:50:17,
LOG0000825,Transaction Rejected,2024-11-17 21:57:55,Transaction Rejected event at 21:57:55
LOG0000826,Transaction Approved,2023-12-23 04:17:04,Transaction Approved event at 04:17:04
LOG0000827,Transaction Rejected,2024-11-23 15:16:15,Transaction Rejected event at 15:16:15
LOG0000828,Payment Processed,2024-06-20 19:20:38,
LOG0000829,Risk Check Performed,2024-04-17 04:09:08,Risk Check Performed event at 04:09:08
LOG0000830,Payment Processed,2024-10-27 18:31:45,Payment Processed event at 18:31:45
LOG0000831,Compliance Verified,2024-03-29 12:53:01,Compliance Verified event at 12:53:01
LOG0000832,Transaction Rejected,2025-06-14 14:30:24,Transaction Rejected event at 14:30:24
LOG0000833,Transaction Approved,2025-08-07 18:03:45,
LOG0000834,Risk Check Performed,2024-04-05 18:55:48,Risk Check Performed event at 18:55:48
LOG0000835,Compliance Verified,2024-12-08 23:03:00,Compliance Verified event at 23:03:00
LOG0000836,Transaction Created,2025-10-07 14:08:27,Transaction Created event at 14:08:27
LOG0000837,Compliance Verified,2025-10-11 07:33:40,Compliance Verified event at 07:33:40
LOG0000838,Compliance Verified,2024-10-10 19:19:32,
LOG0000839,Compliance Verified,2025-03-10 12:03:00,Compliance Verified event at 12:03:00
LOG0000840,Transaction Approved,2024-12-14 05:50:30,
LOG0000841,Transaction Rejected,2023-12-22 11:00:20,Transaction Rejected event at 11:00:20
LOG0000842,Transaction Created,2025-06-27 18:38:38,
LOG0000843,Transaction Rejected,2025-11-23 08:12:45,Transaction Rejected event at 08:12:45
LOG0000844,Transaction Rejected,2024-09-09 02:08:30,
LOG0000845,Transaction Approved,2024-09-14 21:21:40,Transaction Approved event at 21:21:40
LOG0000846,Transaction Approved,2024-06-11 04:02:47,
LOG0000847,Risk Check Performed,2024-06-02 11:25:57,Risk Check Performed event at 11:25:57
LOG0000848,Transaction Created,2024-03-23 02:38:50,Transaction Created event at 02:38:50
LOG0000849,Transaction Approved,2024-01-31 23:21:41,Transaction Approved event at 23:21:41
LOG0000850,Transaction Approved,2024-11-08 09:36:01,Transaction Approved event at 09:36:01
LOG0000851,Transaction Rejected,2025-08-21 16:50:31,Transaction Rejected event at 16:50:31
LOG0000852,Risk Check Performed,2024-02-17 05:50:43,Risk Check Performed event at 05:50:43
LOG0000853,Transaction Created,2025-06-13 20:48:09,Transaction Created event at 20:48:09
LOG0000854,Compliance Verified,2025-02-18 03:37:45,
LOG0000855,Transaction Rejected,2024-11-09 03:00:36,
LOG0000856,Payment Processed,2025-10-27 23:13:55,Payment Processed event at 23:13:55
LOG0000857,Compliance Verified,2023-12-26 17:49:20,
LOG0000858,Compliance Verified,2025-02-28 06:36:45,
LOG0000859,Transaction Rejected,2025-09-28 11:27:10,Transaction Rejected event at 11:27:10
LOG0000860,Compliance Verified,2024-12-08 01:25:03,Compliance Verified event at 01:25:03
LOG0000861,Compliance Verified,2025-11-04 16:38:05,
LOG0000862,Transaction Created,2024-09-08 04:50:41,Transaction Created event at 04:50:41
LOG0000863,Transaction Created,2025-03-24 04:24:04,
LOG0000864,Transaction Approved,2024-10-15 16:50:20,
LOG0000865,Transaction Rejected,2024-03-09 19:15:52,
LOG0000866,Compliance Verified,2025-08-13 07:55:32,
LOG0000867,Risk Check Performed,2025-06-14 19:41:32,
LOG0000868,Payment Processed,2024-09-18 22:25:06,
LOG0000869,Transaction Approved,2024-09-20 03:48:38,Transaction Approved event at 03:48:38
LOG0000870,Transaction Approved,2024-09-28 04:00:31,
LOG0000871,Risk Check Performed,2025-04-21 21:41:40,Risk Check Performed event at 21:41:40
LOG0000872,Payment Processed,2025-09-22 21:11:58,
LOG0000873,Transaction Created,2024-10-30 07:38:34,Transaction Created event at 07:38:34
LOG0000874,Transaction Rejected,2025-04-01 08:15:24,Transaction Rejected event at 08:15:24
LOG0000875,Risk Check Performed,2024-05-01 06:56:47,Risk Check Performed event at 06:56:47
LOG0000876,Risk Check Performed,2024-02-12 05:23:12,Risk Check Performed event at 05:23:12
LOG0000877,Compliance Verified,2025-11-30 23:26:04,
LOG0000878,Payment Processed,2025-09-28 19:00:33,
LOG0000879,Risk Check Performed,2025-05-20 15:10:42,
LOG0000880,Transaction Created,2025-03-13 22:38:14,
LOG0000881,Transaction Approved,2025-03-01 08:13:30,Transaction Approved event at 08:13:30
LOG0000882,Compliance Verified,2024-11-13 23:53:44,Compliance Verified event at 23:53:44
LOG0000883,Risk Check Performed,2025-05-25 21:36:07,
LOG0000884,Transaction Created,2025-06-28 10:41:53,Transaction Created event at 10:41:53
LOG0000885,Compliance Verified,2025-01-30 14:22:38,
LOG0000886,Payment Processed,2024-04-22 09:19:12,Payment Processed event at 09:19:12
LOG0000887,Risk Check Performed,2024-12-03 03:44:45,Risk Check Performed event at 03:44:45
LOG0000888,Compliance Verified,2025-01-25 03:32:28,
LOG0000889,Payment Processed,2025-05-09 21:19:37,Payment Processed event at 21:19:37
LOG0000890,Risk Check Performed,2024-05-24 09:11:26,Risk Check Performed event at 09:11:26
LOG0000891,Transaction Approved,2025-01-30 07:54:34,
LOG0000892,Transaction Approved,2025-01-24 12:20:57,Transaction Approved event at 12:20:57
LOG0000893,Transaction Approved,2025-04-30 09:14:15,Transaction Approved event at 09:14:15
LOG0000894,Transaction Approved,2023-12-27 11:23:25,Transaction Approved event at 11:23:25
LOG0000895,Transaction Rejected,2025-06-03 13:50:19,Transaction Rejected event at 13:50:19
LOG0000896,Risk Check Performed,2025-07-06 23:23:02,
LOG0000897,Transaction Created,2024-08-11 04:22:57,
LOG0000898,Compliance Verified,2025-02-09 01:43:28,Compliance Verified event at 01:43:28
LOG0000899,Transaction Approved,2024-06-24 07:44:39,
LOG0000900,Payment Processed,2024-08-23 00:08:04,Payment Processed event at 00:08:04
LOG0000901,Risk Check Performed,2025-05-04 22:31:13,Risk Check Performed event at 22:31:13
LOG0000902,Transaction Rejected,2024-02-04 17:58:41,Transaction Rejected event at 17:58:41
LOG0000903,Risk Check Performed,2025-06-23 19:43:32,
LOG0000904,Transaction Approved,2024-06-21 12:54:12,Transaction Approved event at 12:54:12
LOG0000905,Transaction Approved,2025-04-21 09:02:29,Transaction Approved event at 09:02:29
LOG0000906,Transaction Rejected,2024-09-06 12:20:08,Transaction Rejected event at 12:20:08
LOG0000907,Transaction Created,2024-04-22 09:23:53,Transaction Created event at 09:23:53
LOG0000908,Transaction Created,2024-08-17 05:50:15,
LOG0000909,Risk Check Performed,2024-08-25 01:52:49,Risk Check Performed event at 01:52:49
LOG0000910,Transaction Created,2024-12-16 04:49:31,Transaction Created event at 04:49:31
LOG0000911,Payment Processed,2024-03-28 11:35:28,Payment Processed event at 11:35:28
LOG0000912,Risk Check Performed,2025-07-09 10:03:53,Risk Check Performed event at 10:03:53
LOG0000913,Payment Processed,2025-11-10 12:53:49,Payment Processed event at 12:53:49
LOG0000914,Payment Processed,2024-12-18 10:34:16,Payment Processed event at 10:34:16
LOG0000915,Risk Check Performed,2025-05-28 22:19:28,Risk Check Performed event at 22:19:28
LOG0000916,Transaction Created,2024-05-20 21:10:34,Transaction Created event at 21:10:34
LOG0000917,Compliance Verified,2025-10-10 00:26:17,
LOG0000918,Transaction Approved,2024-07-12 16:43:15,
LOG0000919,Transaction Created,2025-05-31 20:35:29,Transaction Created event at 20:35:29
LOG0000920,Risk Check Performed,2025-05-01 07:15:33,
LOG0000921,Transaction Created,2024-04-02 13:54:29,
LOG0000922,Risk Check Performed,2024-02-24 08:44:44,
LOG0000923,Payment Processed,2025-02-22 11:39:46,Payment Processed event at 11:39:46
LOG0000924,Transaction Approved,2025-07-11 23:20:39,
LOG0000925,Transaction Approved,2023-12-27 11:32:57,Transaction Approved event at 11:32:57
LOG0000926,Compliance Verified,2024-08-15 12:46:22,
LOG0000927,Compliance Verified,2025-01-26 10:29:02,
LOG0000928,Transaction Created,2024-06-22 08:01:25,Transaction Created event at 08:01:25
LOG0000929,Transaction Created,2024-03-11 22:56:28,
LOG0000930,Risk Check Performed,2025-06-05 12:01:50,
LOG0000931,Transaction Approved,2024-07-24 06:06:02,Transaction Approved event at 06:06:02
LOG0000932,Compliance Verified,2024-02-29 04:30:58,Compliance Verified event at 04:30:58
LOG0000933,Payment Processed,2025-06-08 04:07:51,Payment Processed event at 04:07:51
LOG0000934,Transaction Created,2025-03-06 15:22:44,
LOG0000935,Compliance Verified,2025-08-18 02:33:00,
LOG0000936,Transaction Rejected,2025-10-02 10:25:12,
LOG0000937,Transaction Approved,2023-12-24 02:52:01,Transaction Approved event at 02:52:01
LOG0000938,Transaction Approved,2024-01-11 07:16:48,Transaction Approved event at 07:16:48
LOG0000939,Compliance Verified,2025-08-07 04:32:24,
LOG0000940,Compliance Verified,2025-11-14 16:51:12,Compliance Verified event at 16:51:12
LOG0000941,Transaction Created,2024-10-20 17:33:56,Transaction Created event at 17:33:56
LOG0000942,Transaction Created,2025-08-15 01:05:23,
LOG0000943,Transaction Created,2024-01-16 20:15:18,Transaction Created event at 20:15:18
LOG0000944,Transaction Approved,2024-02-10 15:50:57,
LOG0000945,Risk Check Performed,2024-12-11 23:44:21,
LOG0000946,Transaction Created,2025-11-07 01:02:54,Transaction Created event at 01:02:54
LOG0000947,Compliance Verified,2024-10-23 19:36:19,
LOG0000948,Risk Check Performed,2025-04-30 06:21:22,
LOG0000949,Transaction Rejected,2025-09-27 15:17:55,Transaction Rejected event at 15:17:55
LOG0000950,Risk Check Performed,2024-12-25 15:14:51,Risk Check Performed event at 15:14:51
LOG0000951,Transaction Approved,2025-04-16 08:23:00,Transaction Approved event at 08:23:00
LOG0000952,Payment Processed,2025-09-05 22:30:56,Payment Processed event at 22:30:56
LOG0000953,Compliance Verified,2025-08-16 18:15:19,Compliance Verified event at 18:15:19
LOG0000954,Transaction Approved,2024-07-16 13:59:17,
LOG0000955,Payment Processed,2024-11-06 11:44:26,Payment Processed event at 11:44:26
LOG0000956,Transaction Created,2025-08-24 15:44:41,Transaction Created event at 15:44:41
LOG0000957,Transaction Approved,2024-03-12 15:03:27,
LOG0000958,Compliance Verified,2024-06-29 05:48:02,Compliance Verified event at 05:48:02
LOG0000959,Transaction Created,2024-08-02 17:12:25,Transaction Created event at 17:12:25
LOG0000960,Transaction Rejected,2024-10-15 17:45:17,Transaction Rejected event at 17:45:17
LOG0000961,Transaction Rejected,2025-05-02 02:41:00,Transaction Rejected event at 02:41:00
LOG0000962,Transaction Approved,2025-01-30 10:14:58,Transaction Approved event at 10:14:58
LOG0000963,Risk Check Performed,2025-08-30 07:17:38,
LOG0000964,Risk Check Performed,2025-10-27 22:03:43,Risk Check Performed event at 22:03:43
LOG0000965,Compliance Verified,2024-07-24 01:55:02,Compliance Verified event at 01:55:02
LOG0000966,Compliance Verified,2025-04-28 11:35:56,Compliance Verified event at 11:35:56
LOG0000967,Transaction Approved,2025-09-09 21:39:24,Transaction Approved event at 21:39:24
LOG0000968,Risk Check Performed,2025-04-10 02:34:50,Risk Check Performed event at 02:34:50
LOG0000969,Payment Processed,2024-06-03 01:35:16,Payment Processed event at 01:35:16
LOG0000970,Transaction Created,2025-04-27 10:26:01,Transaction Created event at 10:26:01
LOG0000971,Risk Check Performed,2025-07-13 21:31:26,Risk Check Performed event at 21:31:26
LOG0000972,Payment Processed,2025-03-28 20:16:27,
LOG0000973,Risk Check Performed,2025-02-07 20:05:50,
LOG0000974,Risk Check Performed,2023-12-09 17:46:10,Risk Check Performed event at 17:46:10
LOG0000975,Risk Check Performed,2024-08-13 10:22:11,Risk Check Performed event at 10:22:11
LOG0000976,Transaction Approved,2025-05-19 21:28:47,
LOG0000977,Compliance Verified,2024-07-07 00:08:52,Compliance Verified event at 00:08:52
LOG0000978,Compliance Verified,2025-04-13 18:10:47,Compliance Verified event at 18:10:47
LOG0000979,Transaction Created,2024-10-05 00:50:53,
LOG0000980,Transaction Created,2025-06-10 02:01:02,Transaction Created event at 02:01:02
LOG0000981,Transaction Approved,2024-12-12 13:56:23,
LOG0000982,Transaction Approved,2025-07-19 06:54:51,Transaction Approved event at 06:54:51
LOG0000983,Transaction Approved,2025-06-06 13:34:52,
LOG0000984,Transaction Approved,2024-05-28 05:39:54,Transaction Approved event at 05:39:54
LOG0000985,Transaction Approved,2025-03-20 12:57:12,
LOG0000986,Compliance Verified,2024-04-22 10:11:19,
LOG0000987,Transaction Created,2025-10-23 21:52:52,
LOG0000988,Transaction Rejected,2025-08-02 23:35:12,Transaction Rejected event at 23:35:12
LOG0000989,Risk Check Performed,2024-10-05 11:59:15,
LOG0000990,Transaction Approved,2024-11-10 05:43:07,
LOG0000991,Payment Processed,2025-09-09 05:50:33,
LOG0000992,Compliance Verified,2025-04-22 05:25:48,Compliance Verified event at 05:25:48
LOG0000993,Compliance Verified,2025-04-08 02:34:20,Compliance Verified event at 02:34:20
LOG0000994,Transaction Approved,2024-01-23 23:09:14,Transaction Approved event at 23:09:14
LOG0000995,Transaction Rejected,2024-10-07 03:09:16,
LOG0000996,Risk Check Performed,2024-10-13 03:52:24,Risk Check Performed event at 03:52:24
LOG0000997,Transaction Created,2023-12-25 10:26:46,Transaction Created event at 10:26:46
LOG0000998,Risk Check Performed,2024-03-29 01:16:02,Risk Check Performed event at 01:16:02
LOG0000999,Transaction Created,2024-01-10 23:09:26,Transaction Created event at 23:09:26
LOG0001000,Transaction Created,2025-01-24 04:59:35,Transaction Created event at 04:59:35
LOG0001001,Compliance Verified,2025-10-17 21:16:27,Compliance Verified event at 21:16:27
LOG0001002,Payment Processed,2024-05-07 19:37:27,Payment Processed event at 19:37:27
LOG0001003,Risk Check Performed,2025-10-17 23:22:12,Risk Check Performed event at 23:22:12
LOG0001004,Transaction Approved,2025-05-19 11:56:51,Transaction Approved event at 11:56:51
LOG0001005,Payment Processed,2025-07-09 11:24:47,
LOG0001006,Transaction Created,2024-06-16 20:28:51,Transaction Created event at 20:28:51
LOG0001007,Transaction Approved,2024-02-08 12:23:44,Transaction Approved event at 12:23:44
LOG0001008,Transaction Approved,2025-11-02 04:24:19,Transaction Approved event at 04:24:19
LOG0001009,Risk Check Performed,2025-07-07 23:12:19,
LOG0001010,Compliance Verified,2023-12-30 18:45:18,
LOG0001011,Risk Check Performed,2024-05-25 12:42:14,Risk Check Performed event at 12:42:14
LOG0001012,Transaction Rejected,2024-03-01 21:39:17,Transaction Rejected event at 21:39:17
LOG0001013,Transaction Approved,2024-03-02 03:23:36,Transaction Approved event at 03:23:36
LOG0001014,Risk Check Performed,2024-09-01 09:13:20,Risk Check Performed event at 09:13:20
LOG0001015,Compliance Verified,2025-10-03 18:31:19,
LOG0001016,Transaction Approved,2025-11-17 17:47:41,
LOG0001017,Transaction Created,2024-05-15 02:43:44,Transaction Created event at 02:43:44
LOG0001018,Compliance Verified,2023-12-04 21:18:45,Compliance Verified event at 21:18:45
LOG0001019,Compliance Verified,2025-02-28 02:05:36,
LOG0001020,Compliance Verified,2025-01-20 17:08:07,
LOG0001021,Transaction Created,2025-09-20 19:00:15,Transaction Created event at 19:00:15
LOG0001022,Transaction Created,2025-10-24 11:38:06,
LOG0001023,Compliance Verified,2025-05-01 21:19:49,Compliance Verified event at 21:19:49
LOG0001024,Transaction Created,2025-11-09 19:20:24,Transaction Created event at 19:20:24
LOG0001025,Payment Processed,2025-02-26 11:26:17,Payment Processed event at 11:26:17
LOG0001026,Risk Check Performed,2024-05-07 15:16:12,
LOG0001027,Transaction Created,2025-10-14 03:19:40,Transaction Created event at 03:19:40
LOG0001028,Transaction Created,2024-02-23 08:12:49,
LOG0001029,Transaction Rejected,2025-07-08 02:56:11,Transaction Rejected event at 02:56:11
LOG0001030,Compliance Verified,2025-06-28 10:12:29,Compliance Verified event at 10:12:29
LOG0001031,Transaction Created,2024-09-24 16:58:21,Transaction Created event at 16:58:21
LOG0001032,Transaction Rejected,2025-04-06 17:26:08,Transaction Rejected event at 17:26:08
LOG0001033,Compliance Verified,2024-08-14 15:25:09,Compliance Verified event at 15:25:09
LOG0001034,Transaction Rejected,2024-07-10 09:19:37,
LOG0001035,Payment Processed,2024-01-20 19:49:19,
LOG0001036,Risk Check Performed,2024-09-10 12:01:17,
LOG0001037,Compliance Verified,2025-11-09 20:20:53,
LOG0001038,Compliance Verified,2024-12-19 08:54:34,
LOG0001039,Compliance Verified,2025-04-08 13:26:02,
LOG0001040,Risk Check Performed,2024-09-27 19:54:44,
LOG0001041,Transaction Approved,2024-05-02 09:12:56,
LOG0001042,Compliance Verified,2025-04-27 11:54:31,Compliance Verified event at 11:54:31
LOG0001043,Transaction Created,2024-07-02 07:43:38,
LOG0001044,Payment Processed,2024-06-17 07:05:06,
LOG0001045,Transaction Rejected,2024-01-16 13:33:41,Transaction Rejected event at 13:33:41
LOG0001046,Transaction Rejected,2024-06-07 06:35:15,Transaction Rejected event at 06:35:15
LOG0001047,Transaction Approved,2024-05-03 10:10:31,Transaction Approved event at 10:10:31
LOG0001048,Risk Check Performed,2025-03-16 05:27:45,Risk Check Performed event at 05:27:45
LOG0001049,Risk Check Performed,2024-06-27 19:40:55,Risk Check Performed event at 19:40:55
LOG0001050,Transaction Approved,2023-12-22 15:32:39,Transaction Approved event at 15:32:39
LOG0001051,Transaction Approved,2025-10-28 17:18:44,Transaction Approved event at 17:18:44
LOG0001052,Compliance Verified,2025-11-24 18:17:00,
LOG0001053,Risk Check Performed,2025-08-14 18:20:14,Risk Check Performed event at 18:20:14
LOG0001054,Transaction Approved,2025-03-17 02:54:13,Transaction Approved event at 02:54:13
LOG0001055,Transaction Rejected,2024-09-30 08:53:14,Transaction Rejected event at 08:53:14
LOG0001056,Transaction Created,2025-08-08 07:37:36,Transaction Created event at 07:37:36
LOG0001057,Payment Processed,2024-10-31 08:57:49,Payment Processed event at 08:57:49
LOG0001058,Transaction Approved,2023-12-19 08:50:46,Transaction Approved event at 08:50:46
LOG0001059,Transaction Approved,2024-01-08 08:17:35,Transaction Approved event at 08:17:35
LOG0001060,Payment Processed,2024-10-29 11:39:05,
LOG0001061,Transaction Approved,2025-10-27 15:01:33,
LOG0001062,Transaction Approved,2024-10-14 17:18:09,
LOG0001063,Transaction Created,2024-09-27 05:18:32,Transaction Created event at 05:18:32
LOG0001064,Transaction Approved,2025-04-21 09:13:04,
LOG0001065,Transaction Rejected,2024-05-14 00:48:02,Transaction Rejected event at 00:48:02
LOG0001066,Transaction Rejected,2025-11-18 04:24:39,Transaction Rejected event at 04:24:39
LOG0001067,Transaction Created,2024-03-10 05:43:53,Transaction Created event at 05:43:53
LOG0001068,Risk Check Performed,2024-05-15 02:22:30,
LOG0001069,Transaction Rejected,2025-07-20 07:49:36,
LOG0001070,Payment Processed,2024-04-18 16:08:55,Payment Processed event at 16:08:55
LOG0001071,Transaction Approved,2025-11-18 01:06:23,Transaction Approved event at 01:06:23
LOG0001072,Risk Check Performed,2024-05-26 21:45:03,Risk Check Performed event at 21:45:03
LOG0001073,Transaction Approved,2024-03-22 13:35:40,Transaction Approved event at 13:35:40
LOG0001074,Risk Check Performed,2025-04-04 23:02:27,
LOG0001075,Transaction Approved,2024-11-28 20:00:38,
LOG0001076,Risk Check Performed,2024-02-06 01:37:19,Risk Check Performed event at 01:37:19
LOG0001077,Risk Check Performed,2024-12-12 00:54:46,Risk Check Performed event at 00:54:46
LOG0001078,Transaction Approved,2025-11-14 14:37:46,Transaction Approved event at 14:37:46
LOG0001079,Risk Check Performed,2024-10-08 23:17:22,Risk Check Performed event at 23:17:22
LOG0001080,Compliance Verified,2025-03-09 06:14:50,Compliance Verified event at 06:14:50
LOG0001081,Compliance Verified,2024-12-21 04:10:08,Compliance Verified event at 04:10:08
LOG0001082,Transaction Approved,2025-08-23 15:30:21,Transaction Approved event at 15:30:21
LOG0001083,Transaction Approved,2024-10-23 01:18:15,Transaction Approved event at 01:18:15
LOG0001084,Transaction Created,2025-05-16 13:27:32,Transaction Created event at 13:27:32
LOG0001085,Transaction Rejected,2025-01-20 10:46:18,Transaction Rejected event at 10:46:18
LOG0001086,Compliance Verified,2024-09-14 11:37:04,
LOG0001087,Transaction Created,2025-04-22 19:29:35,Transaction Created event at 19:29:35
LOG0001088,Transaction Approved,2025-01-19 23:31:45,Transaction Approved event at 23:31:45
LOG0001089,Transaction Approved,2024-11-25 12:31:28,
LOG0001090,Risk Check Performed,2025-02-09 23:34:35,Risk Check Performed event at 23:34:35
LOG0001091,Payment Processed,2023-12-18 04:25:12,Payment Processed event at 04:25:12
LOG0001092,Compliance Verified,2024-07-03 01:47:35,
LOG0001093,Transaction Created,2025-06-11 16:10:32,Transaction Created event at 16:10:32
LOG0001094,Transaction Approved,2024-03-08 05:56:13,
LOG0001095,Risk Check Performed,2024-07-14 04:52:02,Risk Check Performed event at 04:52:02
LOG0001096,Transaction Approved,2023-12-21 08:05:33,Transaction Approved event at 08:05:33
LOG0001097,Transaction Approved,2024-03-17 09:33:29,
LOG0001098,Transaction Created,2024-08-06 09:44:14,Transaction Created event at 09:44:14
LOG0001099,Transaction Approved,2024-03-24 10:45:57,Transaction Approved event at 10:45:57
LOG0001100,Transaction Rejected,2024-04-07 16:49:04,Transaction Rejected event at 16:49:04
LOG0001101,Transaction Rejected,2025-07-15 04:59:45,Transaction Rejected event at 04:59:45
LOG0001102,Transaction Rejected,2023-12-26 00:14:16,
LOG0001103,Transaction Approved,2024-01-25 23:53:45,Transaction Approved event at 23:53:45
LOG0001104,Transaction Created,2024-11-20 14:58:25,
LOG0001105,Transaction Rejected,2025-05-30 04:03:52,
LOG0001106,Transaction Approved,2025-04-12 03:09:32,
LOG0001107,Transaction Approved,2024-01-18 14:53:19,
LOG0001108,Compliance Verified,2024-12-28 02:06:50,Compliance Verified event at 02:06:50
LOG0001109,Compliance Verified,2025-03-15 18:33:05,
LOG0001110,Compliance Verified,2025-02-07 22:44:39,Compliance Verified event at 22:44:39
LOG0001111,Payment Processed,2025-02-26 22:54:08,
LOG0001112,Transaction Created,2025-11-07 17:19:02,
LOG0001113,Transaction Approved,2025-10-08 02:26:26,
LOG0001114,Transaction Approved,2024-06-11 04:30:55,
LOG0001115,Transaction Created,2024-07-02 12:16:42,Transaction Created event at 12:16:42
LOG0001116,Risk Check Performed,2025-02-24 23:00:54,
LOG0001117,Transaction Approved,2024-07-29 05:55:44,
LOG0001118,Compliance Verified,2024-01-17 04:58:55,
LOG0001119,Risk Check Performed,2025-07-13 18:09:45,
LOG0001120,Risk Check Performed,2024-01-25 10:29:35,
LOG0001121,Compliance Verified,2025-07-05 23:00:19,Compliance Verified event at 23:00:19
LOG0001122,Transaction Created,2025-03-28 14:31:26,Transaction Created event at 14:31:26
LOG0001123,Risk Check Performed,2024-04-29 23:44:50,Risk Check Performed event at 23:44:50
LOG0001124,Transaction Approved,2024-08-18 20:04:10,
LOG0001125,Transaction Rejected,2024-06-11 10:01:43,
LOG0001126,Transaction Created,2023-12-04 16:39:34,
LOG0001127,Transaction Approved,2024-09-09 03:45:15,
LOG0001128,Risk Check Performed,2024-08-27 14:20:35,Risk Check Performed event at 14:20:35
LOG0001129,Transaction Created,2025-01-26 12:45:45,
LOG0001130,Risk Check Performed,2025-01-15 01:15:06,
LOG0001131,Transaction Approved,2025-09-05 09:36:22,Transaction Approved event at 09:36:22
LOG0001132,Transaction Approved,2025-07-22 05:41:51,
LOG0001133,Transaction Approved,2025-09-19 19:37:02,Transaction Approved event at 19:37:02
LOG0001134,Transaction Rejected,2025-01-17 18:26:03,Transaction Rejected event at 18:26:03
LOG0001135,Compliance Verified,2025-11-11 08:32:39,
LOG0001136,Transaction Approved,2024-05-11 20:38:38,
LOG0001137,Transaction Approved,2025-07-26 06:04:11,Transaction Approved event at 06:04:11
LOG0001138,Transaction Approved,2024-03-20 23:38:48,Transaction Approved event at 23:38:48
LOG0001139,Risk Check Performed,2025-06-28 06:30:57,Risk Check Performed event at 06:30:57
LOG0001140,Risk Check Performed,2025-06-10 22:39:42,
LOG0001141,Compliance Verified,2025-11-06 16:50:32,
LOG0001142,Transaction Created,2025-07-27 19:03:56,Transaction Created event at 19:03:56
LOG0001143,Transaction Approved,2024-10-29 22:57:22,Transaction Approved event at 22:57:22
LOG0001144,Transaction Approved,2024-01-13 00:41:16,Transaction Approved event at 00:41:16
LOG0001145,Transaction Created,2025-07-10 21:59:30,Transaction Created event at 21:59:30
LOG0001146,Transaction Approved,2025-07-07 10:49:00,Transaction Approved event at 10:49:00
LOG0001147,Transaction Approved,2024-04-14 00:25:05,Transaction Approved event at 00:25:05
LOG0001148,Compliance Verified,2024-11-05 19:05:16,Compliance Verified event at 19:05:16
LOG0001149,Payment Processed,2025-04-29 01:56:48,Payment Processed event at 01:56:48
LOG0001150,Transaction Approved,2025-08-14 10:46:54,Transaction Approved event at 10:46:54
LOG0001151,Transaction Created,2024-06-16 04:49:08,
LOG0001152,Transaction Rejected,2024-10-17 06:44:30,
LOG0001153,Transaction Rejected,2024-02-29 03:43:40,
LOG0001154,Compliance Verified,2024-12-03 07:23:04,Compliance Verified event at 07:23:04
LOG0001155,Payment Processed,2024-12-22 22:08:17,Payment Processed event at 22:08:17
LOG0001156,Transaction Approved,2024-02-04 02:26:22,Transaction Approved event at 02:26:22
LOG0001157,Risk Check Performed,2025-11-17 21:48:50,
LOG0001158,Transaction Rejected,2025-10-02 12:13:53,
LOG0001159,Transaction Approved,2025-09-04 08:15:16,Transaction Approved event at 08:15:16
LOG0001160,Risk Check Performed,2025-11-18 11:15:45,
LOG0001161,Transaction Rejected,2025-06-26 02:48:59,Transaction Rejected event at 02:48:59
LOG0001162,Transaction Created,2025-08-12 00:45:59,
LOG0001163,Transaction Rejected,2025-08-29 19:32:07,Transaction Rejected event at 19:32:07
LOG0001164,Payment Processed,2024-09-23 16:28:37,
LOG0001165,Transaction Created,2023-12-18 04:22:26,Transaction Created event at 04:22:26
LOG0001166,Transaction Approved,2025-07-13 17:31:29,Transaction Approved event at 17:31:29
LOG0001167,Transaction Created,2024-05-09 01:39:45,
LOG0001168,Transaction Approved,2025-02-10 12:12:20,
LOG0001169,Risk Check Performed,2024-07-17 06:03:25,Risk Check Performed event at 06:03:25
LOG0001170,Transaction Rejected,2025-06-20 17:50:38,Transaction Rejected event at 17:50:38
LOG0001171,Transaction Approved,2024-07-23 07:43:48,
LOG0001172,Transaction Approved,2025-10-08 21:53:10,Transaction Approved event at 21:53:10
LOG0001173,Transaction Rejected,2025-07-31 05:10:37,
LOG0001174,Transaction Approved,2024-10-23 19:58:26,Transaction Approved event at 19:58:26
LOG0001175,Compliance Verified,2025-01-21 23:20:11,Compliance Verified event at 23:20:11
LOG0001176,Transaction Rejected,2024-10-13 18:53:39,Transaction Rejected event at 18:53:39
LOG0001177,Transaction Approved,2024-11-08 17:52:34,Transaction Approved event at 17:52:34
LOG0001178,Transaction Rejected,2024-03-21 15:03:54,Transaction Rejected event at 15:03:54
LOG0001179,Transaction Rejected,2024-12-22 18:05:40,Transaction Rejected event at 18:05:40
LOG0001180,Transaction Approved,2024-07-02 20:35:28,Transaction Approved event at 20:35:28
LOG0001181,Compliance Verified,2025-03-19 08:52:12,Compliance Verified event at 08:52:12
LOG0001182,Transaction Created,2025-03-17 16:56:28,Transaction Created event at 16:56:28
LOG0001183,Risk Check Performed,2025-06-03 11:49:24,Risk Check Performed event at 11:49:24
LOG0001184,Compliance Verified,2025-08-18 21:32:56,
LOG0001185,Transaction Created,2024-06-19 02:25:00,Transaction Created event at 02:25:00
LOG0001186,Risk Check Performed,2024-10-29 04:38:10,
LOG0001187,Transaction Created,2025-05-28 06:54:42,
LOG0001188,Transaction Created,2025-09-18 19:05:38,
LOG0001189,Risk Check Performed,2024-06-30 02:19:01,
LOG0001190,Compliance Verified,2025-04-02 13:53:11,Compliance Verified event at 13:53:11
LOG0001191,Compliance Verified,2024-08-01 20:47:30,Compliance Verified event at 20:47:30
LOG0001192,Transaction Approved,2025-10-24 05:44:44,Transaction Approved event at 05:44:44
LOG0001193,Risk Check Performed,2024-05-03 01:55:17,Risk Check Performed event at 01:55:17
LOG0001194,Payment Processed,2024-10-09 07:14:52,
LOG0001195,Transaction Created,2025-02-07 19:41:16,Transaction Created event at 19:41:16
LOG0001196,Compliance Verified,2025-11-25 21:57:24,Compliance Verified event at 21:57:24
LOG0001197,Compliance Verified,2024-06-14 07:07:11,Compliance Verified event at 07:07:11
LOG0001198,Risk Check Performed,2025-05-12 16:38:35,Risk Check Performed event at 16:38:35
LOG0001199,Transaction Approved,2025-01-07 15:54:01,
LOG0001200,Payment Processed,2025-12-02 16:40:29,
LOG0001201,Transaction Approved,2024-02-04 18:19:06,
LOG0001202,Risk Check Performed,2024-04-18 08:42:34,
LOG0001203,Transaction Created,2025-04-28 20:01:53,Transaction Created event at 20:01:53
LOG0001204,Transaction Created,2025-06-15 13:36:04,Transaction Created event at 13:36:04
LOG0001205,Transaction Approved,2024-03-26 16:48:11,Transaction Approved event at 16:48:11
LOG0001206,Payment Processed,2025-08-17 17:25:13,Payment Processed event at 17:25:13
LOG0001207,Risk Check Performed,2025-02-20 06:04:53,Risk Check Performed event at 06:04:53
LOG0001208,Transaction Approved,2025-01-18 12:10:46,
LOG0001209,Compliance Verified,2025-11-02 21:58:13,Compliance Verified event at 21:58:13
LOG0001210,Transaction Rejected,2024-05-04 13:25:16,Transaction Rejected event at 13:25:16
LOG0001211,Payment Processed,2025-08-11 12:43:06,Payment Processed event at 12:43:06
LOG0001212,Transaction Approved,2025-06-04 11:52:22,Transaction Approved event at 11:52:22
LOG0001213,Transaction Created,2024-10-04 12:35:41,
LOG0001214,Transaction Approved,2025-03-22 21:52:36,Transaction Approved event at 21:52:36
LOG0001215,Transaction Created,2025-11-25 06:27:26,Transaction Created event at 06:27:26
LOG0001216,Risk Check Performed,2023-12-26 06:16:23,Risk Check Performed event at 06:16:23
LOG0001217,Risk Check Performed,2024-01-21 09:19:39,Risk Check Performed event at 09:19:39
LOG0001218,Risk Check Performed,2024-09-15 11:12:52,
LOG0001219,Risk Check Performed,2024-02-17 15:15:32,
LOG0001220,Risk Check Performed,2025-03-18 20:47:56,
LOG0001221,Transaction Approved,2025-06-10 02:12:58,Transaction Approved event at 02:12:58
LOG0001222,Risk Check Performed,2024-04-06 10:16:43,Risk Check Performed event at 10:16:43
LOG0001223,Transaction Created,2024-11-09 14:58:47,Transaction Created event at 14:58:47
LOG0001224,Transaction Rejected,2025-11-03 04:52:00,
LOG0001225,Risk Check Performed,2023-12-25 08:25:49,Risk Check Performed event at 08:25:49
LOG0001226,Payment Processed,2025-02-13 21:57:22,
LOG0001227,Transaction Approved,2024-02-21 23:24:05,Transaction Approved event at 23:24:05
LOG0001228,Risk Check Performed,2025-09-27 07:25:14,
LOG0001229,Transaction Approved,2024-03-07 02:07:24,
LOG0001230,Risk Check Performed,2024-05-03 12:05:07,Risk Check Performed event at 12:05:07
LOG0001231,Compliance Verified,2025-03-22 21:18:33,Compliance Verified event at 21:18:33
LOG0001232,Transaction Created,2025-11-30 22:00:07,
LOG0001233,Risk Check Performed,2025-05-04 22:06:22,
LOG0001234,Compliance Verified,2025-11-21 13:09:18,Compliance Verified event at 13:09:18
LOG0001235,Compliance Verified,2024-05-07 01:57:43,Compliance Verified event at 01:57:43
LOG0001236,Transaction Rejected,2024-07-08 21:26:06,
LOG0001237,Compliance Verified,2025-04-14 10:17:57,
LOG0001238,Compliance Verified,2024-12-11 09:16:06,Compliance Verified event at 09:16:06
LOG0001239,Risk Check Performed,2025-08-13 23:13:53,
LOG0001240,Transaction Created,2025-09-15 03:49:40,
LOG0001241,Transaction Created,2025-03-01 15:51:12,
LOG0001242,Risk Check Performed,2025-11-03 13:24:01,Risk Check Performed event at 13:24:01
LOG0001243,Payment Processed,2024-02-02 23:40:06,Payment Processed event at 23:40:06
LOG0001244,Transaction Created,2025-07-21 05:33:11,
LOG0001245,Transaction Approved,2024-06-11 03:53:21,Transaction Approved event at 03:53:21
LOG0001246,Transaction Approved,2025-01-04 09:43:04,
LOG0001247,Risk Check Performed,2025-08-20 21:56:50,
LOG0001248,Transaction Approved,2024-08-22 16:08:36,Transaction Approved event at 16:08:36
LOG0001249,Transaction Approved,2024-02-08 18:32:38,Transaction Approved event at 18:32:38
LOG0001250,Risk Check Performed,2025-10-20 07:37:34,Risk Check Performed event at 07:37:34
LOG0001251,Transaction Created,2025-05-11 19:20:21,Transaction Created event at 19:20:21
LOG0001252,Compliance Verified,2024-08-23 14:26:48,
LOG0001253,Compliance Verified,2025-11-17 14:11:18,
LOG0001254,Transaction Rejected,2024-04-08 12:21:04,
LOG0001255,Transaction Created,2023-12-26 08:46:02,Transaction Created event at 08:46:02
LOG0001256,Risk Check Performed,2025-09-30 23:53:35,Risk Check Performed event at 23:53:35
LOG0001257,Transaction Rejected,2024-02-19 17:13:11,
LOG0001258,Transaction Approved,2024-10-11 01:39:22,Transaction Approved event at 01:39:22
LOG0001259,Compliance Verified,2025-05-28 03:34:52,Compliance Verified event at 03:34:52
LOG0001260,Compliance Verified,2024-04-16 16:25:06,
LOG0001261,Transaction Rejected,2025-04-29 16:21:32,Transaction Rejected event at 16:21:32
LOG0001262,Transaction Rejected,2025-07-05 19:18:17,Transaction Rejected event at 19:18:17
LOG0001263,Transaction Approved,2024-04-20 18:55:36,Transaction Approved event at 18:55:36
LOG0001264,Transaction Created,2024-11-19 22:26:09,Transaction Created event at 22:26:09
LOG0001265,Risk Check Performed,2025-01-31 12:35:03,Risk Check Performed event at 12:35:03
LOG0001266,Compliance Verified,2025-02-10 04:56:32,
LOG0001267,Transaction Approved,2024-03-30 14:37:36,Transaction Approved event at 14:37:36
LOG0001268,Transaction Approved,2025-03-21 18:02:34,Transaction Approved event at 18:02:34
LOG0001269,Payment Processed,2024-07-29 17:01:18,Payment Processed event at 17:01:18
LOG0001270,Transaction Rejected,2024-11-10 06:08:12,Transaction Rejected event at 06:08:12
LOG0001271,Risk Check Performed,2024-06-12 18:04:41,Risk Check Performed event at 18:04:41
LOG0001272,Risk Check Performed,2024-02-22 18:59:53,Risk Check Performed event at 18:59:53
LOG0001273,Transaction Approved,2025-01-23 07:50:20,Transaction Approved event at 07:50:20
LOG0001274,Risk Check Performed,2023-12-08 09:38:53,
LOG0001275,Risk Check Performed,2025-10-12 06:38:53,Risk Check Performed event at 06:38:53
LOG0001276,Risk Check Performed,2025-02-05 03:54:15,
LOG0001277,Transaction Approved,2025-08-18 15:12:18,
LOG0001278,Payment Processed,2024-05-03 04:47:21,
LOG0001279,Risk Check Performed,2023-12-09 01:21:41,
LOG0001280,Risk Check Performed,2024-11-12 11:20:16,
LOG0001281,Compliance Verified,2024-11-11 03:54:10,Compliance Verified event at 03:54:10
LOG0001282,Transaction Created,2025-08-30 15:52:01,Transaction Created event at 15:52:01
LOG0001283,Risk Check Performed,2025-09-23 16:02:25,
LOG0001284,Risk Check Performed,2024-02-26 03:49:15,
LOG0001285,Transaction Approved,2025-10-14 00:55:31,
LOG0001286,Risk Check Performed,2024-07-23 22:52:49,Risk Check Performed event at 22:52:49
LOG0001287,Compliance Verified,2025-05-17 21:02:12,Compliance Verified event at 21:02:12
LOG0001288,Compliance Verified,2025-03-03 20:32:39,Compliance Verified event at 20:32:39
LOG0001289,Transaction Approved,2024-07-11 03:12:07,
LOG0001290,Transaction Created,2025-07-20 02:13:09,Transaction Created event at 02:13:09
LOG0001291,Transaction Approved,2024-10-02 19:29:30,
LOG0001292,Transaction Approved,2024-11-17 15:56:01,Transaction Approved event at 15:56:01
LOG0001293,Risk Check Performed,2024-09-02 13:57:51,Risk Check Performed event at 13:57:51
LOG0001294,Transaction Rejected,2025-11-30 12:36:24,
LOG0001295,Risk Check Performed,2024-04-01 16:11:50,Risk Check Performed event at 16:11:50
LOG0001296,Transaction Rejected,2024-01-13 01:30:20,Transaction Rejected event at 01:30:20
LOG0001297,Transaction Created,2025-11-04 18:31:51,Transaction Created event at 18:31:51
LOG0001298,Transaction Created,2025-04-12 09:48:52,
LOG0001299,Risk Check Performed,2024-03-27 20:21:10,
LOG0001300,Compliance Verified,2024-09-20 06:30:50,
LOG0001301,Risk Check Performed,2025-03-13 04:41:29,
LOG0001302,Payment Processed,2024-04-18 15:36:01,Payment Processed event at 15:36:01
LOG0001303,Transaction Approved,2025-05-01 17:44:47,
LOG0001304,Compliance Verified,2025-02-19 11:13:26,Compliance Verified event at 11:13:26
LOG0001305,Transaction Approved,2025-05-21 00:03:49,
LOG0001306,Compliance Verified,2025-06-17 23:09:45,
LOG0001307,Transaction Approved,2024-01-09 06:09:05,
LOG0001308,Transaction Created,2024-09-05 13:03:07,Transaction Created event at 13:03:07
LOG0001309,Payment Processed,2024-04-09 08:54:43,Payment Processed event at 08:54:43
LOG0001310,Transaction Approved,2025-04-11 21:54:28,Transaction Approved event at 21:54:28
LOG0001311,Risk Check Performed,2024-05-21 04:00:31,Risk Check Performed event at 04:00:31
LOG0001312,Transaction Approved,2025-11-20 02:17:58,
LOG0001313,Transaction Rejected,2025-08-03 18:36:39,Transaction Rejected event at 18:36:39
LOG0001314,Transaction Rejected,2025-03-21 20:22:23,
LOG0001315,Transaction Rejected,2025-01-16 09:34:58,Transaction Rejected event at 09:34:58
LOG0001316,Compliance Verified,2024-01-01 17:38:32,Compliance Verified event at 17:38:32
LOG0001317,Transaction Created,2024-09-10 23:07:01,Transaction Created event at 23:07:01
LOG0001318,Risk Check Performed,2025-05-26 03:58:45,Risk Check Performed event at 03:58:45
LOG0001319,Transaction Approved,2024-06-09 16:26:25,
LOG0001320,Transaction Approved,2024-12-19 21:18:59,Transaction Approved event at 21:18:59
LOG0001321,Transaction Created,2025-01-09 07:30:19,
LOG0001322,Risk Check Performed,2024-07-24 04:27:34,
LOG0001323,Transaction Approved,2024-07-07 12:01:01,Transaction Approved event at 12:01:01
LOG0001324,Compliance Verified,2024-08-21 14:43:23,Compliance Verified event at 14:43:23
LOG0001325,Compliance Verified,2025-03-20 11:01:07,Compliance Verified event at 11:01:07
LOG0001326,Risk Check Performed,2025-07-25 08:09:40,
LOG0001327,Compliance Verified,2024-09-22 15:50:28,
LOG0001328,Transaction Approved,2024-04-02 19:58:14,
LOG0001329,Transaction Rejected,2025-08-27 13:07:51,Transaction Rejected event at 13:07:51
LOG0001330,Transaction Approved,2024-01-06 06:54:56,
LOG0001331,Transaction Approved,2024-04-19 06:30:53,
LOG0001332,Risk Check Performed,2025-01-15 15:19:16,Risk Check Performed event at 15:19:16
LOG0001333,Transaction Created,2024-06-14 10:22:29,
LOG0001334,Transaction Created,2024-08-02 10:53:10,
LOG0001335,Transaction Created,2024-07-31 09:13:01,Transaction Created event at 09:13:01
LOG0001336,Transaction Approved,2024-05-21 01:41:42,Transaction Approved event at 01:41:42
LOG0001337,Transaction Created,2025-09-01 15:12:55,
LOG0001338,Compliance Verified,2024-06-16 16:12:37,
LOG0001339,Transaction Created,2024-04-18 19:52:12,
LOG0001340,Risk Check Performed,2024-01-24 03:58:46,Risk Check Performed event at 03:58:46
LOG0001341,Compliance Verified,2024-07-28 22:19:05,Compliance Verified event at 22:19:05
LOG0001342,Transaction Approved,2025-10-01 21:47:37,Transaction Approved event at 21:47:37
LOG0001343,Transaction Created,2025-02-18 22:46:47,
LOG0001344,Risk Check Performed,2024-10-09 20:17:23,
LOG0001345,Transaction Approved,2025-06-02 11:59:25,Transaction Approved event at 11:59:25
LOG0001346,Compliance Verified,2025-03-21 07:47:24,Compliance Verified event at 07:47:24
LOG0001347,Transaction Created,2024-02-28 19:44:35,Transaction Created event at 19:44:35
LOG0001348,Compliance Verified,2024-09-23 18:39:30,Compliance Verified event at 18:39:30
LOG0001349,Transaction Approved,2024-02-14 04:29:19,Transaction Approved event at 04:29:19
LOG0001350,Compliance Verified,2023-12-28 03:16:57,Compliance Verified event at 03:16:57
LOG0001351,Transaction Rejected,2025-08-07 10:04:45,Transaction Rejected event at 10:04:45
LOG0001352,Risk Check Performed,2024-11-25 18:54:37,Risk Check Performed event at 18:54:37
LOG0001353,Transaction Rejected,2025-11-02 20:33:58,Transaction Rejected event at 20:33:58
LOG0001354,Compliance Verified,2025-10-03 00:19:01,
LOG0001355,Transaction Created,2025-04-01 17:30:50,Transaction Created event at 17:30:50
LOG0001356,Transaction Approved,2025-02-04 14:21:06,Transaction Approved event at 14:21:06
LOG0001357,Compliance Verified,2024-09-02 20:41:34,Compliance Verified event at 20:41:34
LOG0001358,Compliance Verified,2024-10-25 02:30:36,Compliance Verified event at 02:30:36
LOG0001359,Risk Check Performed,2025-02-09 07:19:50,Risk Check Performed event at 07:19:50
LOG0001360,Compliance Verified,2025-04-02 17:04:04,Compliance Verified event at 17:04:04
LOG0001361,Payment Processed,2025-09-19 15:47:15,
LOG0001362,Transaction Created,2025-02-21 11:58:25,
LOG0001363,Payment Processed,2025-04-05 19:04:19,Payment Processed event at 19:04:19
LOG0001364,Payment Processed,2024-01-09 19:34:05,Payment Processed event at 19:34:05
LOG0001365,Transaction Created,2025-07-16 13:21:35,Transaction Created event at 13:21:35
LOG0001366,Transaction Approved,2025-10-06 06:18:42,Transaction Approved event at 06:18:42
LOG0001367,Transaction Rejected,2024-07-20 22:02:15,Transaction Rejected event at 22:02:15
LOG0001368,Transaction Created,2024-05-31 15:32:53,Transaction Created event at 15:32:53
LOG0001369,Transaction Created,2025-02-28 08:36:59,Transaction Created event at 08:36:59
LOG0001370,Transaction Approved,2024-04-02 04:09:57,Transaction Approved event at 04:09:57
LOG0001371,Transaction Approved,2025-07-04 06:18:57,
LOG0001372,Payment Processed,2024-12-02 02:59:39,
LOG0001373,Risk Check Performed,2024-11-08 22:41:11,
LOG0001374,Transaction Approved,2024-09-29 14:30:36,Transaction Approved event at 14:30:36
LOG0001375,Compliance Verified,2024-10-26 06:01:03,
LOG0001376,Compliance Verified,2023-12-30 05:27:11,
LOG0001377,Payment Processed,2024-06-02 01:20:34,
LOG0001378,Transaction Approved,2024-06-20 11:53:03,Transaction Approved event at 11:53:03
LOG0001379,Transaction Created,2024-09-04 09:40:41,
LOG0001380,Risk Check Performed,2025-01-25 03:20:11,
LOG0001381,Risk Check Performed,2024-04-03 22:56:34,Risk Check Performed event at 22:56:34
LOG0001382,Transaction Approved,2025-04-27 17:56:32,Transaction Approved event at 17:56:32
LOG0001383,Transaction Approved,2024-03-19 20:05:21,Transaction Approved event at 20:05:21
LOG0001384,Risk Check Performed,2024-11-07 22:52:45,Risk Check Performed event at 22:52:45
LOG0001385,Transaction Rejected,2024-09-04 11:09:28,Transaction Rejected event at 11:09:28
LOG0001386,Risk Check Performed,2025-11-03 08:46:49,Risk Check Performed event at 08:46:49
LOG0001387,Payment Processed,2024-11-06 09:08:56,
LOG0001388,Transaction Approved,2024-01-20 19:31:37,Transaction Approved event at 19:31:37
LOG0001389,Risk Check Performed,2024-10-13 07:58:01,
LOG0001390,Transaction Created,2024-04-02 16:18:26,Transaction Created event at 16:18:26
LOG0001391,Transaction Approved,2025-02-11 20:36:24,
LOG0001392,Transaction Created,2024-06-14 10:41:58,Transaction Created event at 10:41:58
LOG0001393,Compliance Verified,2025-09-05 19:48:31,Compliance Verified event at 19:48:31
LOG0001394,Risk Check Performed,2024-06-23 17:50:14,Risk Check Performed event at 17:50:14
LOG0001395,Payment Processed,2024-04-05 04:44:21,
LOG0001396,Compliance Verified,2025-08-07 18:30:34,Compliance Verified event at 18:30:34
LOG0001397,Payment Processed,2025-06-23 16:35:27,
LOG0001398,Transaction Created,2024-03-15 22:01:12,Transaction Created event at 22:01:12
LOG0001399,Transaction Approved,2025-07-25 12:46:28,Transaction Approved event at 12:46:28
LOG0001400,Transaction Rejected,2024-04-02 10:07:45,Transaction Rejected event at 10:07:45
LOG0001401,Risk Check Performed,2024-09-27 08:33:38,Risk Check Performed event at 08:33:38
LOG0001402,Risk Check Performed,2025-02-27 06:42:53,Risk Check Performed event at 06:42:53
LOG0001403,Risk Check Performed,2024-09-02 16:59:32,Risk Check Performed event at 16:59:32
LOG0001404,Transaction Approved,2024-05-06 15:23:51,Transaction Approved event at 15:23:51
LOG0001405,Transaction Approved,2025-10-14 07:04:56,
LOG0001406,Transaction Approved,2025-07-04 02:44:34,Transaction Approved event at 02:44:34
LOG0001407,Compliance Verified,2025-11-20 13:59:42,Compliance Verified event at 13:59:42
LOG0001408,Transaction Approved,2024-08-07 19:28:12,Transaction Approved event at 19:28:12
LOG0001409,Transaction Created,2025-10-19 21:56:56,
LOG0001410,Compliance Verified,2025-04-14 07:45:25,
LOG0001411,Payment Processed,2024-03-22 16:23:40,Payment Processed event at 16:23:40
LOG0001412,Transaction Rejected,2024-05-30 02:18:05,Transaction Rejected event at 02:18:05
LOG0001413,Transaction Approved,2025-09-03 11:14:23,
LOG0001414,Payment Processed,2025-06-14 20:08:15,Payment Processed event at 20:08:15
LOG0001415,Payment Processed,2024-09-02 20:11:21,
LOG0001416,Transaction Rejected,2025-08-02 12:28:05,Transaction Rejected event at 12:28:05
LOG0001417,Transaction Approved,2023-12-25 04:21:09,Transaction Approved event at 04:21:09
LOG0001418,Transaction Rejected,2024-05-22 19:52:34,Transaction Rejected event at 19:52:34
LOG0001419,Transaction Approved,2025-09-08 11:07:00,
LOG0001420,Transaction Approved,2025-03-03 12:26:37,
LOG0001421,Transaction Approved,2024-04-28 04:43:55,Transaction Approved event at 04:43:55
LOG0001422,Compliance Verified,2025-05-29 09:06:59,
LOG0001423,Compliance Verified,2025-01-07 23:26:59,
LOG0001424,Compliance Verified,2025-11-13 15:35:17,Compliance Verified event at 15:35:17
LOG0001425,Risk Check Performed,2024-06-09 04:58:12,
LOG0001426,Transaction Rejected,2025-02-03 21:36:31,
LOG0001427,Compliance Verified,2024-11-03 21:50:46,Compliance Verified event at 21:50:46
LOG0001428,Risk Check Performed,2025-08-23 20:02:05,
LOG0001429,Transaction Created,2024-12-07 21:49:08,
LOG0001430,Payment Processed,2024-01-25 16:47:45,
LOG0001431,Transaction Created,2024-01-02 23:06:28,Transaction Created event at 23:06:28
LOG0001432,Compliance Verified,2024-05-13 04:04:49,Compliance Verified event at 04:04:49
LOG0001433,Transaction Approved,2024-01-06 00:27:04,
LOG0001434,Transaction Created,2024-04-03 06:05:52,Transaction Created event at 06:05:52
LOG0001435,Transaction Rejected,2023-12-15 14:46:07,Transaction Rejected event at 14:46:07
LOG0001436,Compliance Verified,2024-02-06 18:10:58,Compliance Verified event at 18:10:58
LOG0001437,Transaction Approved,2024-11-26 00:29:06,
LOG0001438,Transaction Approved,2024-07-29 23:55:22,
LOG0001439,Transaction Rejected,2025-11-30 23:53:17,Transaction Rejected event at 23:53:17
LOG0001440,Risk Check Performed,2024-04-19 22:12:52,Risk Check Performed event at 22:12:52
LOG0001441,Payment Processed,2023-12-13 13:22:00,Payment Processed event at 13:22:00
LOG0001442,Risk Check Performed,2024-04-21 19:40:54,
LOG0001443,Compliance Verified,2024-01-20 16:28:19,
LOG0001444,Compliance Verified,2024-08-16 20:21:34,
LOG0001445,Transaction Created,2024-11-13 21:04:39,Transaction Created event at 21:04:39
LOG0001446,Transaction Approved,2024-09-09 00:01:17,Transaction Approved event at 00:01:17
LOG0001447,Transaction Rejected,2024-03-31 17:58:49,Transaction Rejected event at 17:58:49
LOG0001448,Risk Check Performed,2025-07-03 14:37:46,Risk Check Performed event at 14:37:46
LOG0001449,Transaction Approved,2024-06-17 01:09:59,Transaction Approved event at 01:09:59
LOG0001450,Risk Check Performed,2025-05-08 05:11:59,Risk Check Performed event at 05:11:59
LOG0001451,Transaction Approved,2024-05-10 17:26:05,
LOG0001452,Compliance Verified,2025-07-10 05:55:55,Compliance Verified event at 05:55:55
LOG0001453,Transaction Rejected,2024-07-24 13:38:36,Transaction Rejected event at 13:38:36
LOG0001454,Compliance Verified,2025-04-08 16:47:51,Compliance Verified event at 16:47:51
LOG0001455,Compliance Verified,2024-10-30 01:49:15,Compliance Verified event at 01:49:15
LOG0001456,Payment Processed,2025-10-28 01:22:48,Payment Processed event at 01:22:48
LOG0001457,Transaction Created,2024-11-14 16:22:15,Transaction Created event at 16:22:15
LOG0001458,Transaction Approved,2024-09-05 15:11:28,
LOG0001459,Transaction Approved,2024-03-13 03:35:38,
LOG0001460,Risk Check Performed,2024-07-16 11:04:04,Risk Check Performed event at 11:04:04
LOG0001461,Transaction Approved,2024-08-06 16:03:01,
LOG0001462,Transaction Created,2025-11-09 17:05:21,Transaction Created event at 17:05:21
LOG0001463,Risk Check Performed,2024-01-25 07:16:59,Risk Check Performed event at 07:16:59
LOG0001464,Compliance Verified,2024-04-11 15:00:40,Compliance Verified event at 15:00:40
LOG0001465,Transaction Created,2024-09-21 02:14:45,Transaction Created event at 02:14:45
LOG0001466,Compliance Verified,2024-08-19 22:29:53,
LOG0001467,Risk Check Performed,2025-04-01 14:29:00,Risk Check Performed event at 14:29:00
LOG0001468,Transaction Created,2025-05-09 19:38:11,Transaction Created event at 19:38:11
LOG0001469,Transaction Created,2023-12-30 14:49:29,Transaction Created event at 14:49:29
LOG0001470,Transaction Approved,2025-10-27 05:45:18,Transaction Approved event at 05:45:18
LOG0001471,Transaction Approved,2024-09-17 09:50:26,
LOG0001472,Payment Processed,2025-03-01 10:28:12,
LOG0001473,Transaction Rejected,2025-11-23 23:19:20,Transaction Rejected event at 23:19:20
LOG0001474,Risk Check Performed,2024-06-02 19:39:07,Risk Check Performed event at 19:39:07
LOG0001475,Transaction Approved,2024-07-21 18:59:09,
LOG0001476,Compliance Verified,2024-11-27 15:10:13,Compliance Verified event at 15:10:13
LOG0001477,Risk Check Performed,2025-03-20 13:40:23,
LOG0001478,Transaction Approved,2025-04-13 11:12:01,
LOG0001479,Transaction Approved,2025-05-05 14:55:31,
LOG0001480,Transaction Created,2024-04-25 08:16:35,Transaction Created event at 08:16:35
LOG0001481,Compliance Verified,2024-08-08 15:11:32,
LOG0001482,Compliance Verified,2024-06-26 13:52:21,Compliance Verified event at 13:52:21
LOG0001483,Compliance Verified,2025-04-26 03:28:59,Compliance Verified event at 03:28:59
LOG0001484,Transaction Rejected,2024-03-09 05:05:13,Transaction Rejected event at 05:05:13
LOG0001485,Risk Check Performed,2025-01-13 08:55:23,Risk Check Performed event at 08:55:23
LOG0001486,Payment Processed,2024-02-28 11:56:23,Payment Processed event at 11:56:23
LOG0001487,Transaction Created,2024-02-08 03:20:34,
LOG0001488,Transaction Rejected,2025-10-01 04:17:38,Transaction Rejected event at 04:17:38
LOG0001489,Transaction Rejected,2025-05-28 15:27:51,
LOG0001490,Compliance Verified,2024-02-29 11:59:55,
LOG0001491,Transaction Approved,2025-07-02 02:02:47,
LOG0001492,Compliance Verified,2024-11-16 00:41:30,Compliance Verified event at 00:41:30
LOG0001493,Transaction Approved,2025-04-20 19:41:56,Transaction Approved event at 19:41:56
LOG0001494,Risk Check Performed,2025-11-18 07:15:14,
LOG0001495,Transaction Created,2025-12-02 11:35:04,Transaction Created event at 11:35:04
LOG0001496,Transaction Created,2024-07-17 06:29:42,Transaction Created event at 06:29:42
LOG0001497,Transaction Approved,2025-08-21 00:04:53,
LOG0001498,Transaction Approved,2024-05-17 08:56:01,Transaction Approved event at 08:56:01
LOG0001499,Risk Check Performed,2025-03-25 07:12:23,Risk Check Performed event at 07:12:23
LOG0001500,Risk Check Performed,2025-05-05 00:43:48,Risk Check Performed event at 00:43:48
LOG0001501,Transaction Created,2024-05-05 15:58:45,
LOG0001502,Risk Check Performed,2024-09-10 03:49:52,
LOG0001503,Payment Processed,2025-11-03 16:19:00,Payment Processed event at 16:19:00
LOG0001504,Transaction Created,2025-06-27 22:18:56,
LOG0001505,Transaction Created,2024-08-15 17:52:16,Transaction Created event at 17:52:16
LOG0001506,Transaction Rejected,2025-09-19 02:02:45,Transaction Rejected event at 02:02:45
LOG0001507,Transaction Created,2025-06-20 20:50:27,Transaction Created event at 20:50:27
LOG0001508,Transaction Rejected,2024-02-12 15:53:42,Transaction Rejected event at 15:53:42
LOG0001509,Transaction Rejected,2025-05-09 05:47:00,
LOG0001510,Transaction Rejected,2024-12-08 10:20:28,Transaction Rejected event at 10:20:28
LOG0001511,Payment Processed,2025-07-29 06:15:46,Payment Processed event at 06:15:46
LOG0001512,Payment Processed,2024-04-30 22:03:28,Payment Processed event at 22:03:28
LOG0001513,Transaction Rejected,2024-07-20 05:16:38,Transaction Rejected event at 05:16:38
LOG0001514,Compliance Verified,2024-06-19 05:49:25,
LOG0001515,Risk Check Performed,2024-11-27 05:26:47,
LOG0001516,Transaction Approved,2025-08-16 10:16:37,Transaction Approved event at 10:16:37
LOG0001517,Transaction Created,2024-11-28 04:27:28,Transaction Created event at 04:27:28
LOG0001518,Transaction Created,2025-08-18 19:54:52,
LOG0001519,Compliance Verified,2024-12-14 13:52:49,Compliance Verified event at 13:52:49
LOG0001520,Risk Check Performed,2024-10-03 18:48:31,Risk Check Performed event at 18:48:31
LOG0001521,Transaction Created,2025-07-21 22:06:19,Transaction Created event at 22:06:19
LOG0001522,Risk Check Performed,2024-05-22 06:57:42,
LOG0001523,Transaction Rejected,2024-04-28 13:12:02,
LOG0001524,Payment Processed,2025-07-12 02:37:15,Payment Processed event at 02:37:15
LOG0001525,Risk Check Performed,2025-02-04 05:43:02,Risk Check Performed event at 05:43:02
LOG0001526,Transaction Approved,2024-06-28 23:06:46,Transaction Approved event at 23:06:46
LOG0001527,Payment Processed,2024-03-04 18:43:48,Payment Processed event at 18:43:48
LOG0001528,Compliance Verified,2024-02-29 13:03:57,
LOG0001529,Transaction Approved,2023-12-12 15:48:14,
LOG0001530,Transaction Created,2024-05-20 17:08:45,Transaction Created event at 17:08:45
LOG0001531,Transaction Created,2025-05-10 07:12:36,
LOG0001532,Compliance Verified,2025-07-23 22:08:09,Compliance Verified event at 22:08:09
LOG0001533,Risk Check Performed,2024-12-31 19:50:57,
LOG0001534,Transaction Created,2025-12-02 09:40:35,Transaction Created event at 09:40:35
LOG0001535,Compliance Verified,2024-12-29 15:02:04,
LOG0001536,Compliance Verified,2024-11-24 21:51:01,Compliance Verified event at 21:51:01
LOG0001537,Risk Check Performed,2024-01-18 14:32:12,Risk Check Performed event at 14:32:12
LOG0001538,Transaction Created,2025-02-04 12:29:10,Transaction Created event at 12:29:10
LOG0001539,Transaction Approved,2025-03-21 12:25:47,
LOG0001540,Transaction Approved,2024-09-12 10:55:37,Transaction Approved event at 10:55:37
LOG0001541,Transaction Created,2025-07-08 12:47:17,
LOG0001542,Compliance Verified,2024-09-06 10:21:03,
LOG0001543,Transaction Rejected,2024-06-16 04:45:10,
LOG0001544,Payment Processed,2025-07-06 09:54:07,Payment Processed event at 09:54:07
LOG0001545,Transaction Approved,2024-10-28 14:25:31,
LOG0001546,Compliance Verified,2024-01-16 15:26:20,
LOG0001547,Transaction Rejected,2025-11-01 23:02:11,Transaction Rejected event at 23:02:11
LOG0001548,Compliance Verified,2025-05-10 20:09:32,Compliance Verified event at 20:09:32
LOG0001549,Transaction Approved,2024-01-07 20:28:08,Transaction Approved event at 20:28:08
LOG0001550,Compliance Verified,2024-08-06 07:24:00,Compliance Verified event at 07:24:00
LOG0001551,Compliance Verified,2024-10-30 09:22:18,Compliance Verified event at 09:22:18
LOG0001552,Transaction Rejected,2025-03-24 19:06:11,Transaction Rejected event at 19:06:11
LOG0001553,Compliance Verified,2024-09-28 07:31:54,
LOG0001554,Payment Processed,2025-01-01 10:54:38,Payment Processed event at 10:54:38
LOG0001555,Transaction Approved,2025-09-12 15:25:03,Transaction Approved event at 15:25:03
LOG0001556,Compliance Verified,2025-08-12 15:24:57,
LOG0001557,Transaction Created,2024-07-17 21:42:28,
LOG0001558,Compliance Verified,2025-10-26 17:06:00,Compliance Verified event at 17:06:00
LOG0001559,Compliance Verified,2024-10-04 14:01:17,Compliance Verified event at 14:01:17
LOG0001560,Transaction Approved,2024-12-28 21:37:45,Transaction Approved event at 21:37:45
LOG0001561,Transaction Approved,2025-04-13 08:43:20,
LOG0001562,Transaction Approved,2024-10-27 02:23:18,Transaction Approved event at 02:23:18
LOG0001563,Transaction Created,2024-09-17 05:01:37,
LOG0001564,Transaction Created,2025-02-23 22:18:57,Transaction Created event at 22:18:57
LOG0001565,Transaction Approved,2025-08-12 00:33:16,Transaction Approved event at 00:33:16
LOG0001566,Risk Check Performed,2024-05-20 06:52:22,
LOG0001567,Payment Processed,2025-01-04 16:35:39,Payment Processed event at 16:35:39
LOG0001568,Transaction Approved,2024-01-31 11:10:50,Transaction Approved event at 11:10:50
LOG0001569,Transaction Created,2025-06-15 02:28:10,Transaction Created event at 02:28:10
LOG0001570,Risk Check Performed,2024-11-15 23:56:56,Risk Check Performed event at 23:56:56
LOG0001571,Transaction Rejected,2025-09-27 03:32:43,
LOG0001572,Transaction Created,2025-09-21 18:14:56,
LOG0001573,Compliance Verified,2024-06-13 05:56:09,
LOG0001574,Transaction Approved,2024-06-11 17:24:19,Transaction Approved event at 17:24:19
LOG0001575,Transaction Created,2025-08-18 07:16:14,
LOG0001576,Transaction Created,2025-05-23 13:33:32,Transaction Created event at 13:33:32
LOG0001577,Risk Check Performed,2025-07-03 06:01:32,Risk Check Performed event at 06:01:32
LOG0001578,Transaction Rejected,2025-10-25 18:02:52,Transaction Rejected event at 18:02:52
LOG0001579,Transaction Rejected,2025-05-15 22:35:55,Transaction Rejected event at 22:35:55
LOG0001580,Transaction Approved,2025-08-31 15:58:11,
LOG0001581,Transaction Approved,2025-06-12 19:45:11,Transaction Approved event at 19:45:11
LOG0001582,Payment Processed,2024-08-17 10:35:54,Payment Processed event at 10:35:54
LOG0001583,Transaction Created,2024-08-08 03:56:49,Transaction Created event at 03:56:49
LOG0001584,Risk Check Performed,2024-04-19 02:25:34,
LOG0001585,Compliance Verified,2025-08-01 02:23:27,
LOG0001586,Risk Check Performed,2024-07-05 08:30:56,Risk Check Performed event at 08:30:56
LOG0001587,Transaction Approved,2025-09-06 06:52:48,Transaction Approved event at 06:52:48
LOG0001588,Risk Check Performed,2025-10-24 14:08:40,Risk Check Performed event at 14:08:40
LOG0001589,Compliance Verified,2025-09-03 05:54:17,Compliance Verified event at 05:54:17
LOG0001590,Transaction Rejected,2025-08-24 20:53:55,Transaction Rejected event at 20:53:55
LOG0001591,Transaction Created,2025-10-17 23:33:18,Transaction Created event at 23:33:18
LOG0001592,Transaction Rejected,2024-06-17 10:05:37,Transaction Rejected event at 10:05:37
LOG0001593,Transaction Created,2025-09-22 10:31:33,Transaction Created event at 10:31:33
LOG0001594,Transaction Rejected,2024-03-27 09:46:31,Transaction Rejected event at 09:46:31
LOG0001595,Transaction Created,2024-02-20 11:29:40,Transaction Created event at 11:29:40
LOG0001596,Risk Check Performed,2025-07-18 05:33:22,
LOG0001597,Transaction Rejected,2025-08-21 23:36:41,
LOG0001598,Transaction Created,2025-05-24 08:06:50,Transaction Created event at 08:06:50
LOG0001599,Transaction Approved,2024-06-09 00:35:02,Transaction Approved event at 00:35:02
LOG0001600,Payment Processed,2024-06-14 15:22:37,
LOG0001601,Risk Check Performed,2024-07-20 18:26:41,
LOG0001602,Transaction Created,2025-11-18 00:59:50,Transaction Created event at 00:59:50
LOG0001603,Compliance Verified,2025-01-30 23:54:51,
LOG0001604,Risk Check Performed,2024-08-29 10:51:51,Risk Check Performed event at 10:51:51
LOG0001605,Transaction Approved,2025-09-29 05:05:06,
LOG0001606,Transaction Created,2025-02-05 17:38:46,Transaction Created event at 17:38:46
LOG0001607,Transaction Approved,2024-09-01 00:56:59,Transaction Approved event at 00:56:59
LOG0001608,Transaction Approved,2025-09-17 08:54:25,Transaction Approved event at 08:54:25
LOG0001609,Transaction Created,2025-08-31 00:31:45,Transaction Created event at 00:31:45
LOG0001610,Risk Check Performed,2024-06-14 17:51:25,Risk Check Performed event at 17:51:25
LOG0001611,Transaction Created,2023-12-16 20:06:27,Transaction Created event at 20:06:27
LOG0001612,Risk Check Performed,2025-02-23 18:08:40,
LOG0001613,Compliance Verified,2025-04-06 20:31:47,Compliance Verified event at 20:31:47
LOG0001614,Transaction Rejected,2025-11-16 05:18:39,
LOG0001615,Risk Check Performed,2024-03-04 18:04:49,Risk Check Performed event at 18:04:49
LOG0001616,Transaction Rejected,2024-02-08 12:13:23,Transaction Rejected event at 12:13:23
LOG0001617,Transaction Rejected,2024-09-07 12:37:39,
LOG0001618,Transaction Created,2024-12-18 12:25:50,
LOG0001619,Transaction Approved,2024-03-05 16:12:43,
LOG0001620,Compliance Verified,2024-04-17 21:56:42,Compliance Verified event at 21:56:42
LOG0001621,Transaction Approved,2025-01-30 00:58:35,
LOG0001622,Risk Check Performed,2024-04-01 00:32:51,
LOG0001623,Transaction Created,2025-05-18 16:14:23,Transaction Created event at 16:14:23
LOG0001624,Risk Check Performed,2025-09-07 11:22:12,Risk Check Performed event at 11:22:12
LOG0001625,Risk Check Performed,2024-07-22 21:30:28,
LOG0001626,Payment Processed,2024-04-30 21:56:25,
LOG0001627,Transaction Approved,2025-04-29 10:14:21,Transaction Approved event at 10:14:21
LOG0001628,Compliance Verified,2025-03-05 07:51:50,
LOG0001629,Transaction Approved,2024-03-12 09:53:33,
LOG0001630,Transaction Approved,2024-12-05 06:02:17,Transaction Approved event at 06:02:17
LOG0001631,Risk Check Performed,2025-03-14 21:12:24,Risk Check Performed event at 21:12:24
LOG0001632,Payment Processed,2025-04-02 14:36:56,Payment Processed event at 14:36:56
LOG0001633,Payment Processed,2025-06-27 02:00:30,Payment Processed event at 02:00:30
LOG0001634,Transaction Created,2024-03-05 10:24:22,Transaction Created event at 10:24:22
LOG0001635,Risk Check Performed,2025-01-10 14:56:28,Risk Check Performed event at 14:56:28
LOG0001636,Risk Check Performed,2024-05-22 09:20:04,Risk Check Performed event at 09:20:04
LOG0001637,Transaction Approved,2024-12-15 18:52:28,
LOG0001638,Compliance Verified,2024-12-24 15:42:38,
LOG0001639,Transaction Approved,2025-05-03 22:08:09,Transaction Approved event at 22:08:09
LOG0001640,Compliance Verified,2024-10-14 13:56:12,
LOG0001641,Payment Processed,2024-08-14 12:16:55,
LOG0001642,Payment Processed,2024-05-22 08:57:46,
LOG0001643,Payment Processed,2025-07-15 12:19:00,Payment Processed event at 12:19:00
LOG0001644,Transaction Created,2025-07-22 09:59:13,Transaction Created event at 09:59:13
LOG0001645,Transaction Approved,2024-04-22 22:57:35,
LOG0001646,Risk Check Performed,2025-11-10 15:28:39,Risk Check Performed event at 15:28:39
LOG0001647,Transaction Approved,2023-12-05 11:30:15,Transaction Approved event at 11:30:15
LOG0001648,Risk Check Performed,2025-10-18 09:17:15,
LOG0001649,Transaction Created,2024-12-18 01:01:36,
LOG0001650,Compliance Verified,2024-03-06 12:23:27,
LOG0001651,Transaction Approved,2025-01-11 22:55:45,Transaction Approved event at 22:55:45
LOG0001652,Risk Check Performed,2025-01-24 18:39:36,
LOG0001653,Risk Check Performed,2025-05-19 01:50:08,Risk Check Performed event at 01:50:08
LOG0001654,Transaction Created,2024-02-08 20:18:23,
LOG0001655,Transaction Created,2025-02-22 07:14:04,Transaction Created event at 07:14:04
LOG0001656,Compliance Verified,2025-05-07 08:55:27,Compliance Verified event at 08:55:27
LOG0001657,Compliance Verified,2025-08-01 08:06:37,
LOG0001658,Compliance Verified,2025-09-23 01:07:18,
LOG0001659,Risk Check Performed,2024-08-05 19:15:17,Risk Check Performed event at 19:15:17
LOG0001660,Transaction Rejected,2024-10-13 22:11:02,Transaction Rejected event at 22:11:02
LOG0001661,Transaction Created,2025-06-13 23:52:28,Transaction Created event at 23:52:28
LOG0001662,Transaction Created,2024-01-27 03:54:09,
LOG0001663,Transaction Approved,2025-07-30 21:49:51,
LOG0001664,Risk Check Performed,2025-08-01 16:01:32,Risk Check Performed event at 16:01:32
LOG0001665,Transaction Created,2025-12-01 08:39:39,Transaction Created event at 08:39:39
LOG0001666,Risk Check Performed,2024-10-08 04:40:28,Risk Check Performed event at 04:40:28
LOG0001667,Payment Processed,2024-01-06 20:12:56,
LOG0001668,Compliance Verified,2025-04-23 01:17:03,Compliance Verified event at 01:17:03
LOG0001669,Transaction Approved,2024-10-02 23:24:16,Transaction Approved event at 23:24:16
LOG0001670,Transaction Rejected,2024-09-11 18:33:48,
LOG0001671,Risk Check Performed,2024-05-17 13:59:30,Risk Check Performed event at 13:59:30
LOG0001672,Risk Check Performed,2024-04-26 01:42:43,
LOG0001673,Transaction Approved,2024-10-09 02:00:24,
LOG0001674,Transaction Created,2024-11-10 23:46:22,Transaction Created event at 23:46:22
LOG0001675,Risk Check Performed,2024-02-16 03:36:22,Risk Check Performed event at 03:36:22
LOG0001676,Transaction Created,2025-03-21 20:53:47,Transaction Created event at 20:53:47
LOG0001677,Risk Check Performed,2024-02-29 22:44:07,Risk Check Performed event at 22:44:07
LOG0001678,Transaction Created,2024-05-03 10:51:59,Transaction Created event at 10:51:59
LOG0001679,Transaction Approved,2023-12-26 11:19:51,Transaction Approved event at 11:19:51
LOG0001680,Transaction Rejected,2025-08-29 13:51:38,Transaction Rejected event at 13:51:38
LOG0001681,Compliance Verified,2023-12-09 07:01:48,Compliance Verified event at 07:01:48
LOG0001682,Compliance Verified,2023-12-15 10:57:00,Compliance Verified event at 10:57:00
LOG0001683,Transaction Created,2024-11-05 06:50:04,Transaction Created event at 06:50:04
LOG0001684,Compliance Verified,2025-03-09 21:42:04,
LOG0001685,Compliance Verified,2024-08-27 08:41:16,Compliance Verified event at 08:41:16
LOG0001686,Transaction Approved,2024-09-10 23:18:27,Transaction Approved event at 23:18:27
LOG0001687,Risk Check Performed,2024-04-28 05:28:36,Risk Check Performed event at 05:28:36
LOG0001688,Compliance Verified,2024-11-01 12:47:46,
LOG0001689,Compliance Verified,2024-09-25 23:19:28,
LOG0001690,Transaction Approved,2024-09-05 18:15:09,
LOG0001691,Transaction Created,2025-11-03 00:02:42,Transaction Created event at 00:02:42
LOG0001692,Compliance Verified,2024-06-25 18:01:30,Compliance Verified event at 18:01:30
LOG0001693,Risk Check Performed,2024-09-22 22:27:17,Risk Check Performed event at 22:27:17
LOG0001694,Transaction Created,2025-01-04 09:14:14,Transaction Created event at 09:14:14
LOG0001695,Transaction Created,2025-03-10 18:32:37,Transaction Created event at 18:32:37
LOG0001696,Transaction Rejected,2025-08-18 01:48:04,
LOG0001697,Transaction Approved,2025-07-18 05:39:21,
LOG0001698,Transaction Approved,2024-06-30 22:51:50,Transaction Approved event at 22:51:50
LOG0001699,Transaction Created,2025-09-13 12:11:20,Transaction Created event at 12:11:20
LOG0001700,Transaction Approved,2024-06-07 19:37:33,Transaction Approved event at 19:37:33
LOG0001701,Compliance Verified,2025-06-27 13:16:11,Compliance Verified event at 13:16:11
LOG0001702,Risk Check Performed,2024-10-21 04:26:45,
LOG0001703,Compliance Verified,2024-01-30 13:30:34,Compliance Verified event at 13:30:34
LOG0001704,Transaction Rejected,2025-04-26 18:00:17,Transaction Rejected event at 18:00:17
LOG0001705,Compliance Verified,2024-10-05 08:49:31,Compliance Verified event at 08:49:31
LOG0001706,Risk Check Performed,2025-10-04 05:41:43,
LOG0001707,Transaction Approved,2024-08-16 19:06:15,
LOG0001708,Risk Check Performed,2025-08-22 04:13:30,Risk Check Performed event at 04:13:30
LOG0001709,Transaction Approved,2025-11-10 06:32:27,Transaction Approved event at 06:32:27
LOG0001710,Risk Check Performed,2023-12-12 23:45:57,Risk Check Performed event at 23:45:57
LOG0001711,Transaction Approved,2025-06-07 20:28:42,
LOG0001712,Payment Processed,2025-08-20 04:06:40,
LOG0001713,Transaction Approved,2025-09-01 06:36:18,Transaction Approved event at 06:36:18
LOG0001714,Transaction Created,2024-11-11 01:32:50,Transaction Created event at 01:32:50
LOG0001715,Compliance Verified,2025-10-20 07:13:50,
LOG0001716,Compliance Verified,2024-10-13 02:52:36,
LOG0001717,Compliance Verified,2024-01-07 13:01:01,Compliance Verified event at 13:01:01
LOG0001718,Compliance Verified,2025-09-18 07:44:19,
LOG0001719,Payment Processed,2025-10-04 04:28:57,
LOG0001720,Risk Check Performed,2024-04-02 09:50:08,Risk Check Performed event at 09:50:08
LOG0001721,Risk Check Performed,2024-06-10 11:02:36,
LOG0001722,Transaction Rejected,2024-10-02 18:28:00,
LOG0001723,Transaction Created,2025-05-10 20:34:17,Transaction Created event at 20:34:17
LOG0001724,Transaction Rejected,2024-05-17 02:03:55,Transaction Rejected event at 02:03:55
LOG0001725,Transaction Created,2024-06-29 03:46:40,Transaction Created event at 03:46:40
LOG0001726,Compliance Verified,2024-07-03 09:32:28,Compliance Verified event at 09:32:28
LOG0001727,Transaction Created,2025-08-20 00:59:34,Transaction Created event at 00:59:34
LOG0001728,Transaction Created,2025-01-18 10:49:52,Transaction Created event at 10:49:52
LOG0001729,Transaction Approved,2025-04-26 18:38:40,Transaction Approved event at 18:38:40
LOG0001730,Compliance Verified,2024-01-06 02:52:10,
LOG0001731,Risk Check Performed,2025-06-18 10:02:55,Risk Check Performed event at 10:02:55
LOG0001732,Transaction Rejected,2025-08-03 10:02:08,Transaction Rejected event at 10:02:08
LOG0001733,Risk Check Performed,2025-10-06 07:17:23,Risk Check Performed event at 07:17:23
LOG0001734,Payment Processed,2025-05-09 01:53:01,Payment Processed event at 01:53:01
LOG0001735,Transaction Approved,2024-06-16 19:22:57,Transaction Approved event at 19:22:57
LOG0001736,Compliance Verified,2025-07-30 00:48:16,
LOG0001737,Compliance Verified,2024-11-27 03:37:31,Compliance Verified event at 03:37:31
LOG0001738,Risk Check Performed,2024-09-15 21:51:48,
LOG0001739,Transaction Approved,2024-10-15 08:29:15,Transaction Approved event at 08:29:15
LOG0001740,Transaction Created,2025-10-31 18:00:34,
LOG0001741,Transaction Created,2024-08-15 04:50:11,Transaction Created event at 04:50:11
LOG0001742,Transaction Approved,2025-09-30 04:52:40,Transaction Approved event at 04:52:40
LOG0001743,Transaction Approved,2024-07-30 00:02:41,
LOG0001744,Transaction Created,2024-09-14 03:50:48,
LOG0001745,Compliance Verified,2025-06-10 13:39:58,Compliance Verified event at 13:39:58
LOG0001746,Risk Check Performed,2024-01-27 10:43:01,
LOG0001747,Transaction Approved,2025-10-25 22:23:11,
LOG0001748,Transaction Approved,2024-02-17 00:23:41,Transaction Approved event at 00:23:41
LOG0001749,Payment Processed,2025-09-08 04:11:00,Payment Processed event at 04:11:00
LOG0001750,Transaction Created,2024-07-22 14:29:44,Transaction Created event at 14:29:44
LOG0001751,Compliance Verified,2025-07-16 21:09:52,Compliance Verified event at 21:09:52
LOG0001752,Compliance Verified,2024-06-08 16:47:52,
LOG0001753,Transaction Approved,2025-02-11 04:28:34,Transaction Approved event at 04:28:34
LOG0001754,Compliance Verified,2024-06-29 21:50:01,Compliance Verified event at 21:50:01
LOG0001755,Risk Check Performed,2024-03-18 23:37:28,
LOG0001756,Transaction Approved,2025-11-05 08:33:50,Transaction Approved event at 08:33:50
LOG0001757,Transaction Approved,2024-05-13 22:44:31,
LOG0001758,Transaction Rejected,2025-03-10 18:04:25,Transaction Rejected event at 18:04:25
LOG0001759,Transaction Created,2025-09-17 19:30:33,Transaction Created event at 19:30:33
LOG0001760,Compliance Verified,2025-11-06 23:44:09,Compliance Verified event at 23:44:09
LOG0001761,Transaction Approved,2025-03-30 00:39:16,Transaction Approved event at 00:39:16
LOG0001762,Compliance Verified,2025-04-24 17:49:57,
LOG0001763,Compliance Verified,2024-09-01 08:03:32,
LOG0001764,Transaction Rejected,2025-06-17 12:20:57,
LOG0001765,Transaction Rejected,2024-12-04 20:28:37,Transaction Rejected event at 20:28:37
LOG0001766,Compliance Verified,2025-11-05 04:56:39,
LOG0001767,Transaction Approved,2024-03-17 06:16:54,Transaction Approved event at 06:16:54
LOG0001768,Transaction Created,2024-03-27 02:31:33,Transaction Created event at 02:31:33
LOG0001769,Risk Check Performed,2025-01-24 15:07:48,
LOG0001770,Transaction Approved,2025-07-02 20:13:38,Transaction Approved event at 20:13:38
LOG0001771,Compliance Verified,2025-10-27 12:18:45,
LOG0001772,Transaction Created,2025-09-15 02:46:00,Transaction Created event at 02:46:00
LOG0001773,Risk Check Performed,2024-10-11 15:39:13,
LOG0001774,Compliance Verified,2024-04-23 18:31:30,Compliance Verified event at 18:31:30
LOG0001775,Compliance Verified,2025-06-21 08:51:30,Compliance Verified event at 08:51:30
LOG0001776,Compliance Verified,2023-12-09 15:37:00,
LOG0001777,Risk Check Performed,2024-06-03 18:40:44,Risk Check Performed event at 18:40:44
LOG0001778,Risk Check Performed,2024-04-14 22:12:05,Risk Check Performed event at 22:12:05
LOG0001779,Compliance Verified,2024-01-27 11:35:08,
LOG0001780,Transaction Approved,2025-09-15 23:52:40,Transaction Approved event at 23:52:40
LOG0001781,Transaction Approved,2024-06-18 14:17:46,Transaction Approved event at 14:17:46
LOG0001782,Transaction Created,2025-09-29 09:48:13,Transaction Created event at 09:48:13
LOG0001783,Risk Check Performed,2025-08-29 10:34:38,Risk Check Performed event at 10:34:38
LOG0001784,Transaction Created,2024-08-05 03:34:16,
LOG0001785,Compliance Verified,2024-02-09 16:33:03,Compliance Verified event at 16:33:03
LOG0001786,Transaction Created,2025-01-09 23:03:10,Transaction Created event at 23:03:10
LOG0001787,Risk Check Performed,2025-07-16 19:23:05,Risk Check Performed event at 19:23:05
LOG0001788,Risk Check Performed,2025-03-20 14:50:18,Risk Check Performed event at 14:50:18
LOG0001789,Transaction Approved,2025-11-10 20:26:26,
LOG0001790,Payment Processed,2024-06-22 08:12:40,
LOG0001791,Compliance Verified,2024-05-11 18:29:34,Compliance Verified event at 18:29:34
LOG0001792,Compliance Verified,2024-10-01 21:21:18,Compliance Verified event at 21:21:18
LOG0001793,Risk Check Performed,2024-11-13 12:59:58,Risk Check Performed event at 12:59:58
LOG0001794,Transaction Approved,2025-11-30 13:05:19,Transaction Approved event at 13:05:19
LOG0001795,Compliance Verified,2025-03-07 12:56:46,Compliance Verified event at 12:56:46
LOG0001796,Payment Processed,2025-01-18 10:18:00,Payment Processed event at 10:18:00
LOG0001797,Payment Processed,2024-05-03 19:47:01,Payment Processed event at 19:47:01
LOG0001798,Transaction Created,2024-01-19 13:36:16,Transaction Created event at 13:36:16
LOG0001799,Transaction Approved,2024-05-17 19:52:32,Transaction Approved event at 19:52:32
LOG0001800,Transaction Created,2025-11-30 22:34:31,Transaction Created event at 22:34:31
LOG0001801,Risk Check Performed,2023-12-30 21:39:40,Risk Check Performed event at 21:39:40
LOG0001802,Compliance Verified,2023-12-30 13:11:11,Compliance Verified event at 13:11:11
LOG0001803,Transaction Rejected,2024-07-29 05:22:39,
LOG0001804,Transaction Created,2025-08-10 21:49:06,Transaction Created event at 21:49:06
LOG0001805,Risk Check Performed,2025-04-29 12:53:10,Risk Check Performed event at 12:53:10
LOG0001806,Transaction Created,2024-12-06 05:05:32,Transaction Created event at 05:05:32
LOG0001807,Payment Processed,2024-05-06 06:40:54,Payment Processed event at 06:40:54
LOG0001808,Transaction Created,2024-11-16 04:54:42,
LOG0001809,Transaction Approved,2023-12-23 12:53:16,Transaction Approved event at 12:53:16
LOG0001810,Risk Check Performed,2024-02-24 19:42:38,
LOG0001811,Transaction Created,2025-02-18 04:10:59,Transaction Created event at 04:10:59
LOG0001812,Transaction Approved,2025-10-03 03:44:22,
LOG0001813,Transaction Rejected,2025-09-10 08:29:25,Transaction Rejected event at 08:29:25
LOG0001814,Transaction Created,2025-02-11 14:55:21,
LOG0001815,Compliance Verified,2024-03-05 14:51:36,
LOG0001816,Risk Check Performed,2025-05-10 12:08:07,Risk Check Performed event at 12:08:07
LOG0001817,Payment Processed,2024-11-05 02:46:41,
LOG0001818,Transaction Created,2025-04-08 06:57:21,Transaction Created event at 06:57:21
LOG0001819,Transaction Approved,2025-05-10 04:36:06,
LOG0001820,Compliance Verified,2025-10-23 09:50:58,Compliance Verified event at 09:50:58
LOG0001821,Compliance Verified,2024-12-23 23:23:09,Compliance Verified event at 23:23:09
LOG0001822,Compliance Verified,2024-01-25 15:30:35,Compliance Verified event at 15:30:35
LOG0001823,Risk Check Performed,2024-03-13 00:25:45,
LOG0001824,Risk Check Performed,2024-12-23 09:26:51,
LOG0001825,Transaction Rejected,2023-12-17 10:28:59,Transaction Rejected event at 10:28:59
LOG0001826,Transaction Created,2025-10-12 17:02:54,Transaction Created event at 17:02:54
LOG0001827,Compliance Verified,2024-03-02 08:30:56,Compliance Verified event at 08:30:56
LOG0001828,Transaction Created,2025-11-12 19:35:23,
LOG0001829,Compliance Verified,2025-05-04 14:06:57,Compliance Verified event at 14:06:57
LOG0001830,Risk Check Performed,2024-05-21 22:58:48,Risk Check Performed event at 22:58:48
LOG0001831,Transaction Created,2025-05-28 22:47:20,
LOG0001832,Risk Check Performed,2024-04-10 03:36:35,Risk Check Performed event at 03:36:35
LOG0001833,Transaction Approved,2024-03-15 03:16:18,Transaction Approved event at 03:16:18
LOG0001834,Transaction Created,2024-03-29 20:28:31,
LOG0001835,Transaction Approved,2025-10-25 13:16:07,Transaction Approved event at 13:16:07
LOG0001836,Transaction Approved,2024-05-25 10:26:45,Transaction Approved event at 10:26:45
LOG0001837,Transaction Approved,2024-07-12 12:49:15,Transaction Approved event at 12:49:15
LOG0001838,Risk Check Performed,2025-10-13 03:53:24,
LOG0001839,Compliance Verified,2025-11-23 00:45:12,Compliance Verified event at 00:45:12
LOG0001840,Transaction Created,2024-09-15 11:37:10,
LOG0001841,Transaction Created,2023-12-29 09:11:57,Transaction Created event at 09:11:57
LOG0001842,Risk Check Performed,2025-04-02 10:45:12,Risk Check Performed event at 10:45:12
LOG0001843,Transaction Rejected,2024-07-03 01:31:36,Transaction Rejected event at 01:31:36
LOG0001844,Transaction Created,2025-05-21 03:57:58,
LOG0001845,Risk Check Performed,2025-06-20 09:09:04,
LOG0001846,Transaction Created,2024-05-31 19:55:17,Transaction Created event at 19:55:17
LOG0001847,Transaction Approved,2024-10-24 06:05:11,
LOG0001848,Risk Check Performed,2025-03-03 14:33:53,
LOG0001849,Transaction Approved,2025-04-01 19:41:01,Transaction Approved event at 19:41:01
LOG0001850,Transaction Approved,2024-10-13 08:13:14,
LOG0001851,Transaction Rejected,2025-03-11 20:51:46,
LOG0001852,Transaction Rejected,2025-02-11 04:20:20,Transaction Rejected event at 04:20:20
LOG0001853,Transaction Created,2023-12-10 16:26:59,
LOG0001854,Transaction Created,2024-05-17 14:14:59,
LOG0001855,Compliance Verified,2024-02-24 07:53:52,Compliance Verified event at 07:53:52
LOG0001856,Risk Check Performed,2024-06-07 21:17:15,
LOG0001857,Transaction Rejected,2024-03-11 18:47:00,Transaction Rejected event at 18:47:00
LOG0001858,Compliance Verified,2024-06-27 02:55:16,Compliance Verified event at 02:55:16
LOG0001859,Transaction Rejected,2024-07-31 10:09:36,Transaction Rejected event at 10:09:36
LOG0001860,Transaction Approved,2024-07-01 13:09:13,Transaction Approved event at 13:09:13
LOG0001861,Transaction Created,2025-11-28 23:55:08,Transaction Created event at 23:55:08
LOG0001862,Payment Processed,2024-02-08 17:09:55,Payment Processed event at 17:09:55
LOG0001863,Risk Check Performed,2024-11-21 11:18:07,Risk Check Performed event at 11:18:07
LOG0001864,Transaction Rejected,2024-02-19 21:33:11,Transaction Rejected event at 21:33:11
LOG0001865,Risk Check Performed,2024-01-10 01:11:11,Risk Check Performed event at 01:11:11
LOG0001866,Transaction Created,2024-01-03 06:30:22,
LOG0001867,Compliance Verified,2025-04-20 19:22:47,Compliance Verified event at 19:22:47
LOG0001868,Risk Check Performed,2024-11-24 18:49:09,Risk Check Performed event at 18:49:09
LOG0001869,Transaction Created,2024-01-24 10:10:04,Transaction Created event at 10:10:04
LOG0001870,Transaction Created,2025-03-06 20:14:53,Transaction Created event at 20:14:53
LOG0001871,Transaction Approved,2024-04-25 01:01:22,Transaction Approved event at 01:01:22
LOG0001872,Transaction Created,2024-10-16 22:28:18,Transaction Created event at 22:28:18
LOG0001873,Transaction Approved,2024-02-23 02:44:44,Transaction Approved event at 02:44:44
LOG0001874,Transaction Rejected,2025-05-11 03:29:35,
LOG0001875,Risk Check Performed,2025-01-22 03:44:38,Risk Check Performed event at 03:44:38
LOG0001876,Compliance Verified,2024-06-03 06:25:07,
LOG0001877,Transaction Created,2025-05-22 18:15:50,Transaction Created event at 18:15:50
LOG0001878,Compliance Verified,2024-10-16 07:36:01,Compliance Verified event at 07:36:01
LOG0001879,Risk Check Performed,2024-02-29 13:14:45,Risk Check Performed event at 13:14:45
LOG0001880,Risk Check Performed,2025-01-30 11:09:20,Risk Check Performed event at 11:09:20
LOG0001881,Compliance Verified,2024-03-31 14:41:00,Compliance Verified event at 14:41:00
LOG0001882,Payment Processed,2024-01-26 00:17:27,Payment Processed event at 00:17:27
LOG0001883,Payment Processed,2024-05-23 14:42:19,Payment Processed event at 14:42:19
LOG0001884,Compliance Verified,2024-06-10 23:44:40,Compliance Verified event at 23:44:40
LOG0001885,Compliance Verified,2024-08-19 00:24:08,
LOG0001886,Risk Check Performed,2025-04-03 13:05:49,
LOG0001887,Compliance Verified,2025-06-18 11:15:14,Compliance Verified event at 11:15:14
LOG0001888,Transaction Created,2025-05-29 13:59:23,
LOG0001889,Risk Check Performed,2024-03-19 06:41:38,Risk Check Performed event at 06:41:38
LOG0001890,Compliance Verified,2025-11-19 13:40:06,
LOG0001891,Transaction Created,2024-02-10 18:00:37,Transaction Created event at 18:00:37
LOG0001892,Risk Check Performed,2025-02-04 05:35:29,Risk Check Performed event at 05:35:29
LOG0001893,Risk Check Performed,2024-06-22 20:41:15,Risk Check Performed event at 20:41:15
LOG0001894,Payment Processed,2025-02-17 23:07:19,Payment Processed event at 23:07:19
LOG0001895,Transaction Created,2025-06-18 13:05:01,Transaction Created event at 13:05:01
LOG0001896,Risk Check Performed,2024-11-12 16:07:21,Risk Check Performed event at 16:07:21
LOG0001897,Transaction Rejected,2025-05-14 08:22:58,Transaction Rejected event at 08:22:58
LOG0001898,Risk Check Performed,2023-12-14 19:37:49,Risk Check Performed event at 19:37:49
LOG0001899,Compliance Verified,2024-02-05 04:28:12,Compliance Verified event at 04:28:12
LOG0001900,Risk Check Performed,2025-06-17 10:40:26,
LOG0001901,Transaction Created,2024-10-08 23:51:42,Transaction Created event at 23:51:42
LOG0001902,Risk Check Performed,2024-10-20 02:49:13,Risk Check Performed event at 02:49:13
LOG0001903,Risk Check Performed,2024-12-10 17:19:03,
LOG0001904,Transaction Approved,2025-07-01 08:23:02,
LOG0001905,Transaction Approved,2024-05-13 12:06:24,Transaction Approved event at 12:06:24
LOG0001906,Risk Check Performed,2025-06-28 06:31:47,Risk Check Performed event at 06:31:47
LOG0001907,Transaction Created,2025-05-19 11:36:44,
LOG0001908,Risk Check Performed,2025-03-12 12:39:40,Risk Check Performed event at 12:39:40
LOG0001909,Transaction Approved,2025-04-26 00:28:53,
LOG0001910,Transaction Approved,2025-11-05 00:14:34,Transaction Approved event at 00:14:34
LOG0001911,Transaction Approved,2025-05-14 17:12:29,Transaction Approved event at 17:12:29
LOG0001912,Risk Check Performed,2025-07-24 21:12:52,Risk Check Performed event at 21:12:52
LOG0001913,Risk Check Performed,2025-05-15 04:24:44,Risk Check Performed event at 04:24:44
LOG0001914,Transaction Approved,2024-06-13 16:40:37,Transaction Approved event at 16:40:37
LOG0001915,Transaction Created,2024-12-10 11:39:08,Transaction Created event at 11:39:08
LOG0001916,Payment Processed,2025-09-21 19:28:25,Payment Processed event at 19:28:25
LOG0001917,Transaction Created,2025-03-13 08:46:24,Transaction Created event at 08:46:24
LOG0001918,Risk Check Performed,2025-04-19 06:50:34,Risk Check Performed event at 06:50:34
LOG0001919,Transaction Rejected,2024-03-20 16:58:12,Transaction Rejected event at 16:58:12
LOG0001920,Transaction Created,2024-11-20 19:26:27,Transaction Created event at 19:26:27
LOG0001921,Risk Check Performed,2025-04-08 05:37:03,Risk Check Performed event at 05:37:03
LOG0001922,Risk Check Performed,2024-02-29 11:35:16,Risk Check Performed event at 11:35:16
LOG0001923,Transaction Approved,2025-05-13 13:10:04,Transaction Approved event at 13:10:04
LOG0001924,Risk Check Performed,2024-11-28 15:47:33,Risk Check Performed event at 15:47:33
LOG0001925,Payment Processed,2024-01-09 16:40:30,Payment Processed event at 16:40:30
LOG0001926,Transaction Approved,2024-04-12 22:43:59,Transaction Approved event at 22:43:59
LOG0001927,Risk Check Performed,2024-06-26 16:37:07,Risk Check Performed event at 16:37:07
LOG0001928,Transaction Approved,2025-06-10 12:51:40,
LOG0001929,Transaction Approved,2024-09-05 06:21:00,Transaction Approved event at 06:21:00
LOG0001930,Compliance Verified,2025-09-02 10:40:47,
LOG0001931,Compliance Verified,2025-01-24 11:52:35,Compliance Verified event at 11:52:35
LOG0001932,Transaction Created,2024-03-02 08:53:56,
LOG0001933,Transaction Approved,2024-10-02 09:06:18,
LOG0001934,Transaction Created,2024-02-18 21:20:03,Transaction Created event at 21:20:03
LOG0001935,Transaction Created,2025-11-14 05:20:19,
LOG0001936,Compliance Verified,2025-09-14 10:23:53,
LOG0001937,Transaction Created,2024-04-14 06:25:31,Transaction Created event at 06:25:31
LOG0001938,Transaction Rejected,2025-08-01 07:27:59,Transaction Rejected event at 07:27:59
LOG0001939,Transaction Created,2024-09-29 16:38:27,Transaction Created event at 16:38:27
LOG0001940,Transaction Approved,2025-09-21 11:40:14,
LOG0001941,Payment Processed,2025-03-28 15:08:45,
LOG0001942,Compliance Verified,2025-06-12 07:57:10,
LOG0001943,Transaction Created,2025-03-08 11:09:45,Transaction Created event at 11:09:45
LOG0001944,Transaction Approved,2023-12-10 12:08:02,Transaction Approved event at 12:08:02
LOG0001945,Risk Check Performed,2024-11-03 19:47:50,Risk Check Performed event at 19:47:50
LOG0001946,Risk Check Performed,2024-11-09 19:48:40,Risk Check Performed event at 19:48:40
LOG0001947,Transaction Created,2024-09-18 15:17:02,Transaction Created event at 15:17:02
LOG0001948,Risk Check Performed,2024-11-20 19:49:55,Risk Check Performed event at 19:49:55
LOG0001949,Transaction Rejected,2023-12-15 02:39:53,Transaction Rejected event at 02:39:53
LOG0001950,Risk Check Performed,2025-11-07 08:38:21,Risk Check Performed event at 08:38:21
LOG0001951,Transaction Rejected,2024-12-19 07:38:07,Transaction Rejected event at 07:38:07
LOG0001952,Risk Check Performed,2024-09-12 22:03:21,Risk Check Performed event at 22:03:21
LOG0001953,Risk Check Performed,2025-04-29 12:27:20,
LOG0001954,Transaction Created,2024-07-23 19:01:28,Transaction Created event at 19:01:28
LOG0001955,Payment Processed,2024-01-24 11:33:08,Payment Processed event at 11:33:08
LOG0001956,Risk Check Performed,2025-07-26 14:52:40,Risk Check Performed event at 14:52:40
LOG0001957,Transaction Approved,2025-08-21 18:22:37,Transaction Approved event at 18:22:37
LOG0001958,Compliance Verified,2025-06-28 16:53:23,
LOG0001959,Transaction Approved,2024-07-31 15:17:59,Transaction Approved event at 15:17:59
LOG0001960,Transaction Created,2024-01-14 00:16:29,Transaction Created event at 00:16:29
LOG0001961,Transaction Created,2025-04-01 18:10:28,
LOG0001962,Transaction Created,2024-06-11 23:52:30,
LOG0001963,Risk Check Performed,2024-03-07 23:20:01,Risk Check Performed event at 23:20:01
LOG0001964,Transaction Created,2025-03-30 12:50:45,
LOG0001965,Compliance Verified,2025-07-19 20:25:46,Compliance Verified event at 20:25:46
LOG0001966,Transaction Approved,2024-03-11 05:35:49,Transaction Approved event at 05:35:49
LOG0001967,Transaction Approved,2024-05-26 04:05:22,Transaction Approved event at 04:05:22
LOG0001968,Risk Check Performed,2024-04-30 14:49:16,Risk Check Performed event at 14:49:16
LOG0001969,Risk Check Performed,2024-10-31 19:47:57,
LOG0001970,Risk Check Performed,2024-11-10 05:27:47,Risk Check Performed event at 05:27:47
LOG0001971,Risk Check Performed,2025-07-25 07:10:55,Risk Check Performed event at 07:10:55
LOG0001972,Payment Processed,2024-01-20 19:01:51,Payment Processed event at 19:01:51
LOG0001973,Transaction Rejected,2024-09-04 04:33:12,Transaction Rejected event at 04:33:12
LOG0001974,Compliance Verified,2024-12-07 21:15:16,
LOG0001975,Compliance Verified,2025-07-13 00:30:39,
LOG0001976,Payment Processed,2025-08-09 08:55:39,Payment Processed event at 08:55:39
LOG0001977,Transaction Approved,2024-07-27 19:05:06,
LOG0001978,Transaction Approved,2025-11-13 05:21:59,Transaction Approved event at 05:21:59
LOG0001979,Compliance Verified,2024-11-26 12:56:50,
LOG0001980,Compliance Verified,2025-11-04 20:33:35,
LOG0001981,Compliance Verified,2025-10-05 23:35:00,Compliance Verified event at 23:35:00
LOG0001982,Risk Check Performed,2025-08-25 16:52:03,
LOG0001983,Compliance Verified,2025-08-21 07:05:53,Compliance Verified event at 07:05:53
LOG0001984,Transaction Rejected,2025-01-03 19:39:14,
LOG0001985,Transaction Approved,2024-02-26 11:06:15,Transaction Approved event at 11:06:15
LOG0001986,Transaction Rejected,2025-04-04 06:37:30,Transaction Rejected event at 06:37:30
LOG0001987,Transaction Created,2025-08-28 01:20:02,
LOG0001988,Transaction Rejected,2025-03-13 01:30:45,
LOG0001989,Risk Check Performed,2025-08-06 00:49:17,
LOG0001990,Transaction Created,2024-03-02 16:02:13,
LOG0001991,Transaction Created,2025-10-16 11:57:17,
LOG0001992,Compliance Verified,2025-04-09 04:52:41,Compliance Verified event at 04:52:41
LOG0001993,Risk Check Performed,2024-06-05 11:45:39,
LOG0001994,Transaction Created,2025-06-18 08:58:35,Transaction Created event at 08:58:35
LOG0001995,Payment Processed,2025-01-17 20:42:54,Payment Processed event at 20:42:54
LOG0001996,Transaction Rejected,2024-01-18 20:49:48,
LOG0001997,Compliance Verified,2025-11-14 21:20:46,
LOG0001998,Risk Check Performed,2024-11-03 15:46:25,
LOG0001999,Transaction Created,2024-11-29 07:57:19,
LOG0002000,Payment Processed,2024-08-21 17:04:52,Payment Processed event at 17:04:52
LOG0002001,Transaction Rejected,2024-01-12 06:03:28,
LOG0002002,Transaction Rejected,2023-12-14 21:56:31,Transaction Rejected event at 21:56:31
LOG0002003,Transaction Created,2025-02-09 14:40:08,Transaction Created event at 14:40:08
LOG0002004,Transaction Created,2025-10-09 09:11:58,Transaction Created event at 09:11:58
LOG0002005,Transaction Approved,2025-04-18 11:21:57,Transaction Approved event at 11:21:57
LOG0002006,Compliance Verified,2024-03-05 06:32:30,Compliance Verified event at 06:32:30
LOG0002007,Payment Processed,2024-04-18 04:13:33,
LOG0002008,Compliance Verified,2023-12-30 18:58:34,Compliance Verified event at 18:58:34
LOG0002009,Transaction Rejected,2025-08-21 22:43:26,
LOG0002010,Transaction Approved,2024-12-06 10:51:55,
LOG0002011,Compliance Verified,2025-06-23 06:51:09,Compliance Verified event at 06:51:09
LOG0002012,Transaction Rejected,2025-02-19 23:46:58,Transaction Rejected event at 23:46:58
LOG0002013,Compliance Verified,2025-02-10 22:42:12,Compliance Verified event at 22:42:12
LOG0002014,Risk Check Performed,2024-01-10 15:47:58,
LOG0002015,Transaction Rejected,2025-05-05 13:01:21,
LOG0002016,Risk Check Performed,2024-04-16 10:08:00,Risk Check Performed event at 10:08:00
LOG0002017,Payment Processed,2024-12-15 20:18:59,Payment Processed event at 20:18:59
LOG0002018,Compliance Verified,2024-04-12 00:35:48,Compliance Verified event at 00:35:48
LOG0002019,Payment Processed,2025-03-02 11:14:39,Payment Processed event at 11:14:39
LOG0002020,Transaction Created,2025-11-17 03:37:30,
LOG0002021,Payment Processed,2024-04-18 08:36:28,
LOG0002022,Compliance Verified,2024-02-26 13:59:16,
LOG0002023,Transaction Created,2025-06-02 06:42:50,
LOG0002024,Compliance Verified,2025-02-14 11:02:06,Compliance Verified event at 11:02:06
LOG0002025,Risk Check Performed,2025-01-15 00:44:42,Risk Check Performed event at 00:44:42
LOG0002026,Compliance Verified,2025-01-18 12:51:31,Compliance Verified event at 12:51:31
LOG0002027,Risk Check Performed,2025-10-09 01:51:25,Risk Check Performed event at 01:51:25
LOG0002028,Risk Check Performed,2025-05-05 00:06:52,Risk Check Performed event at 00:06:52
LOG0002029,Risk Check Performed,2024-01-26 11:15:17,Risk Check Performed event at 11:15:17
LOG0002030,Payment Processed,2025-03-12 21:23:18,Payment Processed event at 21:23:18
LOG0002031,Transaction Created,2024-04-12 04:51:19,
LOG0002032,Transaction Approved,2025-10-25 10:44:49,
LOG0002033,Risk Check Performed,2025-11-12 14:45:02,Risk Check Performed event at 14:45:02
LOG0002034,Transaction Rejected,2024-12-18 23:47:34,Transaction Rejected event at 23:47:34
LOG0002035,Payment Processed,2024-01-15 00:03:40,Payment Processed event at 00:03:40
LOG0002036,Payment Processed,2025-08-20 23:26:48,
LOG0002037,Risk Check Performed,2025-04-06 18:32:16,
LOG0002038,Payment Processed,2024-07-15 14:43:25,Payment Processed event at 14:43:25
LOG0002039,Transaction Created,2024-04-16 12:40:26,
LOG0002040,Compliance Verified,2024-03-30 11:08:20,
LOG0002041,Compliance Verified,2024-10-22 05:45:37,Compliance Verified event at 05:45:37
LOG0002042,Payment Processed,2025-05-27 22:55:20,
LOG0002043,Transaction Rejected,2024-03-29 07:30:31,Transaction Rejected event at 07:30:31
LOG0002044,Transaction Approved,2025-09-30 21:47:18,Transaction Approved event at 21:47:18
LOG0002045,Transaction Created,2024-09-23 01:16:55,
LOG0002046,Payment Processed,2025-11-30 01:11:21,Payment Processed event at 01:11:21
LOG0002047,Compliance Verified,2025-02-25 08:36:05,
LOG0002048,Compliance Verified,2024-07-23 05:42:37,Compliance Verified event at 05:42:37
LOG0002049,Transaction Approved,2025-07-05 13:57:09,
LOG0002050,Transaction Created,2024-01-16 16:38:30,
LOG0002051,Transaction Created,2024-12-31 08:47:22,Transaction Created event at 08:47:22
LOG0002052,Risk Check Performed,2025-02-19 14:57:08,Risk Check Performed event at 14:57:08
LOG0002053,Payment Processed,2025-09-21 13:51:35,Payment Processed event at 13:51:35
LOG0002054,Transaction Approved,2025-09-24 13:51:30,
LOG0002055,Transaction Approved,2024-10-19 13:38:37,
LOG0002056,Risk Check Performed,2025-10-26 06:07:47,Risk Check Performed event at 06:07:47
LOG0002057,Risk Check Performed,2025-08-10 19:36:07,
LOG0002058,Transaction Created,2024-08-31 22:02:02,
LOG0002059,Risk Check Performed,2024-10-19 22:03:13,Risk Check Performed event at 22:03:13
LOG0002060,Payment Processed,2023-12-12 04:32:13,Payment Processed event at 04:32:13
LOG0002061,Transaction Approved,2024-12-08 13:00:18,
LOG0002062,Transaction Approved,2024-09-05 04:47:09,
LOG0002063,Transaction Created,2024-08-10 03:09:02,Transaction Created event at 03:09:02
LOG0002064,Transaction Approved,2023-12-03 19:00:07,Transaction Approved event at 19:00:07
LOG0002065,Compliance Verified,2025-03-03 15:48:07,
LOG0002066,Payment Processed,2024-07-22 03:46:35,Payment Processed event at 03:46:35
LOG0002067,Transaction Approved,2024-04-16 23:23:58,Transaction Approved event at 23:23:58
LOG0002068,Compliance Verified,2024-01-01 09:06:55,Compliance Verified event at 09:06:55
LOG0002069,Transaction Rejected,2025-11-02 20:05:48,
LOG0002070,Payment Processed,2023-12-28 05:30:32,Payment Processed event at 05:30:32
LOG0002071,Transaction Approved,2024-08-03 07:15:22,Transaction Approved event at 07:15:22
LOG0002072,Compliance Verified,2025-07-27 12:45:23,
LOG0002073,Compliance Verified,2024-08-28 16:57:27,
LOG0002074,Transaction Rejected,2025-10-26 05:11:01,
LOG0002075,Risk Check Performed,2024-10-02 09:58:06,Risk Check Performed event at 09:58:06
LOG0002076,Transaction Approved,2024-12-21 08:13:37,
LOG0002077,Transaction Rejected,2024-03-02 21:45:59,
LOG0002078,Transaction Rejected,2025-12-02 12:03:35,Transaction Rejected event at 12:03:35
LOG0002079,Transaction Created,2024-05-21 12:35:20,Transaction Created event at 12:35:20
LOG0002080,Payment Processed,2025-07-18 12:01:54,
LOG0002081,Payment Processed,2024-07-03 20:22:47,
LOG0002082,Risk Check Performed,2025-10-12 06:31:00,
LOG0002083,Compliance Verified,2025-06-24 06:21:40,
LOG0002084,Transaction Created,2025-10-17 21:54:47,Transaction Created event at 21:54:47
LOG0002085,Payment Processed,2025-03-22 17:36:41,Payment Processed event at 17:36:41
LOG0002086,Transaction Rejected,2023-12-15 02:25:24,Transaction Rejected event at 02:25:24
LOG0002087,Risk Check Performed,2025-01-12 22:54:51,Risk Check Performed event at 22:54:51
LOG0002088,Compliance Verified,2024-09-09 20:05:32,Compliance Verified event at 20:05:32
LOG0002089,Compliance Verified,2023-12-16 18:51:48,Compliance Verified event at 18:51:48
LOG0002090,Compliance Verified,2025-03-17 18:46:08,
LOG0002091,Transaction Rejected,2024-09-20 03:33:11,
LOG0002092,Transaction Created,2025-07-13 01:47:03,
LOG0002093,Transaction Created,2025-11-20 03:59:52,
LOG0002094,Compliance Verified,2024-12-06 11:19:27,Compliance Verified event at 11:19:27
LOG0002095,Transaction Rejected,2025-11-20 10:24:42,
LOG0002096,Transaction Rejected,2024-10-31 21:16:29,
LOG0002097,Transaction Created,2024-09-05 10:15:20,
LOG0002098,Transaction Approved,2025-10-12 20:55:41,
LOG0002099,Compliance Verified,2024-05-28 11:45:22,
LOG0002100,Transaction Created,2025-03-31 17:19:15,
LOG0002101,Transaction Rejected,2024-08-26 07:10:03,
LOG0002102,Compliance Verified,2024-09-07 00:37:10,Compliance Verified event at 00:37:10
LOG0002103,Compliance Verified,2025-04-23 08:54:39,
LOG0002104,Payment Processed,2024-01-03 06:48:28,Payment Processed event at 06:48:28
LOG0002105,Transaction Rejected,2024-10-11 13:43:29,
LOG0002106,Transaction Created,2025-01-29 18:58:26,Transaction Created event at 18:58:26
LOG0002107,Compliance Verified,2025-03-05 07:48:10,Compliance Verified event at 07:48:10
LOG0002108,Compliance Verified,2025-11-10 10:56:33,Compliance Verified event at 10:56:33
LOG0002109,Transaction Approved,2024-01-28 08:56:32,Transaction Approved event at 08:56:32
LOG0002110,Payment Processed,2024-07-10 23:42:35,Payment Processed event at 23:42:35
LOG0002111,Risk Check Performed,2025-11-18 00:51:23,
LOG0002112,Payment Processed,2024-12-21 20:11:49,Payment Processed event at 20:11:49
LOG0002113,Compliance Verified,2025-11-13 12:36:23,Compliance Verified event at 12:36:23
LOG0002114,Transaction Approved,2024-11-09 15:00:14,
LOG0002115,Transaction Created,2024-01-26 12:50:38,
LOG0002116,Transaction Created,2024-11-08 09:14:57,
LOG0002117,Transaction Created,2024-09-17 19:39:27,Transaction Created event at 19:39:27
LOG0002118,Transaction Created,2024-09-26 23:01:25,
LOG0002119,Transaction Rejected,2024-03-03 12:39:47,Transaction Rejected event at 12:39:47
LOG0002120,Payment Processed,2024-08-21 07:22:37,
LOG0002121,Transaction Approved,2025-10-23 03:32:51,
LOG0002122,Risk Check Performed,2025-01-23 00:31:37,Risk Check Performed event at 00:31:37
LOG0002123,Risk Check Performed,2024-06-12 23:54:22,Risk Check Performed event at 23:54:22
LOG0002124,Risk Check Performed,2025-02-16 11:56:29,Risk Check Performed event at 11:56:29
LOG0002125,Compliance Verified,2025-06-29 10:00:02,Compliance Verified event at 10:00:02
LOG0002126,Transaction Approved,2025-10-14 22:57:58,
LOG0002127,Risk Check Performed,2025-11-13 14:53:59,Risk Check Performed event at 14:53:59
LOG0002128,Transaction Rejected,2025-10-05 06:16:28,Transaction Rejected event at 06:16:28
LOG0002129,Risk Check Performed,2024-03-28 01:47:55,Risk Check Performed event at 01:47:55
LOG0002130,Transaction Created,2025-05-01 07:11:17,Transaction Created event at 07:11:17
LOG0002131,Transaction Created,2024-11-21 10:27:12,Transaction Created event at 10:27:12
LOG0002132,Compliance Verified,2025-05-27 14:41:04,
LOG0002133,Payment Processed,2024-08-08 04:03:10,
LOG0002134,Payment Processed,2025-04-21 20:26:24,Payment Processed event at 20:26:24
LOG0002135,Transaction Approved,2025-05-24 18:04:53,Transaction Approved event at 18:04:53
LOG0002136,Transaction Rejected,2024-03-08 04:13:06,
LOG0002137,Risk Check Performed,2024-03-25 07:23:41,Risk Check Performed event at 07:23:41
LOG0002138,Risk Check Performed,2024-12-27 02:56:34,
LOG0002139,Compliance Verified,2025-10-13 13:57:10,
LOG0002140,Transaction Approved,2025-07-02 06:47:15,Transaction Approved event at 06:47:15
LOG0002141,Payment Processed,2025-11-12 11:07:56,
LOG0002142,Transaction Created,2025-04-27 14:39:05,Transaction Created event at 14:39:05
LOG0002143,Compliance Verified,2024-06-24 16:35:12,
LOG0002144,Compliance Verified,2025-08-31 23:11:39,Compliance Verified event at 23:11:39
LOG0002145,Risk Check Performed,2025-09-03 00:30:37,Risk Check Performed event at 00:30:37
LOG0002146,Compliance Verified,2024-11-24 07:48:54,Compliance Verified event at 07:48:54
LOG0002147,Payment Processed,2025-11-29 05:08:50,
LOG0002148,Compliance Verified,2023-12-08 14:29:36,Compliance Verified event at 14:29:36
LOG0002149,Risk Check Performed,2025-02-04 02:18:55,Risk Check Performed event at 02:18:55
LOG0002150,Payment Processed,2024-03-15 14:34:33,
LOG0002151,Transaction Rejected,2024-05-28 20:23:44,
LOG0002152,Risk Check Performed,2024-05-22 03:35:23,Risk Check Performed event at 03:35:23
LOG0002153,Risk Check Performed,2024-02-21 15:42:46,
LOG0002154,Transaction Created,2025-01-18 02:59:37,Transaction Created event at 02:59:37
LOG0002155,Transaction Approved,2025-05-26 00:16:26,Transaction Approved event at 00:16:26
LOG0002156,Transaction Created,2025-09-20 03:28:05,Transaction Created event at 03:28:05
LOG0002157,Risk Check Performed,2024-01-18 08:48:42,Risk Check Performed event at 08:48:42
LOG0002158,Payment Processed,2024-02-15 20:25:01,Payment Processed event at 20:25:01
LOG0002159,Payment Processed,2024-09-14 21:10:33,
LOG0002160,Transaction Created,2025-08-12 12:35:04,Transaction Created event at 12:35:04
LOG0002161,Transaction Approved,2024-10-27 04:25:00,Transaction Approved event at 04:25:00
LOG0002162,Transaction Created,2024-07-05 22:55:40,
LOG0002163,Transaction Approved,2024-03-15 17:45:24,Transaction Approved event at 17:45:24
LOG0002164,Risk Check Performed,2024-07-06 00:45:10,Risk Check Performed event at 00:45:10
LOG0002165,Transaction Rejected,2024-04-16 01:56:32,Transaction Rejected event at 01:56:32
LOG0002166,Transaction Created,2025-05-14 13:09:49,Transaction Created event at 13:09:49
LOG0002167,Risk Check Performed,2025-08-15 04:34:46,Risk Check Performed event at 04:34:46
LOG0002168,Risk Check Performed,2025-04-02 00:20:46,Risk Check Performed event at 00:20:46
LOG0002169,Transaction Rejected,2025-05-23 04:17:26,Transaction Rejected event at 04:17:26
LOG0002170,Risk Check Performed,2025-11-13 12:22:18,
LOG0002171,Payment Processed,2024-06-18 07:32:28,
LOG0002172,Transaction Created,2025-06-21 19:15:42,Transaction Created event at 19:15:42
LOG0002173,Risk Check Performed,2024-12-21 06:53:27,
LOG0002174,Risk Check Performed,2025-04-04 03:44:11,Risk Check Performed event at 03:44:11
LOG0002175,Transaction Approved,2025-06-14 19:59:07,Transaction Approved event at 19:59:07
LOG0002176,Compliance Verified,2024-01-05 18:54:12,Compliance Verified event at 18:54:12
LOG0002177,Compliance Verified,2024-09-07 19:59:08,Compliance Verified event at 19:59:08
LOG0002178,Transaction Approved,2024-05-29 08:09:57,
LOG0002179,Transaction Rejected,2024-07-02 08:45:13,Transaction Rejected event at 08:45:13
LOG0002180,Transaction Approved,2024-11-25 15:21:53,Transaction Approved event at 15:21:53
LOG0002181,Payment Processed,2025-09-13 03:39:45,Payment Processed event at 03:39:45
LOG0002182,Risk Check Performed,2025-09-02 18:11:48,
LOG0002183,Transaction Created,2025-08-28 15:32:51,Transaction Created event at 15:32:51
LOG0002184,Transaction Created,2025-10-31 22:48:43,Transaction Created event at 22:48:43
LOG0002185,Transaction Approved,2024-11-15 09:39:37,Transaction Approved event at 09:39:37
LOG0002186,Risk Check Performed,2025-05-18 22:15:54,
LOG0002187,Payment Processed,2024-06-23 18:58:55,Payment Processed event at 18:58:55
LOG0002188,Transaction Rejected,2024-03-31 19:09:07,Transaction Rejected event at 19:09:07
LOG0002189,Transaction Created,2023-12-25 16:49:53,Transaction Created event at 16:49:53
LOG0002190,Transaction Approved,2024-05-12 10:43:32,
LOG0002191,Risk Check Performed,2025-03-26 09:39:48,
LOG0002192,Transaction Created,2025-02-21 07:46:45,
LOG0002193,Transaction Created,2025-06-23 01:10:52,Transaction Created event at 01:10:52
LOG0002194,Compliance Verified,2024-10-01 19:18:14,Compliance Verified event at 19:18:14
LOG0002195,Risk Check Performed,2025-03-03 23:59:52,Risk Check Performed event at 23:59:52
LOG0002196,Transaction Created,2024-01-09 20:24:47,Transaction Created event at 20:24:47
LOG0002197,Transaction Rejected,2024-05-23 00:27:25,
LOG0002198,Transaction Rejected,2024-02-18 19:44:58,
LOG0002199,Transaction Approved,2024-05-27 13:37:06,Transaction Approved event at 13:37:06
LOG0002200,Risk Check Performed,2025-01-10 00:48:43,Risk Check Performed event at 00:48:43
LOG0002201,Compliance Verified,2024-06-08 11:29:20,Compliance Verified event at 11:29:20
LOG0002202,Payment Processed,2024-02-24 20:57:13,Payment Processed event at 20:57:13
LOG0002203,Transaction Approved,2025-04-21 12:07:53,Transaction Approved event at 12:07:53
LOG0002204,Risk Check Performed,2025-03-06 15:43:10,Risk Check Performed event at 15:43:10
LOG0002205,Transaction Approved,2024-07-26 05:11:28,Transaction Approved event at 05:11:28
LOG0002206,Compliance Verified,2025-01-09 09:26:59,Compliance Verified event at 09:26:59
LOG0002207,Compliance Verified,2023-12-16 08:16:38,
LOG0002208,Risk Check Performed,2024-06-04 10:34:46,Risk Check Performed event at 10:34:46
LOG0002209,Risk Check Performed,2025-10-09 19:23:28,
LOG0002210,Risk Check Performed,2025-05-23 16:40:21,
LOG0002211,Transaction Rejected,2024-03-08 10:31:16,Transaction Rejected event at 10:31:16
LOG0002212,Transaction Approved,2024-04-01 16:21:23,Transaction Approved event at 16:21:23
LOG0002213,Compliance Verified,2024-05-03 16:28:05,
LOG0002214,Transaction Approved,2025-11-25 11:58:46,
LOG0002215,Transaction Approved,2024-05-06 20:22:55,
LOG0002216,Risk Check Performed,2025-01-22 16:18:02,Risk Check Performed event at 16:18:02
LOG0002217,Risk Check Performed,2025-01-30 05:41:39,Risk Check Performed event at 05:41:39
LOG0002218,Risk Check Performed,2024-04-26 17:37:13,Risk Check Performed event at 17:37:13
LOG0002219,Risk Check Performed,2024-03-05 06:20:49,Risk Check Performed event at 06:20:49
LOG0002220,Transaction Approved,2024-03-11 04:54:48,Transaction Approved event at 04:54:48
LOG0002221,Compliance Verified,2024-06-19 16:32:21,
LOG0002222,Transaction Created,2023-12-10 20:24:46,Transaction Created event at 20:24:46
LOG0002223,Compliance Verified,2024-07-11 10:55:10,Compliance Verified event at 10:55:10
LOG0002224,Transaction Approved,2024-05-16 11:16:14,Transaction Approved event at 11:16:14
LOG0002225,Transaction Created,2025-11-17 16:42:26,
LOG0002226,Transaction Rejected,2024-10-08 20:45:07,Transaction Rejected event at 20:45:07
LOG0002227,Risk Check Performed,2024-12-19 19:00:12,Risk Check Performed event at 19:00:12
LOG0002228,Transaction Approved,2025-11-06 08:19:54,Transaction Approved event at 08:19:54
LOG0002229,Payment Processed,2024-10-06 19:22:03,Payment Processed event at 19:22:03
LOG0002230,Risk Check Performed,2024-10-17 01:22:09,Risk Check Performed event at 01:22:09
LOG0002231,Transaction Approved,2024-10-24 18:12:18,
LOG0002232,Risk Check Performed,2024-06-29 08:45:56,Risk Check Performed event at 08:45:56
LOG0002233,Transaction Approved,2025-06-16 21:08:30,Transaction Approved event at 21:08:30
LOG0002234,Transaction Created,2025-04-22 21:01:37,Transaction Created event at 21:01:37
LOG0002235,Risk Check Performed,2025-05-08 14:56:11,
LOG0002236,Compliance Verified,2025-06-25 15:05:47,Compliance Verified event at 15:05:47
LOG0002237,Transaction Rejected,2025-04-07 17:20:07,Transaction Rejected event at 17:20:07
LOG0002238,Transaction Created,2024-08-24 03:57:34,Transaction Created event at 03:57:34
LOG0002239,Transaction Approved,2024-09-15 22:02:59,Transaction Approved event at 22:02:59
LOG0002240,Transaction Rejected,2025-09-25 10:05:25,
LOG0002241,Transaction Rejected,2024-12-08 21:41:18,Transaction Rejected event at 21:41:18
LOG0002242,Payment Processed,2024-05-28 22:33:16,
LOG0002243,Risk Check Performed,2025-04-12 16:02:09,Risk Check Performed event at 16:02:09
LOG0002244,Compliance Verified,2024-02-27 03:39:49,
LOG0002245,Transaction Approved,2025-06-26 17:00:44,
LOG0002246,Compliance Verified,2025-06-04 12:35:23,Compliance Verified event at 12:35:23
LOG0002247,Transaction Created,2024-08-05 08:41:00,Transaction Created event at 08:41:00
LOG0002248,Transaction Approved,2024-11-19 14:03:39,
LOG0002249,Payment Processed,2025-11-29 00:34:57,Payment Processed event at 00:34:57
LOG0002250,Transaction Created,2024-06-30 07:41:35,
LOG0002251,Compliance Verified,2025-06-05 12:22:15,Compliance Verified event at 12:22:15
LOG0002252,Transaction Rejected,2024-07-15 12:31:53,Transaction Rejected event at 12:31:53
LOG0002253,Transaction Created,2024-01-15 16:16:08,
LOG0002254,Transaction Created,2024-04-19 05:03:02,
LOG0002255,Payment Processed,2024-07-22 04:53:31,
LOG0002256,Compliance Verified,2025-08-10 14:08:07,Compliance Verified event at 14:08:07
LOG0002257,Compliance Verified,2025-01-10 15:53:33,Compliance Verified event at 15:53:33
LOG0002258,Transaction Created,2025-04-06 17:49:22,Transaction Created event at 17:49:22
LOG0002259,Transaction Created,2025-01-11 14:55:18,Transaction Created event at 14:55:18
LOG0002260,Transaction Rejected,2025-08-25 03:24:46,Transaction Rejected event at 03:24:46
LOG0002261,Transaction Created,2024-10-02 07:54:50,
LOG0002262,Compliance Verified,2024-12-03 15:29:59,Compliance Verified event at 15:29:59
LOG0002263,Compliance Verified,2024-03-31 12:01:34,Compliance Verified event at 12:01:34
LOG0002264,Transaction Created,2025-05-05 00:14:44,Transaction Created event at 00:14:44
LOG0002265,Compliance Verified,2025-11-29 08:44:10,Compliance Verified event at 08:44:10
LOG0002266,Transaction Created,2025-02-08 18:22:13,
LOG0002267,Transaction Approved,2025-07-01 02:38:15,
LOG0002268,Compliance Verified,2024-07-24 06:19:13,Compliance Verified event at 06:19:13
LOG0002269,Risk Check Performed,2024-06-27 05:40:20,Risk Check Performed event at 05:40:20
LOG0002270,Risk Check Performed,2025-03-17 20:36:27,Risk Check Performed event at 20:36:27
LOG0002271,Compliance Verified,2024-02-15 16:03:47,
LOG0002272,Payment Processed,2025-10-28 22:32:58,
LOG0002273,Risk Check Performed,2025-09-22 07:58:05,Risk Check Performed event at 07:58:05
LOG0002274,Transaction Approved,2025-07-30 01:35:04,
LOG0002275,Payment Processed,2024-10-18 23:36:24,
LOG0002276,Payment Processed,2025-03-09 12:45:48,
LOG0002277,Transaction Approved,2024-09-05 01:31:55,Transaction Approved event at 01:31:55
LOG0002278,Compliance Verified,2025-01-12 03:20:23,
LOG0002279,Transaction Created,2025-04-24 11:24:58,
LOG0002280,Payment Processed,2024-07-07 13:28:58,
LOG0002281,Compliance Verified,2024-10-24 11:24:17,Compliance Verified event at 11:24:17
LOG0002282,Payment Processed,2024-12-12 04:48:23,Payment Processed event at 04:48:23
LOG0002283,Transaction Rejected,2025-04-08 12:03:36,Transaction Rejected event at 12:03:36
LOG0002284,Transaction Approved,2024-07-07 19:18:17,Transaction Approved event at 19:18:17
LOG0002285,Risk Check Performed,2024-01-13 20:28:33,
LOG0002286,Transaction Created,2024-06-12 21:19:05,Transaction Created event at 21:19:05
LOG0002287,Risk Check Performed,2024-03-23 21:07:52,Risk Check Performed event at 21:07:52
LOG0002288,Transaction Approved,2024-08-23 03:28:25,
LOG0002289,Compliance Verified,2025-08-25 09:58:25,
LOG0002290,Payment Processed,2025-03-22 12:04:21,Payment Processed event at 12:04:21
LOG0002291,Compliance Verified,2024-02-10 07:12:32,
LOG0002292,Payment Processed,2025-09-16 20:10:57,Payment Processed event at 20:10:57
LOG0002293,Risk Check Performed,2024-05-30 18:17:38,Risk Check Performed event at 18:17:38
LOG0002294,Compliance Verified,2024-09-18 18:03:28,Compliance Verified event at 18:03:28
LOG0002295,Transaction Approved,2025-07-08 00:41:08,
LOG0002296,Compliance Verified,2025-10-06 07:18:14,Compliance Verified event at 07:18:14
LOG0002297,Transaction Created,2024-06-11 18:12:19,Transaction Created event at 18:12:19
LOG0002298,Risk Check Performed,2024-10-07 18:11:17,
LOG0002299,Transaction Rejected,2025-02-01 10:16:57,Transaction Rejected event at 10:16:57
LOG0002300,Transaction Approved,2025-05-15 10:09:15,Transaction Approved event at 10:09:15
LOG0002301,Transaction Approved,2024-06-24 14:40:56,
LOG0002302,Compliance Verified,2025-01-21 21:26:39,Compliance Verified event at 21:26:39
LOG0002303,Transaction Rejected,2025-10-11 22:48:55,Transaction Rejected event at 22:48:55
LOG0002304,Compliance Verified,2024-12-26 10:24:18,
LOG0002305,Risk Check Performed,2025-06-05 13:43:16,Risk Check Performed event at 13:43:16
LOG0002306,Transaction Approved,2023-12-08 08:51:54,Transaction Approved event at 08:51:54
LOG0002307,Risk Check Performed,2025-11-30 18:26:30,Risk Check Performed event at 18:26:30
LOG0002308,Transaction Approved,2024-11-26 17:51:44,Transaction Approved event at 17:51:44
LOG0002309,Risk Check Performed,2025-04-27 06:52:24,Risk Check Performed event at 06:52:24
LOG0002310,Risk Check Performed,2023-12-08 01:24:05,Risk Check Performed event at 01:24:05
LOG0002311,Compliance Verified,2024-12-02 05:49:52,Compliance Verified event at 05:49:52
LOG0002312,Payment Processed,2024-11-03 09:20:24,Payment Processed event at 09:20:24
LOG0002313,Compliance Verified,2023-12-17 16:33:34,
LOG0002314,Risk Check Performed,2025-04-10 09:46:33,
LOG0002315,Compliance Verified,2024-11-14 18:19:22,Compliance Verified event at 18:19:22
LOG0002316,Risk Check Performed,2025-04-27 23:41:11,Risk Check Performed event at 23:41:11
LOG0002317,Transaction Created,2024-12-22 12:28:51,
LOG0002318,Risk Check Performed,2025-10-07 13:28:27,
LOG0002319,Risk Check Performed,2025-04-20 21:03:05,
LOG0002320,Transaction Created,2025-04-19 13:55:27,
LOG0002321,Risk Check Performed,2025-11-11 03:53:43,
LOG0002322,Transaction Created,2025-09-08 00:15:16,Transaction Created event at 00:15:16
LOG0002323,Transaction Created,2025-07-13 09:45:24,Transaction Created event at 09:45:24
LOG0002324,Compliance Verified,2024-07-28 11:18:32,Compliance Verified event at 11:18:32
LOG0002325,Transaction Created,2024-06-21 08:20:12,
LOG0002326,Transaction Created,2024-06-04 10:17:04,
LOG0002327,Transaction Created,2024-11-08 15:43:02,Transaction Created event at 15:43:02
LOG0002328,Transaction Approved,2025-11-21 16:27:32,
LOG0002329,Compliance Verified,2024-03-19 00:03:24,Compliance Verified event at 00:03:24
LOG0002330,Payment Processed,2024-02-09 15:32:37,Payment Processed event at 15:32:37
LOG0002331,Transaction Created,2024-08-02 09:28:41,Transaction Created event at 09:28:41
LOG0002332,Transaction Created,2025-02-25 18:44:28,
LOG0002333,Transaction Created,2024-09-01 03:08:58,Transaction Created event at 03:08:58
LOG0002334,Transaction Approved,2023-12-28 02:01:39,Transaction Approved event at 02:01:39
LOG0002335,Payment Processed,2024-05-13 01:40:49,Payment Processed event at 01:40:49
LOG0002336,Compliance Verified,2025-04-15 16:41:00,
LOG0002337,Compliance Verified,2024-04-02 16:16:50,Compliance Verified event at 16:16:50
LOG0002338,Transaction Approved,2024-02-12 15:56:41,Transaction Approved event at 15:56:41
LOG0002339,Transaction Approved,2025-01-10 10:53:36,
LOG0002340,Transaction Created,2025-11-11 00:35:35,Transaction Created event at 00:35:35
LOG0002341,Transaction Rejected,2024-05-12 13:58:38,Transaction Rejected event at 13:58:38
LOG0002342,Transaction Created,2024-04-23 02:43:51,Transaction Created event at 02:43:51
LOG0002343,Transaction Approved,2024-06-22 05:12:02,Transaction Approved event at 05:12:02
LOG0002344,Compliance Verified,2024-05-27 06:51:21,Compliance Verified event at 06:51:21
LOG0002345,Transaction Created,2023-12-27 11:24:49,Transaction Created event at 11:24:49
LOG0002346,Transaction Approved,2025-11-26 02:47:07,
LOG0002347,Payment Processed,2024-10-08 07:02:05,Payment Processed event at 07:02:05
LOG0002348,Compliance Verified,2025-10-22 02:31:27,Compliance Verified event at 02:31:27
LOG0002349,Compliance Verified,2025-10-26 10:27:23,Compliance Verified event at 10:27:23
LOG0002350,Transaction Created,2025-04-14 21:55:52,Transaction Created event at 21:55:52
LOG0002351,Transaction Approved,2024-05-23 21:05:39,Transaction Approved event at 21:05:39
LOG0002352,Transaction Approved,2024-05-06 23:08:38,
LOG0002353,Risk Check Performed,2025-10-14 11:24:35,Risk Check Performed event at 11:24:35
LOG0002354,Transaction Created,2025-12-02 23:18:56,Transaction Created event at 23:18:56
LOG0002355,Risk Check Performed,2024-03-13 00:03:29,Risk Check Performed event at 00:03:29
LOG0002356,Risk Check Performed,2025-01-29 01:12:31,Risk Check Performed event at 01:12:31
LOG0002357,Transaction Rejected,2025-09-21 13:44:46,
LOG0002358,Transaction Rejected,2024-02-06 18:29:16,Transaction Rejected event at 18:29:16
LOG0002359,Risk Check Performed,2025-05-17 11:39:07,Risk Check Performed event at 11:39:07
LOG0002360,Risk Check Performed,2025-06-30 07:39:45,Risk Check Performed event at 07:39:45
LOG0002361,Transaction Approved,2024-10-14 10:57:01,Transaction Approved event at 10:57:01
LOG0002362,Transaction Created,2025-09-14 07:52:57,
LOG0002363,Transaction Rejected,2024-12-10 06:27:53,Transaction Rejected event at 06:27:53
LOG0002364,Transaction Approved,2025-04-18 18:13:56,
LOG0002365,Transaction Rejected,2023-12-24 08:03:35,Transaction Rejected event at 08:03:35
LOG0002366,Transaction Rejected,2025-06-05 06:08:14,Transaction Rejected event at 06:08:14
LOG0002367,Risk Check Performed,2024-04-30 23:07:01,Risk Check Performed event at 23:07:01
LOG0002368,Transaction Approved,2025-07-03 12:52:04,
LOG0002369,Compliance Verified,2023-12-17 01:26:46,Compliance Verified event at 01:26:46
LOG0002370,Payment Processed,2024-06-17 17:35:18,Payment Processed event at 17:35:18
LOG0002371,Transaction Approved,2023-12-10 05:00:17,Transaction Approved event at 05:00:17
LOG0002372,Transaction Created,2024-08-13 01:07:26,Transaction Created event at 01:07:26
LOG0002373,Transaction Created,2024-07-29 21:00:30,Transaction Created event at 21:00:30
LOG0002374,Transaction Approved,2024-03-16 23:33:58,
LOG0002375,Risk Check Performed,2025-02-15 22:46:01,Risk Check Performed event at 22:46:01
LOG0002376,Transaction Created,2025-04-04 00:21:52,
LOG0002377,Transaction Rejected,2025-08-17 19:21:41,
LOG0002378,Transaction Created,2025-06-10 14:19:31,Transaction Created event at 14:19:31
LOG0002379,Risk Check Performed,2024-03-28 00:21:27,
LOG0002380,Compliance Verified,2025-07-25 19:18:20,Compliance Verified event at 19:18:20
LOG0002381,Compliance Verified,2025-08-01 09:53:58,Compliance Verified event at 09:53:58
LOG0002382,Transaction Created,2025-06-04 03:18:26,Transaction Created event at 03:18:26
LOG0002383,Transaction Approved,2024-10-22 13:17:57,
LOG0002384,Transaction Rejected,2025-02-08 03:08:44,
LOG0002385,Risk Check Performed,2024-12-22 13:43:12,
LOG0002386,Transaction Rejected,2023-12-31 02:00:43,
LOG0002387,Payment Processed,2025-10-24 05:34:00,
LOG0002388,Transaction Approved,2025-06-05 06:15:40,Transaction Approved event at 06:15:40
LOG0002389,Transaction Approved,2024-03-28 03:11:07,
LOG0002390,Compliance Verified,2025-10-29 14:58:25,
LOG0002391,Payment Processed,2025-01-28 20:45:32,Payment Processed event at 20:45:32
LOG0002392,Risk Check Performed,2024-11-10 19:50:49,Risk Check Performed event at 19:50:49
LOG0002393,Transaction Approved,2025-05-25 04:44:57,
LOG0002394,Risk Check Performed,2024-05-03 05:21:29,Risk Check Performed event at 05:21:29
LOG0002395,Transaction Created,2024-02-29 05:18:49,
LOG0002396,Transaction Created,2024-09-19 02:16:22,
LOG0002397,Payment Processed,2023-12-17 13:56:22,Payment Processed event at 13:56:22
LOG0002398,Compliance Verified,2025-06-19 11:05:36,
LOG0002399,Compliance Verified,2025-10-26 13:17:10,Compliance Verified event at 13:17:10
LOG0002400,Compliance Verified,2025-03-06 20:35:11,
LOG0002401,Transaction Approved,2025-01-19 00:11:54,
LOG0002402,Transaction Rejected,2024-06-15 15:57:43,Transaction Rejected event at 15:57:43
LOG0002403,Risk Check Performed,2025-01-29 06:40:33,Risk Check Performed event at 06:40:33
LOG0002404,Compliance Verified,2025-03-13 03:06:26,
LOG0002405,Payment Processed,2024-09-02 13:56:44,Payment Processed event at 13:56:44
LOG0002406,Compliance Verified,2025-05-09 19:48:36,
LOG0002407,Transaction Rejected,2024-03-16 10:38:35,Transaction Rejected event at 10:38:35
LOG0002408,Risk Check Performed,2024-06-07 20:53:25,
LOG0002409,Payment Processed,2023-12-15 09:44:03,Payment Processed event at 09:44:03
LOG0002410,Compliance Verified,2025-10-25 04:43:12,Compliance Verified event at 04:43:12
LOG0002411,Compliance Verified,2024-02-27 04:48:58,Compliance Verified event at 04:48:58
LOG0002412,Risk Check Performed,2024-01-19 16:56:15,Risk Check Performed event at 16:56:15
LOG0002413,Transaction Rejected,2025-05-13 06:53:45,Transaction Rejected event at 06:53:45
LOG0002414,Compliance Verified,2025-03-12 15:58:46,Compliance Verified event at 15:58:46
LOG0002415,Transaction Approved,2024-08-29 01:08:14,Transaction Approved event at 01:08:14
LOG0002416,Compliance Verified,2024-11-29 17:01:44,
LOG0002417,Compliance Verified,2024-08-29 03:01:30,Compliance Verified event at 03:01:30
LOG0002418,Transaction Approved,2023-12-20 17:52:48,Transaction Approved event at 17:52:48
LOG0002419,Transaction Approved,2025-09-02 19:59:13,Transaction Approved event at 19:59:13
LOG0002420,Transaction Created,2024-08-08 17:39:46,Transaction Created event at 17:39:46
LOG0002421,Compliance Verified,2025-05-26 23:36:08,Compliance Verified event at 23:36:08
LOG0002422,Risk Check Performed,2025-04-03 02:12:52,
LOG0002423,Transaction Approved,2025-09-17 15:20:47,Transaction Approved event at 15:20:47
LOG0002424,Transaction Approved,2025-03-31 13:12:43,
LOG0002425,Compliance Verified,2025-08-11 11:25:44,Compliance Verified event at 11:25:44
LOG0002426,Transaction Rejected,2025-09-22 12:38:06,
LOG0002427,Payment Processed,2025-03-03 19:07:33,Payment Processed event at 19:07:33
LOG0002428,Transaction Rejected,2024-08-10 09:52:44,Transaction Rejected event at 09:52:44
LOG0002429,Compliance Verified,2024-09-05 09:26:07,
LOG0002430,Risk Check Performed,2024-03-16 18:52:35,
LOG0002431,Transaction Created,2025-07-27 04:35:24,Transaction Created event at 04:35:24
LOG0002432,Payment Processed,2023-12-23 18:17:10,Payment Processed event at 18:17:10
LOG0002433,Transaction Approved,2024-01-19 04:43:42,Transaction Approved event at 04:43:42
LOG0002434,Transaction Approved,2025-10-06 06:15:37,
LOG0002435,Payment Processed,2025-09-01 13:14:49,Payment Processed event at 13:14:49
LOG0002436,Transaction Rejected,2024-03-13 16:34:47,
LOG0002437,Payment Processed,2024-06-15 09:17:15,
LOG0002438,Compliance Verified,2024-10-01 04:37:57,
LOG0002439,Payment Processed,2025-07-31 03:56:21,Payment Processed event at 03:56:21
LOG0002440,Transaction Created,2024-01-22 15:33:53,Transaction Created event at 15:33:53
LOG0002441,Transaction Created,2024-04-30 13:44:01,Transaction Created event at 13:44:01
LOG0002442,Transaction Approved,2025-09-05 20:37:58,Transaction Approved event at 20:37:58
LOG0002443,Transaction Rejected,2025-04-24 13:32:05,Transaction Rejected event at 13:32:05
LOG0002444,Risk Check Performed,2024-01-05 01:36:45,Risk Check Performed event at 01:36:45
LOG0002445,Compliance Verified,2025-05-28 22:40:35,Compliance Verified event at 22:40:35
LOG0002446,Transaction Approved,2024-07-28 22:27:35,Transaction Approved event at 22:27:35
LOG0002447,Risk Check Performed,2025-07-07 02:41:14,Risk Check Performed event at 02:41:14
LOG0002448,Payment Processed,2025-06-02 21:34:46,Payment Processed event at 21:34:46
LOG0002449,Transaction Approved,2025-06-26 02:27:36,Transaction Approved event at 02:27:36
LOG0002450,Payment Processed,2024-08-20 17:49:52,Payment Processed event at 17:49:52
LOG0002451,Transaction Created,2024-01-17 02:19:30,Transaction Created event at 02:19:30
LOG0002452,Payment Processed,2025-02-27 09:09:19,Payment Processed event at 09:09:19
LOG0002453,Transaction Created,2025-06-04 12:16:16,Transaction Created event at 12:16:16
LOG0002454,Risk Check Performed,2024-09-02 11:59:48,
LOG0002455,Transaction Approved,2024-01-01 22:06:41,Transaction Approved event at 22:06:41
LOG0002456,Payment Processed,2025-03-28 14:46:18,Payment Processed event at 14:46:18
LOG0002457,Risk Check Performed,2025-11-13 12:40:18,Risk Check Performed event at 12:40:18
LOG0002458,Compliance Verified,2024-03-02 00:02:23,Compliance Verified event at 00:02:23
LOG0002459,Transaction Created,2025-09-27 13:15:20,
LOG0002460,Transaction Rejected,2024-03-25 03:38:23,
LOG0002461,Risk Check Performed,2025-08-03 18:59:04,
LOG0002462,Compliance Verified,2025-02-03 04:58:03,Compliance Verified event at 04:58:03
LOG0002463,Payment Processed,2024-09-24 11:05:55,Payment Processed event at 11:05:55
LOG0002464,Transaction Created,2025-01-30 21:02:28,Transaction Created event at 21:02:28
LOG0002465,Risk Check Performed,2025-04-30 19:03:00,
LOG0002466,Compliance Verified,2025-07-24 23:52:12,
LOG0002467,Transaction Created,2025-09-21 07:07:30,
LOG0002468,Transaction Created,2024-10-02 15:48:40,
LOG0002469,Risk Check Performed,2025-08-26 05:12:12,Risk Check Performed event at 05:12:12
LOG0002470,Transaction Created,2025-08-26 15:47:34,
LOG0002471,Transaction Created,2025-11-22 02:51:17,
LOG0002472,Compliance Verified,2025-07-31 04:55:35,Compliance Verified event at 04:55:35
LOG0002473,Risk Check Performed,2025-03-24 23:46:38,Risk Check Performed event at 23:46:38
LOG0002474,Payment Processed,2025-05-17 00:32:19,Payment Processed event at 00:32:19
LOG0002475,Transaction Created,2025-02-23 02:22:12,
LOG0002476,Transaction Rejected,2024-12-27 22:50:33,Transaction Rejected event at 22:50:33
LOG0002477,Transaction Created,2025-02-08 08:44:21,
LOG0002478,Payment Processed,2025-10-05 06:25:30,Payment Processed event at 06:25:30
LOG0002479,Transaction Created,2025-01-05 14:19:23,Transaction Created event at 14:19:23
LOG0002480,Transaction Approved,2024-01-10 01:51:14,Transaction Approved event at 01:51:14
LOG0002481,Payment Processed,2025-11-01 05:39:34,Payment Processed event at 05:39:34
LOG0002482,Transaction Created,2023-12-08 07:42:41,Transaction Created event at 07:42:41
LOG0002483,Transaction Created,2023-12-12 03:40:49,Transaction Created event at 03:40:49
LOG0002484,Risk Check Performed,2024-01-12 03:22:14,Risk Check Performed event at 03:22:14
LOG0002485,Transaction Created,2024-02-07 12:13:11,Transaction Created event at 12:13:11
LOG0002486,Compliance Verified,2025-04-21 05:16:14,Compliance Verified event at 05:16:14
LOG0002487,Transaction Created,2025-09-26 12:59:05,
LOG0002488,Transaction Created,2025-07-19 13:48:47,Transaction Created event at 13:48:47
LOG0002489,Transaction Approved,2024-08-29 21:13:54,
LOG0002490,Transaction Approved,2024-11-03 18:07:16,Transaction Approved event at 18:07:16
LOG0002491,Risk Check Performed,2024-06-19 14:59:19,Risk Check Performed event at 14:59:19
LOG0002492,Risk Check Performed,2024-04-27 03:07:51,Risk Check Performed event at 03:07:51
LOG0002493,Transaction Approved,2023-12-30 20:33:30,
LOG0002494,Transaction Created,2024-07-20 19:43:26,Transaction Created event at 19:43:26
LOG0002495,Risk Check Performed,2024-11-15 16:45:06,Risk Check Performed event at 16:45:06
LOG0002496,Transaction Created,2024-04-04 06:56:20,
LOG0002497,Payment Processed,2025-02-05 09:49:25,Payment Processed event at 09:49:25
LOG0002498,Transaction Approved,2024-08-01 19:42:12,
LOG0002499,Transaction Created,2025-03-20 01:15:35,Transaction Created event at 01:15:35
