transaction_id,amount,currency,status,created_at,completed_at,reference_number
TXN0000000,6.88,GBP,Completed,2025-01-10 09:40:09,2025-01-10 09:40:09,
TXN0000001,117.64,CAD,Failed,2025-05-13 23:53:14,,REF890874S
TXN0000002,12.82,CAD,Completed,2025-11-07 06:02:41,2025-11-10 06:02:41,REF191988F
TXN0000003,3.15,USD,Completed,2025-10-06 18:31:07,2025-10-07 15:31:07,REF342163H
TXN0000004,15.52,GBP,Completed,2025-06-17 12:04:51,2025-06-17 13:04:51,REF248337O
TXN0000005,173.69,USD,Completed,2025-02-19 06:53:46,2025-02-21 17:53:46,REF125862W
TXN0000006,25.74,USD,Completed,2025-08-17 06:55:27,2025-08-17 17:55:27,REF982747F
TXN0000007,20.47,GBP,Completed,2024-12-15 13:29:32,2024-12-16 13:29:32,REF276421D
TXN0000008,234.12,EUR,Completed,2025-01-18 15:53:27,2025-01-18 23:53:27,REF649907Z
TXN0000009,2.35,USD,Completed,2025-02-07 04:31:53,2025-02-07 04:31:53,REF693015D
TXN0000010,2.92,GBP,Completed,2025-02-28 04:32:15,2025-03-01 07:32:15,REF448458R
TXN0000011,1.78,EUR,Pending,2025-09-02 20:34:17,,REF586277W
TXN0000012,35.13,USD,Completed,2025-07-24 04:23:30,,REF146616W
TXN0000013,25.78,USD,Completed,2025-06-17 14:38:45,2025-06-20 10:38:45,REF833336T
TXN0000014,203.18,USD,Cancelled,2025-11-10 23:12:42,,REF262081Q
TXN0000015,28.94,USD,Completed,2025-01-04 14:43:04,2025-01-07 07:43:04,
TXN0000016,10.95,USD,Completed,2025-09-27 01:50:50,2025-09-27 13:50:50,REF244810F
TXN0000017,20.14,USD,Completed,2025-03-04 06:31:03,2025-03-05 04:31:03,REF744918J
TXN0000018,23.96,EUR,Pending,2024-12-17 02:30:04,,
TXN0000019,1.64,USD,Completed,2025-01-17 01:50:16,2025-01-18 12:50:16,
TXN0000020,1170.86,EUR,Pending,2025-11-29 00:27:08,,REF650398X
TXN0000021,43.81,USD,Failed,2025-09-23 20:23:31,,REF731707W
TXN0000022,27.52,USD,Completed,2025-07-30 19:25:29,2025-07-30 20:25:29,
TXN0000023,50.54,CAD,Completed,2025-01-30 11:18:12,2025-01-31 06:18:12,
TXN0000024,58.21,EUR,Completed,2025-08-20 15:10:15,2025-08-21 07:10:15,REF208250H
TXN0000025,16.27,USD,Pending,2025-04-22 19:54:23,,REF627788C
TXN0000026,7.79,JPY,Completed,2025-10-14 10:23:00,2025-10-16 12:23:00,
TXN0000027,49.36,GBP,Completed,2025-09-07 06:19:29,2025-09-08 11:19:29,REF561342O
TXN0000028,35.82,USD,Completed,2025-06-21 05:38:09,2025-06-24 01:38:09,
TXN0000029,5.96,EUR,Completed,2025-06-18 15:47:45,2025-06-19 02:47:45,REF952444V
TXN0000030,168.77,USD,Completed,2025-11-29 04:34:14,2025-11-29 09:34:14,REF266850S
TXN0000031,31.19,USD,Completed,2025-05-03 02:09:16,2025-05-03 05:09:16,
TXN0000032,60.02,EUR,Pending,2025-07-12 21:13:17,,
TXN0000033,162.05,USD,Completed,2025-04-17 22:28:21,2025-04-18 23:28:21,
TXN0000034,20.76,USD,Pending,2025-06-08 05:04:07,,REF537973M
TXN0000035,32.31,GBP,Pending,2025-10-29 00:04:00,,REF834450M
TXN0000036,67.7,USD,Completed,2025-06-18 12:26:29,2025-06-20 14:26:29,REF163380J
TXN0000037,6.77,GBP,Pending,2025-11-13 07:42:44,,REF137935O
TXN0000038,21.78,USD,Completed,2025-07-04 22:42:05,2025-07-06 13:42:05,REF297724W
TXN0000039,24.25,USD,Completed,2025-05-18 17:34:29,2025-05-20 17:34:29,
TXN0000040,4.79,GBP,Completed,2025-07-02 17:42:42,2025-07-05 00:42:42,REF223177C
TXN0000041,649.66,USD,Completed,2025-10-29 15:21:08,2025-10-31 19:21:08,REF969005X
TXN0000042,2.43,EUR,Completed,2025-11-26 22:03:07,2025-11-28 08:03:07,REF206338V
TXN0000043,2.87,USD,Pending,2025-01-21 03:24:03,,
TXN0000044,144.22,JPY,Completed,2025-11-17 03:07:51,2025-11-17 15:07:51,REF527361E
TXN0000045,58.55,EUR,Failed,2025-02-07 10:58:29,,REF789978T
TXN0000046,4.31,USD,Completed,2025-02-09 13:50:12,2025-02-12 12:50:12,REF351052E
TXN0000047,49.95,CAD,Completed,2025-08-07 22:36:07,2025-08-10 08:36:07,REF295726L
TXN0000048,181.59,USD,Completed,2025-08-01 01:51:59,2025-08-02 08:51:59,
TXN0000049,19.19,GBP,Pending,2025-04-30 23:11:41,,
TXN0000050,990.52,GBP,Completed,2025-10-30 14:45:34,2025-11-01 17:45:34,
TXN0000051,1.51,USD,Pending,2025-07-03 04:34:02,,REF509368W
TXN0000052,56.87,USD,Completed,2024-12-19 19:01:43,2024-12-22 05:01:43,REF846697X
TXN0000053,115.56,USD,Pending,2025-11-17 16:25:16,,REF766608K
TXN0000054,76.48,USD,Completed,2024-12-15 05:25:21,2024-12-17 04:25:21,REF998887I
TXN0000055,14.78,JPY,Completed,2025-04-16 05:40:42,2025-04-18 21:40:42,REF946088C
TXN0000056,12.99,JPY,Completed,2025-06-14 18:06:42,2025-06-15 16:06:42,REF487909A
TXN0000057,39.1,JPY,Completed,2025-11-28 05:38:33,2025-11-29 20:38:33,REF954344K
TXN0000058,68.28,USD,Completed,2025-08-08 12:36:55,2025-08-10 11:36:55,REF516363J
TXN0000059,49.59,USD,Pending,2025-06-20 02:10:10,,
TXN0000060,95.59,CAD,Completed,2025-10-02 14:34:34,2025-10-04 13:34:34,REF717088D
TXN0000061,4.36,USD,Failed,2025-11-16 22:49:00,,
TXN0000062,14.27,CAD,Completed,2025-03-16 08:19:32,2025-03-17 09:19:32,
TXN0000063,4.9,JPY,Pending,2025-01-08 13:37:12,,REF432120J
TXN0000064,11.26,GBP,Completed,2025-06-04 23:12:03,2025-06-07 03:12:03,
TXN0000065,92.1,USD,Failed,2025-05-27 18:47:20,,REF118949A
TXN0000066,23.62,EUR,Completed,2025-11-19 05:27:50,2025-11-22 00:27:50,REF275124E
TXN0000067,1002.54,USD,Pending,2025-10-17 18:27:49,,REF684037I
TXN0000068,26.85,USD,Pending,2025-03-29 02:46:06,,REF875028F
TXN0000069,21.97,JPY,Pending,2025-06-18 12:00:32,,
TXN0000070,23.55,EUR,Completed,2025-02-21 18:17:21,2025-02-22 00:17:21,
TXN0000071,7.72,CAD,Pending,2025-01-25 12:55:18,,REF809577A
TXN0000072,18.42,USD,Completed,2025-02-02 10:50:03,2025-02-03 04:50:03,
TXN0000073,109.04,USD,Completed,2025-11-23 23:04:44,2025-11-26 02:04:44,REF526495G
TXN0000074,23.83,USD,Completed,2025-10-03 16:30:16,2025-10-03 23:30:16,REF148906Y
TXN0000075,6.11,USD,Completed,2025-01-15 04:57:12,2025-01-17 12:57:12,REF165936A
TXN0000076,5.01,USD,Completed,2024-12-05 11:16:50,2024-12-05 16:16:50,
TXN0000077,10.22,USD,Completed,2025-07-01 02:12:42,2025-07-01 18:12:42,
TXN0000078,22.44,USD,Pending,2025-05-10 18:30:54,,
TXN0000079,120.35,EUR,Completed,2025-02-10 23:57:43,2025-02-11 14:57:43,REF328187Y
TXN0000080,2.69,GBP,Completed,2025-02-23 08:09:27,2025-02-25 23:09:27,REF136786G
TXN0000081,12.43,USD,Completed,2025-11-30 13:37:36,2025-12-01 08:37:36,REF509747F
TXN0000082,24.94,USD,Completed,2025-04-05 07:18:27,2025-04-07 21:18:27,REF460678E
TXN0000083,1.28,CAD,Completed,2025-06-04 07:53:11,2025-06-05 10:53:11,REF255565F
TXN0000084,5.75,EUR,Pending,2025-02-02 08:48:13,,
TXN0000085,7.24,JPY,Completed,2025-09-01 01:14:47,2025-09-01 23:14:47,
TXN0000086,6.09,USD,Completed,2025-08-10 18:50:21,2025-08-11 22:50:21,REF336455E
TXN0000087,26.78,USD,Completed,2025-08-25 02:32:18,2025-08-25 06:32:18,REF196089B
TXN0000088,15.79,USD,Completed,2025-10-19 01:17:45,2025-10-21 02:17:45,REF926185D
TXN0000089,8.73,GBP,Pending,2025-03-24 11:40:36,,
TXN0000090,38.17,USD,Completed,2025-07-16 04:06:04,2025-07-18 01:06:04,REF963635R
TXN0000091,266.3,CAD,Completed,2025-03-16 19:32:30,2025-03-17 18:32:30,REF616942V
TXN0000092,234.84,EUR,Failed,2025-04-30 02:07:02,,REF660078I
TXN0000093,1.12,USD,Completed,2025-03-23 07:07:25,2025-03-24 16:07:25,
TXN0000094,47.73,CAD,Completed,2025-10-24 07:16:29,2025-10-25 02:16:29,
TXN0000095,15.38,EUR,Completed,2025-05-03 16:22:29,2025-05-04 05:22:29,REF406222I
TXN0000096,25.35,USD,Cancelled,2025-04-26 23:31:23,,REF693571E
TXN0000097,11.05,EUR,Completed,2025-10-27 09:41:18,2025-10-28 08:41:18,
TXN0000098,23.96,USD,Completed,2025-05-10 02:13:40,2025-05-11 21:13:40,
TXN0000099,25.21,JPY,Completed,2025-06-24 02:54:03,2025-06-26 15:54:03,REF356525C
TXN0000100,8.43,USD,Completed,2025-04-26 09:00:48,2025-04-28 11:00:48,REF615664I
TXN0000101,5.24,USD,Completed,2025-04-12 23:55:05,2025-04-14 15:55:05,
TXN0000102,10.25,USD,Completed,2025-04-22 10:52:24,,REF114210V
TXN0000103,28.54,USD,Completed,2025-04-04 03:26:52,2025-04-06 20:26:52,REF796223M
TXN0000104,49.33,GBP,Completed,2025-03-12 17:57:32,2025-03-14 15:57:32,REF429075X
TXN0000105,72.24,USD,Completed,2025-03-21 07:04:31,2025-03-22 15:04:31,REF938108F
TXN0000106,9.57,EUR,Completed,2025-03-20 04:07:41,,REF380670C
TXN0000107,30.75,EUR,Completed,2025-08-17 06:53:39,2025-08-18 16:53:39,
TXN0000108,85.09,USD,Pending,2025-01-03 08:14:59,,REF321794S
TXN0000109,115.4,USD,Completed,2025-08-16 23:35:28,2025-08-17 22:35:28,
TXN0000110,18.39,GBP,Completed,2025-01-18 02:38:59,,REF265985V
TXN0000111,14.42,EUR,Completed,2025-05-23 14:28:35,2025-05-24 01:28:35,
TXN0000112,26.75,USD,Pending,2025-08-08 00:03:28,,REF750436M
TXN0000113,3.58,USD,Completed,2025-02-28 18:21:31,2025-02-28 22:21:31,REF648635P
TXN0000114,15.02,USD,Completed,2025-06-25 03:07:45,2025-06-27 16:07:45,
TXN0000115,61.37,CAD,Completed,2025-03-09 23:29:55,,REF807736Y
TXN0000116,52.61,EUR,Failed,2025-07-29 01:45:40,,REF598235U
TXN0000117,13.39,USD,Pending,2025-02-28 19:28:35,,REF761614V
TXN0000118,27.84,JPY,Completed,2025-07-05 01:34:52,,
TXN0000119,5.83,USD,Completed,2025-01-03 00:55:01,2025-01-05 17:55:01,REF923800S
TXN0000120,57.7,USD,Completed,2025-11-03 18:34:21,2025-11-03 23:34:21,
TXN0000121,17.87,USD,Completed,2025-10-30 00:19:08,2025-10-31 20:19:08,REF496504I
TXN0000122,13.28,USD,Completed,2025-10-17 12:34:21,2025-10-19 00:34:21,
TXN0000123,11.67,USD,Completed,2024-12-11 20:14:57,2024-12-13 11:14:57,REF899555N
TXN0000124,18.28,USD,Completed,2025-03-10 07:35:30,2025-03-12 16:35:30,REF193351N
TXN0000125,10.26,USD,Completed,2025-02-19 19:31:29,2025-02-19 23:31:29,
TXN0000126,53.9,USD,Completed,2025-10-01 09:50:35,,REF593103G
TXN0000127,11.1,CAD,Completed,2025-08-13 03:10:32,2025-08-14 02:10:32,REF562819C
TXN0000128,219.08,EUR,Completed,2025-01-02 18:46:57,2025-01-03 11:46:57,REF498623H
TXN0000129,180.88,USD,Completed,2025-04-25 05:46:54,2025-04-27 16:46:54,REF287953L
TXN0000130,5.27,USD,Completed,2025-06-15 20:24:32,2025-06-18 00:24:32,REF547287J
TXN0000131,22.3,USD,Completed,2025-02-22 18:04:44,2025-02-24 07:04:44,REF750919R
TXN0000132,7.57,GBP,Completed,2025-11-26 18:13:24,2025-11-28 14:13:24,REF534055V
TXN0000133,12.31,USD,Completed,2025-11-27 11:08:45,2025-11-28 20:08:45,REF406351X
TXN0000134,404.9,EUR,Pending,2025-07-17 05:53:16,,REF420185T
TXN0000135,12.66,USD,Completed,2025-09-22 21:55:28,2025-09-24 04:55:28,REF354235W
TXN0000136,34.48,USD,Completed,2025-04-04 07:21:17,2025-04-05 19:21:17,
TXN0000137,45.24,JPY,Completed,2025-02-14 12:03:07,2025-02-17 07:03:07,REF977418V
TXN0000138,4.48,USD,Completed,2025-05-03 11:37:46,2025-05-05 05:37:46,REF234536T
TXN0000139,5.57,EUR,Completed,2025-08-27 16:59:32,2025-08-30 12:59:32,REF647760S
TXN0000140,3.29,USD,Completed,2025-08-27 01:29:07,2025-08-27 14:29:07,REF897178S
TXN0000141,5.32,USD,Completed,2025-01-22 18:39:43,2025-01-25 07:39:43,REF602194K
TXN0000142,0.28,JPY,Completed,2024-12-27 13:47:45,2024-12-29 01:47:45,REF922470N
TXN0000143,45.46,USD,Completed,2025-10-28 10:08:15,2025-10-29 02:08:15,
TXN0000144,437.59,USD,Pending,2025-01-06 03:38:55,,REF167201E
TXN0000145,25.07,USD,Completed,2025-02-19 11:36:37,2025-02-19 14:36:37,
TXN0000146,2.4,USD,Completed,2025-08-09 01:38:29,2025-08-09 15:38:29,
TXN0000147,7.66,USD,Completed,2025-03-10 21:10:09,2025-03-12 18:10:09,REF723803M
TXN0000148,10.09,USD,Completed,2025-11-04 14:57:04,2025-11-07 02:57:04,REF682355N
TXN0000149,4.37,USD,Completed,2025-10-16 01:26:57,2025-10-17 04:26:57,REF373774W
TXN0000150,72.99,USD,Completed,2025-04-20 21:56:27,,REF332036C
TXN0000151,67.72,USD,Completed,2025-05-14 14:47:56,2025-05-15 16:47:56,
TXN0000152,3.55,GBP,Completed,2025-07-18 13:56:32,2025-07-19 06:56:32,
TXN0000153,59.6,USD,Completed,2024-12-07 17:18:12,2024-12-09 02:18:12,
TXN0000154,198.39,USD,Completed,2025-07-17 20:53:46,2025-07-20 12:53:46,REF807576Z
TXN0000155,348.57,GBP,Completed,2025-02-21 00:12:28,2025-02-21 03:12:28,
TXN0000156,1477.07,CAD,Completed,2025-09-22 12:11:19,2025-09-23 06:11:19,REF394209M
TXN0000157,5.19,CAD,Completed,2025-05-19 09:31:17,2025-05-19 20:31:17,REF610966O
TXN0000158,1388.99,USD,Completed,2025-06-10 12:35:06,2025-06-10 16:35:06,
TXN0000159,11.81,GBP,Pending,2025-04-11 12:31:06,,REF271305F
TXN0000160,8.26,EUR,Completed,2025-04-12 09:50:29,2025-04-14 11:50:29,REF570239Y
TXN0000161,32.81,JPY,Failed,2025-10-16 06:31:52,,
TXN0000162,8.39,USD,Completed,2025-01-03 15:19:51,2025-01-04 20:19:51,
TXN0000163,36.55,USD,Completed,2025-11-18 22:02:00,2025-11-20 00:02:00,REF340880A
TXN0000164,2.77,USD,Completed,2025-06-23 10:35:15,2025-06-23 18:35:15,REF228823V
TXN0000165,14.04,GBP,Completed,2025-06-06 23:09:44,2025-06-07 00:09:44,REF547603E
TXN0000166,138.15,EUR,Completed,2025-04-20 01:29:37,2025-04-21 17:29:37,
TXN0000167,18.44,USD,Completed,2025-07-07 06:29:07,2025-07-08 08:29:07,
TXN0000168,24.84,USD,Completed,2025-01-19 18:51:18,2025-01-22 17:51:18,REF955705P
TXN0000169,40.97,USD,Completed,2025-11-21 13:42:14,2025-11-22 05:42:14,
TXN0000170,116.28,USD,Failed,2025-08-11 04:13:57,,REF948821X
TXN0000171,1.68,JPY,Completed,2025-10-13 15:17:17,2025-10-16 01:17:17,REF271344V
TXN0000172,48.27,USD,Pending,2025-05-04 19:59:46,,
TXN0000173,13.43,EUR,Failed,2025-07-23 02:35:29,,
TXN0000174,25.79,USD,Pending,2024-12-15 14:23:45,,
TXN0000175,98.49,EUR,Completed,2025-04-29 15:04:53,2025-05-01 08:04:53,REF534026D
TXN0000176,3.35,GBP,Failed,2025-07-27 08:34:22,,
TXN0000177,4.4,USD,Completed,2025-05-27 09:19:47,2025-05-28 14:19:47,REF562113E
TXN0000178,1.1,USD,Completed,2025-09-04 08:41:48,2025-09-07 00:41:48,REF167202F
TXN0000179,8.81,USD,Pending,2025-12-02 15:01:27,,REF821517K
TXN0000180,147.77,GBP,Completed,2025-04-03 18:14:44,2025-04-05 02:14:44,REF859910X
TXN0000181,16.76,USD,Completed,2025-05-08 01:09:14,2025-05-09 01:09:14,REF906796C
TXN0000182,2.69,USD,Completed,2025-01-26 07:47:41,2025-01-26 13:47:41,
TXN0000183,9.69,USD,Completed,2025-04-20 01:17:44,2025-04-21 21:17:44,REF679651N
TXN0000184,2.16,EUR,Completed,2025-06-09 09:40:18,2025-06-09 18:40:18,REF151887P
TXN0000185,3.71,USD,Completed,2025-03-27 17:14:11,2025-03-28 21:14:11,REF469645D
TXN0000186,35.99,EUR,Completed,2025-07-06 01:19:37,2025-07-07 22:19:37,
TXN0000187,3.45,JPY,Pending,2025-03-10 08:01:56,,REF281050F
TXN0000188,106.59,USD,Completed,2025-06-28 04:59:48,2025-06-29 12:59:48,
TXN0000189,18.05,USD,Completed,2025-09-03 00:38:06,2025-09-04 13:38:06,
TXN0000190,22.84,USD,Completed,2025-02-19 00:26:32,2025-02-20 09:26:32,REF777431M
TXN0000191,13.23,USD,Completed,2024-12-26 18:37:56,2024-12-26 18:37:56,REF956114G
TXN0000192,64.02,USD,Completed,2025-03-16 20:32:54,2025-03-16 22:32:54,REF981451Q
TXN0000193,65.02,USD,Failed,2025-09-13 22:48:41,,
TXN0000194,33.2,GBP,Completed,2025-07-20 08:26:25,2025-07-22 07:26:25,REF495861Y
TXN0000195,46.86,USD,Completed,2025-01-12 11:54:49,2025-01-14 03:54:49,
TXN0000196,14.61,USD,Completed,2025-11-20 09:18:43,2025-11-21 08:18:43,REF765490V
TXN0000197,45.3,JPY,Completed,2025-02-08 16:46:53,2025-02-10 08:46:53,REF381026F
TXN0000198,12.1,USD,Completed,2025-09-01 02:26:51,2025-09-01 23:26:51,
TXN0000199,20.15,USD,Completed,2025-10-25 06:20:51,2025-10-27 09:20:51,REF187781E
TXN0000200,13.3,USD,Completed,2025-07-12 00:33:56,2025-07-12 20:33:56,
TXN0000201,10.12,USD,Failed,2025-08-29 20:41:23,,REF905940N
TXN0000202,7.14,USD,Completed,2024-12-20 00:29:21,2024-12-22 03:29:21,
TXN0000203,40.51,EUR,Pending,2025-06-06 03:09:59,,REF280733T
TXN0000204,143.44,EUR,Failed,2025-02-13 17:05:21,,
TXN0000205,116.36,USD,Completed,2024-12-10 05:56:28,2024-12-12 22:56:28,
TXN0000206,3.05,USD,Completed,2025-11-30 11:59:54,2025-12-01 00:59:54,
TXN0000207,138.91,JPY,Completed,2025-02-13 06:48:13,2025-02-16 02:48:13,REF335352W
TXN0000208,12.46,USD,Completed,2025-04-03 17:57:45,2025-04-04 15:57:45,REF198944F
TXN0000209,49.46,USD,Completed,2024-12-15 11:10:09,2024-12-16 01:10:09,REF664476E
TXN0000210,5.16,USD,Completed,2025-09-29 18:18:57,,
TXN0000211,24.85,USD,Completed,2025-09-17 22:02:13,2025-09-20 21:02:13,REF508381J
TXN0000212,32.16,GBP,Pending,2025-06-14 16:32:22,,REF144648Z
TXN0000213,2.17,USD,Completed,2025-04-11 18:29:42,2025-04-14 09:29:42,REF649891P
TXN0000214,50.02,USD,Completed,2025-11-28 08:26:27,2025-11-30 09:26:27,REF395456M
TXN0000215,151.25,GBP,Completed,2025-06-15 03:18:06,2025-06-17 10:18:06,REF328287J
TXN0000216,15.46,USD,Completed,2025-02-16 14:00:57,2025-02-18 21:00:57,REF287743C
TXN0000217,154.51,USD,Completed,2025-11-22 02:56:47,2025-11-22 07:56:47,
TXN0000218,15.11,USD,Pending,2025-07-04 21:54:50,,
TXN0000219,71.84,JPY,Failed,2024-12-11 04:38:33,,REF834021D
TXN0000220,0.72,USD,Pending,2025-08-21 06:42:58,,REF739013T
TXN0000221,756.09,USD,Completed,2024-12-24 11:33:31,2024-12-24 23:33:31,REF638640W
TXN0000222,189.27,EUR,Completed,2025-06-28 05:30:01,,REF542759N
TXN0000223,13.11,USD,Completed,2025-06-08 08:01:37,2025-06-08 08:01:37,REF306263X
TXN0000224,1.04,USD,Completed,2025-07-16 20:19:37,2025-07-17 20:19:37,REF104035K
TXN0000225,30.94,USD,Completed,2025-07-28 13:29:27,2025-07-29 20:29:27,REF346355R
TXN0000226,2.3,JPY,Completed,2025-08-17 09:03:18,2025-08-18 05:03:18,REF983374Z
TXN0000227,39.15,EUR,Completed,2025-03-28 14:22:54,2025-03-28 21:22:54,
TXN0000228,37.24,EUR,Completed,2025-09-12 03:02:48,2025-09-14 13:02:48,REF355921H
TXN0000229,4.89,USD,Pending,2025-03-25 16:21:19,,REF625967T
TXN0000230,107.93,EUR,Pending,2025-03-21 06:19:44,,
TXN0000231,67.25,USD,Pending,2025-02-12 23:40:29,,REF765845D
TXN0000232,86.81,CAD,Failed,2025-06-25 04:43:32,,REF905268M
TXN0000233,20.35,USD,Completed,2025-10-13 07:31:04,2025-10-16 05:31:04,
TXN0000234,2.4,USD,Completed,2025-01-13 22:59:11,2025-01-14 18:59:11,
TXN0000235,87.08,EUR,Completed,2025-03-01 07:23:45,2025-03-04 04:23:45,REF866603H
TXN0000236,13.39,USD,Pending,2025-01-16 19:58:48,,REF166375Q
TXN0000237,2.5,EUR,Pending,2025-01-26 02:23:41,,REF120745M
TXN0000238,152.64,USD,Completed,2025-10-10 12:45:44,2025-10-10 17:45:44,REF759711X
TXN0000239,468.3,USD,Completed,2025-04-15 16:25:21,2025-04-18 12:25:21,REF997896U
TXN0000240,18.88,USD,Completed,2025-10-15 21:33:07,2025-10-16 13:33:07,REF566191N
TXN0000241,512.18,JPY,Completed,2025-09-23 14:00:24,2025-09-25 11:00:24,REF539352S
TXN0000242,23.03,EUR,Completed,2025-07-29 05:11:38,2025-07-30 19:11:38,REF621644F
TXN0000243,11.35,USD,Pending,2025-05-19 22:22:43,,REF835571M
TXN0000244,7.8,EUR,Pending,2025-08-26 12:21:13,,REF900817F
TXN0000245,234.07,USD,Pending,2025-11-01 22:57:46,,
TXN0000246,6.23,USD,Completed,2025-01-20 16:40:53,2025-01-23 16:40:53,REF270401K
TXN0000247,60.52,EUR,Completed,2025-08-16 16:25:44,2025-08-16 17:25:44,REF874031J
TXN0000248,8.68,USD,Completed,2025-09-19 16:19:27,2025-09-22 00:19:27,
TXN0000249,10.07,GBP,Completed,2025-01-31 21:27:34,2025-02-02 11:27:34,
TXN0000250,94.2,EUR,Completed,2025-02-28 05:56:51,2025-03-03 04:56:51,
TXN0000251,11.36,USD,Completed,2025-09-23 23:54:57,2025-09-26 14:54:57,
TXN0000252,10.94,EUR,Completed,2025-06-02 13:37:32,2025-06-04 16:37:32,
TXN0000253,109.86,USD,Completed,2025-04-15 15:55:43,2025-04-18 07:55:43,REF218011N
TXN0000254,220.54,USD,Completed,2025-10-31 06:32:43,2025-11-02 01:32:43,
TXN0000255,52.83,USD,Completed,2025-10-23 08:11:34,2025-10-25 08:11:34,
TXN0000256,7.52,USD,Completed,2025-10-08 22:56:11,2025-10-08 23:56:11,REF274761V
TXN0000257,9.34,GBP,Pending,2025-03-07 05:42:56,,REF279203D
TXN0000258,22.64,CAD,Completed,2025-09-25 08:20:27,2025-09-26 01:20:27,REF140983M
TXN0000259,32.51,USD,Failed,2025-01-22 19:34:40,,
TXN0000260,4.56,USD,Pending,2025-09-13 11:02:52,,REF209444Y
TXN0000261,59.42,USD,Completed,2025-06-26 03:41:13,2025-06-29 02:41:13,
TXN0000262,22.83,USD,Completed,2025-01-26 01:01:38,2025-01-28 22:01:38,REF748915T
TXN0000263,1.53,USD,Pending,2025-04-26 14:39:23,,REF680210L
TXN0000264,4.99,JPY,Completed,2025-05-17 09:52:49,2025-05-19 18:52:49,
TXN0000265,9.43,USD,Completed,2025-09-25 18:27:14,2025-09-27 21:27:14,
TXN0000266,18.01,GBP,Completed,2025-01-18 06:13:20,2025-01-19 08:13:20,
TXN0000267,341.69,USD,Completed,2025-07-05 10:32:16,2025-07-08 09:32:16,
TXN0000268,28.71,GBP,Cancelled,2025-04-28 12:52:10,,REF408480N
TXN0000269,5.69,USD,Pending,2025-09-16 05:15:24,,REF120453U
TXN0000270,27.96,USD,Completed,2025-08-02 17:25:53,2025-08-02 21:25:53,
TXN0000271,11.84,USD,Completed,2024-12-31 02:08:52,2024-12-31 17:08:52,
TXN0000272,32.69,USD,Failed,2025-08-01 17:10:24,,
TXN0000273,47.98,JPY,Completed,2025-01-01 01:25:45,2025-01-02 12:25:45,REF542435R
TXN0000274,123.2,USD,Failed,2025-02-21 17:43:01,,
TXN0000275,19.37,USD,Pending,2025-10-07 17:03:03,,
TXN0000276,234.73,USD,Completed,2025-10-07 02:02:49,2025-10-09 15:02:49,
TXN0000277,78.42,GBP,Completed,2024-12-12 12:43:16,2024-12-13 11:43:16,
TXN0000278,6.95,JPY,Completed,2025-09-05 21:32:38,2025-09-07 10:32:38,REF130827I
TXN0000279,552.68,USD,Completed,2025-09-26 13:20:46,2025-09-29 10:20:46,
TXN0000280,32.8,USD,Completed,2025-09-18 23:13:35,2025-09-21 06:13:35,REF201071H
TXN0000281,5.74,USD,Completed,2025-03-04 23:58:48,2025-03-05 09:58:48,REF401433K
TXN0000282,239.7,USD,Completed,2025-05-05 16:38:55,2025-05-05 23:38:55,
TXN0000283,453.35,USD,Completed,2024-12-30 02:41:00,2024-12-30 13:41:00,REF171292W
TXN0000284,19.11,USD,Pending,2025-10-31 13:14:01,,
TXN0000285,9.44,USD,Completed,2025-11-07 06:48:44,2025-11-08 16:48:44,REF672079X
TXN0000286,15.51,USD,Completed,2025-04-20 19:04:58,2025-04-22 12:04:58,REF279274F
TXN0000287,58.68,USD,Completed,2025-06-18 22:06:57,2025-06-20 18:06:57,
TXN0000288,136.56,USD,Completed,2025-02-06 08:10:24,2025-02-09 00:10:24,
TXN0000289,47.26,USD,Completed,2025-04-22 10:51:21,2025-04-22 16:51:21,REF728397C
TXN0000290,23.4,USD,Completed,2025-05-12 15:37:47,2025-05-13 20:37:47,REF769650G
TXN0000291,190.0,USD,Completed,2025-08-24 23:16:20,2025-08-27 18:16:20,REF994618X
TXN0000292,12.56,GBP,Pending,2025-01-05 03:10:29,,
TXN0000293,94.29,EUR,Cancelled,2024-12-20 18:16:26,,REF372585J
TXN0000294,13.04,EUR,Completed,2025-11-16 23:18:18,2025-11-18 04:18:18,REF660270A
TXN0000295,38.34,USD,Completed,2025-09-21 18:17:32,2025-09-22 04:17:32,REF171982W
TXN0000296,16.94,GBP,Completed,2024-12-13 13:58:16,2024-12-14 12:58:16,REF139252Q
TXN0000297,18.47,USD,Completed,2025-05-08 21:52:56,2025-05-11 20:52:56,
TXN0000298,11.4,USD,Completed,2024-12-24 09:21:27,2024-12-24 10:21:27,
TXN0000299,151.0,USD,Completed,2025-06-02 04:32:09,2025-06-03 20:32:09,
TXN0000300,6.69,USD,Completed,2025-08-14 23:35:06,2025-08-16 02:35:06,REF864347H
TXN0000301,6.62,GBP,Completed,2025-11-19 15:20:19,2025-11-20 03:20:19,REF212596L
TXN0000302,483.71,USD,Completed,2025-01-24 12:41:23,2025-01-26 12:41:23,REF870934P
TXN0000303,87.08,USD,Completed,2025-08-28 04:21:46,2025-08-30 06:21:46,REF168476J
TXN0000304,0.56,GBP,Completed,2025-02-15 04:00:40,2025-02-16 12:00:40,REF759664Z
TXN0000305,8.6,CAD,Completed,2025-01-18 02:48:32,2025-01-18 05:48:32,REF217614B
TXN0000306,1.33,USD,Completed,2025-08-03 07:47:16,2025-08-03 09:47:16,REF345317V
TXN0000307,4.83,USD,Pending,2025-05-01 20:30:02,,REF529495V
TXN0000308,0.18,JPY,Completed,2025-06-07 16:48:07,2025-06-09 05:48:07,REF871880Q
TXN0000309,16.35,USD,Pending,2025-01-23 09:17:15,,REF802537T
TXN0000310,3.62,USD,Completed,2025-11-17 02:51:56,2025-11-20 01:51:56,REF488953Y
TXN0000311,21.97,USD,Pending,2025-04-30 15:28:00,,REF645153E
TXN0000312,1.75,EUR,Pending,2025-04-21 14:23:58,,
TXN0000313,22.75,USD,Completed,2025-11-24 12:31:06,2025-11-27 08:31:06,REF794759U
TXN0000314,10.78,GBP,Completed,2025-05-18 21:15:02,2025-05-21 18:15:02,
TXN0000315,191.13,JPY,Pending,2025-07-15 12:16:12,,REF444107Y
TXN0000316,166.84,USD,Failed,2025-06-24 09:11:58,,REF950274D
TXN0000317,65.24,GBP,Completed,2025-09-28 02:32:51,2025-09-30 17:32:51,REF267642Q
TXN0000318,12.31,CAD,Completed,2025-03-13 23:26:31,2025-03-14 22:26:31,REF769196A
TXN0000319,394.68,USD,Pending,2025-08-18 21:27:12,,
TXN0000320,1.96,CAD,Completed,2025-03-04 19:16:09,2025-03-07 15:16:09,
TXN0000321,2.45,USD,Completed,2025-11-26 05:49:37,2025-11-26 07:49:37,REF747176V
TXN0000322,17.71,CAD,Pending,2025-05-11 16:36:21,,REF275032D
TXN0000323,590.55,USD,Completed,2025-09-27 15:41:56,2025-09-28 09:41:56,REF545881N
TXN0000324,14.83,USD,Pending,2025-06-27 01:55:53,,
TXN0000325,15.26,USD,Completed,2025-05-21 06:43:14,,REF587251X
TXN0000326,2.31,USD,Completed,2025-08-12 05:20:21,2025-08-14 07:20:21,
TXN0000327,83.0,USD,Completed,2025-03-27 21:09:56,2025-03-28 07:09:56,
TXN0000328,83.91,USD,Pending,2025-11-17 20:52:23,,REF422304E
TXN0000329,65.6,USD,Completed,2025-11-14 22:43:12,,
TXN0000330,7.82,GBP,Pending,2025-06-01 12:46:23,,
TXN0000331,6.96,JPY,Completed,2025-08-14 19:38:08,2025-08-17 06:38:08,
TXN0000332,2.89,EUR,Pending,2025-02-13 07:51:07,,REF497530Y
TXN0000333,22.78,JPY,Completed,2025-09-15 05:29:02,2025-09-17 01:29:02,REF728709M
TXN0000334,3.97,USD,Completed,2025-07-10 06:16:21,2025-07-10 13:16:21,REF757070K
TXN0000335,3.43,CAD,Cancelled,2024-12-19 03:56:08,,REF551099C
TXN0000336,10.64,CAD,Completed,2025-07-25 08:46:57,2025-07-26 15:46:57,
TXN0000337,9.64,USD,Completed,2025-05-20 01:00:26,2025-05-22 15:00:26,REF474413L
TXN0000338,8.96,USD,Completed,2025-05-27 03:16:06,2025-05-28 10:16:06,
TXN0000339,40.43,USD,Completed,2025-04-03 04:40:29,2025-04-05 18:40:29,
TXN0000340,22.61,USD,Cancelled,2025-11-28 22:11:42,,REF529768A
TXN0000341,13.04,USD,Completed,2025-02-09 04:11:00,,REF367268I
TXN0000342,26.43,USD,Completed,2025-11-05 15:43:56,2025-11-06 04:43:56,REF830404O
TXN0000343,4.54,USD,Pending,2025-11-21 08:49:19,,REF957877U
TXN0000344,23.52,USD,Completed,2025-02-26 22:11:50,2025-02-28 21:11:50,REF139293G
TXN0000345,25.18,USD,Completed,2025-03-14 04:50:59,2025-03-15 07:50:59,
TXN0000346,2.11,USD,Completed,2025-05-17 16:49:25,2025-05-20 09:49:25,REF376087U
TXN0000347,89.44,USD,Completed,2025-10-14 07:02:37,2025-10-15 12:02:37,REF932828G
TXN0000348,5.35,USD,Completed,2025-08-02 07:04:04,2025-08-02 12:04:04,REF521665I
TXN0000349,23.0,JPY,Completed,2025-03-03 14:36:25,2025-03-03 14:36:25,REF281543Q
TXN0000350,115.19,JPY,Failed,2025-10-18 23:16:23,,REF902434I
TXN0000351,80.52,GBP,Completed,2025-07-08 21:20:32,2025-07-10 03:20:32,REF904173K
TXN0000352,21.15,JPY,Completed,2025-07-01 17:07:33,2025-07-04 07:07:33,
TXN0000353,11.66,USD,Completed,2025-08-04 15:27:26,2025-08-06 21:27:26,REF687150D
TXN0000354,83.2,GBP,Pending,2025-02-11 09:06:44,,REF913338X
TXN0000355,55.26,USD,Completed,2025-09-12 23:54:51,2025-09-14 01:54:51,REF896924Q
TXN0000356,7.94,USD,Completed,2024-12-20 12:03:57,2024-12-23 00:03:57,REF883719L
TXN0000357,6.1,USD,Completed,2025-03-15 02:57:57,2025-03-17 05:57:57,
TXN0000358,0.9,USD,Completed,2025-11-02 10:16:29,2025-11-03 15:16:29,REF734433A
TXN0000359,25.31,USD,Failed,2025-01-11 15:56:06,,
TXN0000360,17.74,JPY,Failed,2025-08-10 12:19:38,,
TXN0000361,110.42,USD,Completed,2025-08-03 08:52:30,2025-08-04 05:52:30,REF374691C
TXN0000362,34.42,USD,Pending,2025-01-11 01:25:22,,REF740903B
TXN0000363,148.61,USD,Completed,2025-04-01 13:58:47,2025-04-01 13:58:47,
TXN0000364,7.06,USD,Pending,2025-09-22 03:24:57,,REF720301W
TXN0000365,110.74,USD,Completed,2025-02-05 17:08:39,2025-02-07 16:08:39,REF351865R
TXN0000366,9.09,USD,Completed,2025-03-07 06:58:38,2025-03-08 21:58:38,
TXN0000367,64.48,USD,Pending,2025-11-17 15:58:35,,REF588233A
TXN0000368,2.25,EUR,Completed,2025-05-14 13:36:24,2025-05-16 14:36:24,REF702235N
TXN0000369,28.58,USD,Completed,2025-06-02 19:17:09,2025-06-05 10:17:09,REF931993E
TXN0000370,1.02,USD,Pending,2025-10-30 09:00:21,,REF806162G
TXN0000371,13.45,USD,Completed,2025-10-26 00:37:47,2025-10-26 06:37:47,
TXN0000372,38.88,USD,Completed,2025-09-29 11:12:47,2025-10-01 11:12:47,
TXN0000373,9.19,USD,Completed,2025-09-12 06:23:41,2025-09-13 03:23:41,
TXN0000374,4.16,GBP,Completed,2025-01-06 01:08:26,2025-01-07 19:08:26,REF347931M
TXN0000375,71.46,USD,Completed,2025-07-12 01:28:27,2025-07-13 23:28:27,
TXN0000376,17.2,USD,Completed,2025-11-21 22:10:34,2025-11-24 09:10:34,
TXN0000377,9.64,USD,Failed,2025-08-22 15:39:55,,REF112922A
TXN0000378,21.39,USD,Completed,2025-08-17 13:45:55,2025-08-18 13:45:55,REF136288U
TXN0000379,1048.38,USD,Completed,2025-06-23 16:07:53,2025-06-26 13:07:53,REF693883B
TXN0000380,113.32,USD,Completed,2025-08-24 05:47:59,,REF294655D
TXN0000381,114.88,USD,Failed,2025-05-22 10:42:12,,REF879596N
TXN0000382,38.6,CAD,Completed,2025-01-25 12:49:52,2025-01-26 09:49:52,REF171725P
TXN0000383,25.78,USD,Completed,2025-09-02 12:01:05,2025-09-04 16:01:05,
TXN0000384,0.55,GBP,Pending,2025-05-10 11:14:15,,
TXN0000385,7.25,JPY,Completed,2025-10-25 07:37:53,2025-10-26 01:37:53,
TXN0000386,9.77,USD,Completed,2024-12-30 22:56:22,2025-01-01 08:56:22,REF248809X
TXN0000387,1.21,EUR,Completed,2025-10-28 18:32:07,2025-10-30 04:32:07,REF963285O
TXN0000388,3.54,USD,Completed,2025-11-01 11:46:41,2025-11-01 13:46:41,
TXN0000389,1.03,EUR,Completed,2025-03-06 12:55:36,2025-03-07 00:55:36,
TXN0000390,18.96,USD,Completed,2025-05-21 12:30:13,2025-05-23 02:30:13,REF125277V
TXN0000391,68.59,JPY,Pending,2025-10-27 08:25:53,,REF666283L
TXN0000392,105.65,USD,Completed,2025-05-05 14:12:52,2025-05-06 04:12:52,REF663110S
TXN0000393,37.42,USD,Pending,2025-10-22 11:49:05,,REF524257Y
TXN0000394,4.73,EUR,Pending,2025-06-10 17:12:46,,REF367700P
TXN0000395,1.11,GBP,Failed,2025-04-17 18:04:11,,REF541766E
TXN0000396,1.44,USD,Completed,2025-08-28 10:25:57,2025-08-28 11:25:57,REF382312J
TXN0000397,2.99,USD,Pending,2025-11-09 13:48:10,,REF789280R
TXN0000398,5.29,CAD,Completed,2025-03-17 01:06:09,2025-03-17 05:06:09,REF749814S
TXN0000399,15.81,USD,Completed,2025-01-19 11:01:20,2025-01-21 14:01:20,REF861370Y
TXN0000400,4.39,GBP,Pending,2025-11-09 17:36:32,,REF512130T
TXN0000401,33.4,EUR,Pending,2025-05-17 00:03:05,,REF341656I
TXN0000402,14.18,USD,Completed,2025-09-27 16:19:21,2025-09-27 21:19:21,REF222964H
TXN0000403,20.41,USD,Completed,2024-12-25 18:49:21,2024-12-28 01:49:21,
TXN0000404,111.09,USD,Completed,2025-04-13 14:25:02,2025-04-14 11:25:02,
TXN0000405,3.42,EUR,Pending,2025-08-23 19:19:07,,
TXN0000406,37.64,USD,Completed,2025-02-16 21:10:22,2025-02-16 23:10:22,REF495211H
TXN0000407,19.67,EUR,Cancelled,2025-08-23 18:48:56,,REF722585D
TXN0000408,12.18,USD,Completed,2025-05-01 08:32:44,2025-05-04 08:32:44,REF227211I
TXN0000409,75.78,GBP,Completed,2025-03-14 22:19:02,2025-03-15 09:19:02,REF889544X
TXN0000410,75.08,GBP,Completed,2025-08-19 03:41:30,2025-08-21 18:41:30,
TXN0000411,4.86,GBP,Completed,2025-06-11 17:16:12,2025-06-14 03:16:12,REF747785B
TXN0000412,15.28,USD,Pending,2024-12-29 22:09:10,,REF983577C
TXN0000413,30.63,JPY,Completed,2025-09-22 13:30:24,2025-09-25 02:30:24,
TXN0000414,13.34,USD,Pending,2025-09-16 13:20:13,,REF390801V
TXN0000415,48.3,USD,Pending,2025-10-29 06:20:41,,
TXN0000416,30.62,JPY,Completed,2025-08-20 21:36:13,2025-08-23 20:36:13,REF828029I
TXN0000417,313.83,USD,Completed,2025-12-02 15:01:18,,
TXN0000418,2.02,GBP,Completed,2025-08-25 18:31:54,2025-08-26 02:31:54,REF439677Y
TXN0000419,16.72,USD,Completed,2025-09-25 08:13:44,2025-09-27 01:13:44,REF702673T
TXN0000420,5.14,USD,Pending,2025-01-19 10:23:02,,
TXN0000421,49.71,USD,Pending,2025-04-25 18:41:31,,
TXN0000422,1.78,USD,Completed,2024-12-31 07:45:27,2024-12-31 09:45:27,REF840651Y
TXN0000423,33.77,USD,Completed,2025-10-05 22:10:17,2025-10-06 15:10:17,REF638274O
TXN0000424,7.81,GBP,Failed,2024-12-10 15:26:28,,
TXN0000425,6.68,USD,Completed,2025-05-19 01:48:21,2025-05-21 17:48:21,REF621017I
TXN0000426,2.29,JPY,Completed,2025-11-17 19:39:28,2025-11-19 16:39:28,REF302011N
TXN0000427,10.0,CAD,Completed,2025-08-17 22:46:33,2025-08-20 08:46:33,
TXN0000428,102.18,USD,Completed,2025-03-12 19:43:07,2025-03-15 18:43:07,REF678457W
TXN0000429,19.34,USD,Completed,2025-05-31 14:48:29,2025-05-31 22:48:29,REF924497U
TXN0000430,51.5,USD,Completed,2025-07-29 19:27:42,2025-07-31 21:27:42,
TXN0000431,243.95,USD,Completed,2025-06-30 04:24:59,2025-07-02 10:24:59,REF156394C
TXN0000432,29.83,USD,Completed,2025-10-14 06:50:57,2025-10-14 17:50:57,
TXN0000433,8.69,EUR,Completed,2024-12-08 14:35:29,2024-12-09 06:35:29,
TXN0000434,40.48,USD,Failed,2025-01-16 05:36:11,,REF850078L
TXN0000435,8.88,USD,Completed,2025-03-10 01:36:34,2025-03-11 10:36:34,REF860643B
TXN0000436,9.43,USD,Completed,2025-09-28 09:49:32,2025-09-29 03:49:32,REF539313H
TXN0000437,2.05,USD,Pending,2025-09-01 16:22:11,,
TXN0000438,80.59,USD,Completed,2025-07-31 11:50:11,2025-08-03 02:50:11,REF937339U
TXN0000439,11.26,CAD,Completed,2025-08-19 17:52:00,2025-08-20 12:52:00,
TXN0000440,26.39,CAD,Completed,2025-07-26 04:17:20,2025-07-28 08:17:20,REF271108K
TXN0000441,4.25,EUR,Completed,2025-10-19 16:46:39,2025-10-22 02:46:39,REF292175M
TXN0000442,38.63,USD,Completed,2025-01-02 00:04:40,2025-01-04 05:04:40,REF506246L
TXN0000443,6.41,GBP,Failed,2025-05-18 22:47:17,,REF389471C
TXN0000444,16.24,EUR,Completed,2025-09-12 01:50:13,2025-09-14 05:50:13,REF563468Q
TXN0000445,74.94,USD,Completed,2025-01-10 05:08:40,2025-01-12 17:08:40,REF184430V
TXN0000446,65.77,USD,Completed,2025-07-27 23:32:58,2025-07-28 00:32:58,
TXN0000447,19.43,USD,Completed,2025-10-11 13:10:20,2025-10-14 05:10:20,REF415974E
TXN0000448,1.42,USD,Completed,2025-08-10 01:04:16,2025-08-11 03:04:16,REF422162X
TXN0000449,1788.65,EUR,Completed,2025-02-05 00:48:27,2025-02-05 19:48:27,REF258141C
TXN0000450,275.56,EUR,Pending,2025-05-08 01:45:15,,REF887700L
TXN0000451,59.38,USD,Pending,2025-03-22 17:35:58,,
TXN0000452,6.49,EUR,Pending,2025-07-13 11:25:26,,REF192213Y
TXN0000453,16.94,EUR,Completed,2025-06-21 13:01:42,2025-06-22 14:01:42,REF184208Q
TXN0000454,8.89,USD,Pending,2025-11-25 21:38:02,,REF421622H
TXN0000455,133.72,USD,Completed,2025-05-16 14:20:17,2025-05-19 06:20:17,REF859185C
TXN0000456,29.78,USD,Pending,2025-03-05 17:11:14,,REF524832M
TXN0000457,6.2,GBP,Completed,2025-01-15 19:58:34,,REF145867F
TXN0000458,9.91,USD,Completed,2025-06-17 07:03:38,2025-06-18 18:03:38,
TXN0000459,107.96,USD,Completed,2025-06-15 04:24:59,2025-06-17 07:24:59,
TXN0000460,221.44,CAD,Completed,2025-09-28 19:19:27,2025-09-30 01:19:27,REF205361W
TXN0000461,198.84,JPY,Completed,2025-01-28 06:32:09,,
TXN0000462,62.52,USD,Completed,2025-03-16 05:00:47,2025-03-16 11:00:47,
TXN0000463,13.75,USD,Completed,2025-03-07 18:54:42,2025-03-09 08:54:42,REF597909D
TXN0000464,0.16,GBP,Completed,2025-03-10 17:15:10,2025-03-11 05:15:10,REF589302Y
TXN0000465,31.37,USD,Pending,2025-03-08 15:30:30,,
TXN0000466,20.03,USD,Failed,2025-04-30 04:03:00,,REF472012V
TXN0000467,24.78,CAD,Cancelled,2025-06-13 03:32:59,,REF370921D
TXN0000468,21.78,USD,Cancelled,2025-06-23 09:05:11,,REF649331K
TXN0000469,2.75,JPY,Completed,2025-03-09 23:15:41,2025-03-10 08:15:41,
TXN0000470,46.34,USD,Completed,2025-05-27 01:02:52,2025-05-27 16:02:52,
TXN0000471,51.85,USD,Completed,2025-06-05 03:37:09,2025-06-07 11:37:09,REF103631P
TXN0000472,55.9,USD,Pending,2025-04-07 15:15:59,,REF590679D
TXN0000473,83.09,USD,Completed,2025-01-03 07:20:38,2025-01-06 00:20:38,
TXN0000474,49.7,CAD,Completed,2025-12-01 17:25:20,2025-12-02 18:25:20,REF894996S
TXN0000475,10.86,USD,Completed,2025-04-15 15:58:27,2025-04-16 06:58:27,REF608732K
TXN0000476,18.06,USD,Pending,2025-05-02 11:07:49,,REF211193A
TXN0000477,23.03,USD,Completed,2025-04-12 08:20:38,2025-04-15 06:20:38,REF468991O
TXN0000478,23.61,USD,Completed,2025-03-15 11:38:07,2025-03-16 19:38:07,REF407400G
TXN0000479,89.78,USD,Pending,2025-05-07 06:57:05,,REF270151D
TXN0000480,52.75,USD,Cancelled,2025-06-21 17:12:50,,REF900502M
TXN0000481,453.06,GBP,Completed,2025-02-04 17:50:39,2025-02-07 05:50:39,
TXN0000482,549.88,EUR,Completed,2025-02-11 08:33:45,2025-02-13 15:33:45,REF224145H
TXN0000483,22.63,CAD,Failed,2024-12-29 16:00:08,,REF248937C
TXN0000484,0.06,EUR,Pending,2025-05-08 11:13:53,,REF963451E
TXN0000485,128.41,USD,Failed,2024-12-10 15:12:53,,
TXN0000486,8.93,CAD,Failed,2025-11-06 03:57:11,,REF904093I
TXN0000487,6.04,USD,Pending,2025-10-15 10:06:18,,REF828590D
TXN0000488,11.05,JPY,Completed,2025-10-23 09:35:15,2025-10-24 21:35:15,
TXN0000489,10.28,USD,Completed,2025-08-11 23:55:44,2025-08-14 05:55:44,REF948811C
TXN0000490,50.32,USD,Completed,2024-12-26 14:46:20,2024-12-27 08:46:20,
TXN0000491,1.94,USD,Pending,2025-10-15 23:51:19,,REF849005R
TXN0000492,3.99,EUR,Completed,2025-06-22 19:47:55,2025-06-24 02:47:55,
TXN0000493,33.61,EUR,Completed,2025-10-11 16:10:41,2025-10-13 07:10:41,REF198012A
TXN0000494,51.13,GBP,Pending,2025-08-11 05:04:05,,
TXN0000495,52.58,USD,Cancelled,2025-07-03 09:45:14,,REF960107Z
TXN0000496,6.17,USD,Failed,2025-03-19 08:28:45,,REF358769R
TXN0000497,4.63,EUR,Failed,2025-04-26 14:27:21,,
TXN0000498,9.39,USD,Completed,2025-05-11 08:47:57,2025-05-13 23:47:57,REF203264E
TXN0000499,28.78,USD,Completed,2025-05-26 11:03:05,2025-05-29 03:03:05,
TXN0000500,186.46,USD,Pending,2025-03-22 01:21:21,,REF899462V
TXN0000501,0.93,USD,Completed,2025-11-27 10:42:07,2025-11-29 11:42:07,
TXN0000502,14.42,USD,Pending,2025-05-04 15:36:51,,REF487775Y
TXN0000503,2.72,GBP,Completed,2025-05-03 10:57:33,2025-05-03 14:57:33,
TXN0000504,1.68,GBP,Completed,2025-08-17 01:05:29,2025-08-18 23:05:29,REF376377Y
TXN0000505,85.66,USD,Completed,2025-07-17 08:56:14,2025-07-18 13:56:14,REF857764B
TXN0000506,45.46,USD,Completed,2025-02-16 22:18:16,2025-02-18 03:18:16,REF914027F
TXN0000507,39.42,USD,Completed,2025-05-02 01:26:25,2025-05-03 15:26:25,REF440071W
TXN0000508,79.96,USD,Completed,2024-12-29 21:01:07,2025-01-01 21:01:07,
TXN0000509,9.78,GBP,Completed,2025-11-22 02:32:50,2025-11-24 05:32:50,REF572769F
TXN0000510,10.5,GBP,Cancelled,2025-08-08 18:34:24,,REF549430I
TXN0000511,533.04,USD,Pending,2025-11-10 11:41:24,,REF250802P
TXN0000512,13.88,JPY,Pending,2025-10-26 09:07:24,,REF318361X
TXN0000513,60.5,JPY,Completed,2025-07-12 00:48:52,2025-07-12 17:48:52,REF231470G
TXN0000514,20.28,USD,Completed,2025-01-21 01:01:01,2025-01-23 13:01:01,REF526180V
TXN0000515,1.26,GBP,Completed,2025-09-09 04:02:21,2025-09-11 22:02:21,REF720045V
TXN0000516,0.94,USD,Completed,2025-09-07 04:56:45,2025-09-09 03:56:45,REF372323A
TXN0000517,8.43,USD,Completed,2025-09-08 04:06:52,2025-09-08 22:06:52,REF705773N
TXN0000518,97.92,CAD,Completed,2025-04-15 09:42:22,2025-04-17 18:42:22,
TXN0000519,65.53,EUR,Completed,2025-04-08 07:53:54,2025-04-10 16:53:54,
TXN0000520,79.13,USD,Completed,2025-04-29 18:53:04,2025-05-01 13:53:04,REF266498N
TXN0000521,4.57,USD,Pending,2025-03-24 23:50:27,,
TXN0000522,226.74,USD,Pending,2024-12-17 00:28:59,,REF521990X
TXN0000523,4.72,USD,Completed,2025-11-10 04:46:37,2025-11-10 11:46:37,REF283963U
TXN0000524,27.64,USD,Pending,2024-12-31 04:59:50,,REF970456L
TXN0000525,19.78,USD,Completed,2025-01-10 06:33:49,2025-01-12 20:33:49,
TXN0000526,15.47,GBP,Completed,2025-11-07 02:08:03,2025-11-09 23:08:03,REF402986I
TXN0000527,149.59,USD,Completed,2025-11-17 02:55:50,2025-11-17 06:55:50,REF208596N
TXN0000528,6.98,USD,Completed,2025-05-07 06:49:17,2025-05-08 04:49:17,
TXN0000529,2.65,EUR,Cancelled,2025-09-10 00:17:00,,REF933317R
TXN0000530,20.7,JPY,Completed,2025-09-04 05:18:59,2025-09-06 07:18:59,
TXN0000531,11.03,USD,Completed,2025-06-23 03:17:08,2025-06-23 12:17:08,REF896365A
TXN0000532,3184.58,GBP,Completed,2025-04-08 05:14:05,2025-04-09 05:14:05,REF916350B
TXN0000533,55.41,EUR,Failed,2025-05-04 15:39:02,,
TXN0000534,10.87,USD,Pending,2025-04-07 22:38:04,,
TXN0000535,4.12,USD,Completed,2025-08-06 19:05:53,2025-08-07 09:05:53,REF561970F
TXN0000536,1.2,GBP,Completed,2025-11-13 06:13:18,2025-11-14 12:13:18,REF105588R
TXN0000537,4.32,USD,Pending,2025-10-26 00:17:16,,REF440888I
TXN0000538,23.86,EUR,Completed,2025-04-05 22:58:39,2025-04-08 20:58:39,REF832829T
TXN0000539,170.89,EUR,Completed,2025-06-23 16:50:57,2025-06-24 12:50:57,REF617216F
TXN0000540,108.04,USD,Pending,2025-03-05 11:13:18,,
TXN0000541,28.32,USD,Completed,2025-03-20 07:12:57,2025-03-23 07:12:57,REF162389E
TXN0000542,12.37,EUR,Completed,2025-09-25 19:48:48,2025-09-27 13:48:48,REF575652F
TXN0000543,30.06,USD,Cancelled,2024-12-25 00:54:37,,REF377636T
TXN0000544,9.23,USD,Completed,2025-02-05 03:20:00,2025-02-05 03:20:00,REF672660N
TXN0000545,264.42,USD,Pending,2025-05-04 19:32:14,,REF890141N
TXN0000546,15.12,USD,Completed,2025-10-28 10:24:00,2025-10-28 11:24:00,REF208299S
TXN0000547,17.65,GBP,Completed,2025-01-14 15:42:57,2025-01-15 12:42:57,
TXN0000548,0.72,GBP,Completed,2025-01-29 16:35:46,2025-01-30 22:35:46,REF393069I
TXN0000549,14.98,JPY,Completed,2024-12-28 02:55:28,2024-12-29 00:55:28,REF465424G
TXN0000550,70.44,USD,Failed,2025-08-07 04:08:34,,
TXN0000551,4.05,USD,Completed,2025-04-19 05:39:14,2025-04-20 23:39:14,REF162263D
TXN0000552,6.51,EUR,Cancelled,2025-02-17 13:46:45,,
TXN0000553,65.96,EUR,Completed,2025-08-20 05:57:57,2025-08-22 08:57:57,REF952659R
TXN0000554,2.19,USD,Pending,2024-12-18 16:25:16,,REF891730Y
TXN0000555,98.17,JPY,Completed,2025-07-04 05:47:21,2025-07-05 12:47:21,REF271139S
TXN0000556,9.04,USD,Completed,2025-06-21 22:49:19,2025-06-23 18:49:19,REF876385R
TXN0000557,11.21,USD,Completed,2025-01-31 00:05:43,2025-02-01 10:05:43,REF194860F
TXN0000558,3.72,USD,Pending,2025-08-22 06:35:12,,REF511903K
TXN0000559,35.41,EUR,Completed,2025-09-22 02:06:23,2025-09-22 09:06:23,
TXN0000560,804.17,USD,Completed,2025-09-05 21:01:08,2025-09-08 10:01:08,REF716560L
TXN0000561,64.86,USD,Completed,2025-02-15 20:14:57,2025-02-16 19:14:57,
TXN0000562,5.49,USD,Completed,2025-06-29 22:22:58,2025-06-30 10:22:58,REF289594M
TXN0000563,110.33,EUR,Completed,2025-05-13 22:43:03,2025-05-15 21:43:03,
TXN0000564,12.49,JPY,Pending,2025-04-16 14:01:42,,
TXN0000565,157.86,EUR,Completed,2024-12-10 20:44:08,2024-12-12 23:44:08,
TXN0000566,67.36,JPY,Pending,2025-05-15 17:00:33,,REF546403D
TXN0000567,0.24,GBP,Completed,2025-05-21 04:22:45,2025-05-22 00:22:45,REF658939I
TXN0000568,4.45,USD,Completed,2025-02-02 05:18:53,2025-02-03 02:18:53,REF165844L
TXN0000569,82.81,JPY,Completed,2025-04-30 14:15:17,2025-05-02 06:15:17,
TXN0000570,25.22,GBP,Completed,2025-04-23 06:57:00,2025-04-23 19:57:00,
TXN0000571,4.32,USD,Pending,2025-07-27 02:55:17,,REF720001O
TXN0000572,7.76,USD,Completed,2025-06-02 14:29:28,2025-06-03 06:29:28,REF877255I
TXN0000573,1.15,USD,Completed,2025-08-07 15:20:52,2025-08-10 12:20:52,
TXN0000574,17.59,EUR,Completed,2025-08-11 00:06:49,2025-08-13 21:06:49,REF719394F
TXN0000575,553.37,CAD,Completed,2025-11-03 13:19:01,2025-11-06 10:19:01,REF143460N
TXN0000576,67.18,USD,Completed,2025-09-22 09:49:21,2025-09-23 11:49:21,REF894352F
TXN0000577,536.8,CAD,Completed,2025-10-12 07:27:07,2025-10-12 19:27:07,REF747507B
TXN0000578,75.46,USD,Completed,2025-06-21 17:18:56,2025-06-23 06:18:56,REF388292B
TXN0000579,93.81,USD,Completed,2025-10-01 22:14:49,2025-10-03 19:14:49,REF656169G
TXN0000580,388.04,USD,Cancelled,2025-01-31 04:14:53,,REF558482W
TXN0000581,35.37,USD,Pending,2024-12-20 13:30:09,,
TXN0000582,15.17,USD,Completed,2025-01-05 14:55:57,2025-01-06 11:55:57,REF327233Y
TXN0000583,94.54,USD,Completed,2025-07-10 13:00:03,2025-07-12 15:00:03,
TXN0000584,177.82,USD,Completed,2025-11-13 15:06:34,2025-11-14 04:06:34,REF469799X
TXN0000585,9.78,JPY,Completed,2024-12-26 07:23:10,2024-12-27 21:23:10,REF679307N
TXN0000586,6.8,GBP,Pending,2025-01-12 13:38:22,,REF195042F
TXN0000587,24.74,USD,Completed,2025-01-26 17:19:23,2025-01-28 05:19:23,
TXN0000588,69.91,EUR,Completed,2025-04-21 03:58:47,2025-04-22 00:58:47,REF564921B
TXN0000589,66.5,USD,Completed,2025-10-03 09:37:37,2025-10-05 04:37:37,REF155171S
TXN0000590,2.37,USD,Completed,2025-06-21 21:22:16,2025-06-23 09:22:16,REF119674W
TXN0000591,353.33,USD,Pending,2025-07-27 23:33:56,,
TXN0000592,7.68,USD,Completed,2025-11-17 04:20:02,2025-11-18 02:20:02,
TXN0000593,13.5,USD,Completed,2025-07-14 09:53:09,,REF106070W
TXN0000594,5.19,JPY,Completed,2025-10-18 16:46:51,2025-10-21 06:46:51,REF435933M
TXN0000595,1149.97,USD,Completed,2025-08-07 10:57:39,2025-08-09 15:57:39,REF157559P
TXN0000596,28.88,JPY,Completed,2025-06-18 20:50:15,,REF847873L
TXN0000597,5.6,USD,Completed,2025-08-13 06:24:41,2025-08-14 16:24:41,REF566294N
TXN0000598,73.4,JPY,Completed,2025-11-11 13:04:57,2025-11-12 15:04:57,REF307856Z
TXN0000599,63.67,USD,Failed,2025-08-29 20:25:21,,
TXN0000600,15.16,USD,Completed,2025-11-26 10:25:35,2025-11-26 22:25:35,REF389429J
TXN0000601,70.87,EUR,Completed,2025-04-21 09:15:47,2025-04-23 20:15:47,REF507226Q
TXN0000602,5.82,CAD,Pending,2025-07-11 01:44:03,,REF542488W
TXN0000603,9.59,USD,Completed,2025-05-13 15:20:20,2025-05-13 20:20:20,
TXN0000604,0.98,USD,Completed,2025-10-29 09:54:51,,
TXN0000605,2.76,EUR,Completed,2025-03-04 14:31:02,2025-03-05 12:31:02,
TXN0000606,302.31,JPY,Completed,2025-07-04 19:24:04,2025-07-05 23:24:04,REF379559Y
TXN0000607,235.6,GBP,Completed,2024-12-14 12:26:45,2024-12-15 22:26:45,REF918838K
TXN0000608,22.17,USD,Completed,2025-05-11 18:18:07,2025-05-13 02:18:07,REF897814A
TXN0000609,243.32,JPY,Pending,2024-12-30 22:52:27,,REF336343M
TXN0000610,15.8,USD,Completed,2025-02-01 01:26:28,2025-02-01 06:26:28,
TXN0000611,13.94,USD,Completed,2025-03-12 15:34:02,,
TXN0000612,21.86,USD,Completed,2025-08-25 15:09:47,2025-08-27 10:09:47,REF428154P
TXN0000613,16.65,USD,Completed,2024-12-27 12:11:24,2024-12-28 23:11:24,
TXN0000614,14.54,EUR,Pending,2025-09-05 20:38:40,,
TXN0000615,111.62,USD,Completed,2025-07-05 03:32:57,2025-07-07 09:32:57,
TXN0000616,25.16,EUR,Completed,2025-03-27 23:32:29,2025-03-28 11:32:29,
TXN0000617,58.48,CAD,Completed,2025-04-12 16:42:41,,
TXN0000618,94.36,USD,Pending,2025-02-19 05:38:12,,REF997726L
TXN0000619,35.96,USD,Completed,2025-11-04 20:08:17,2025-11-07 07:08:17,
TXN0000620,4.69,GBP,Completed,2025-05-27 02:07:19,2025-05-27 10:07:19,
TXN0000621,2.64,USD,Completed,2025-02-03 14:17:20,2025-02-03 18:17:20,REF256397O
TXN0000622,25.11,EUR,Completed,2025-09-29 08:11:48,2025-09-29 22:11:48,
TXN0000623,15.54,USD,Completed,2025-04-15 23:08:16,2025-04-18 22:08:16,REF404145H
TXN0000624,22.9,GBP,Completed,2025-10-23 20:23:49,2025-10-25 15:23:49,REF338963W
TXN0000625,19.61,USD,Completed,2025-02-04 21:29:41,2025-02-07 14:29:41,
TXN0000626,968.12,USD,Completed,2025-09-08 07:25:58,2025-09-10 10:25:58,REF929904D
TXN0000627,2.73,USD,Pending,2025-09-12 16:04:43,,REF999281P
TXN0000628,1.02,EUR,Pending,2025-03-04 14:24:48,,REF908554Q
TXN0000629,33.07,EUR,Completed,2025-05-03 16:09:20,2025-05-04 19:09:20,REF445495V
TXN0000630,11.42,GBP,Completed,2025-01-25 18:49:59,2025-01-26 20:49:59,REF314276J
TXN0000631,32.27,USD,Completed,2025-07-04 15:36:08,2025-07-07 07:36:08,REF519225A
TXN0000632,48.22,USD,Cancelled,2025-11-26 04:45:10,,REF122971V
TXN0000633,137.85,USD,Completed,2025-03-07 07:26:46,2025-03-07 22:26:46,REF161533I
TXN0000634,2.09,USD,Pending,2025-04-16 02:35:21,,REF671542M
TXN0000635,8.71,USD,Completed,2024-12-04 00:41:21,2024-12-05 02:41:21,
TXN0000636,38.21,GBP,Completed,2025-09-23 09:49:52,2025-09-23 10:49:52,REF948910S
TXN0000637,63.8,GBP,Completed,2025-08-11 04:42:05,2025-08-11 14:42:05,REF694175R
TXN0000638,539.25,USD,Completed,2025-11-13 20:42:16,2025-11-16 01:42:16,REF906841G
TXN0000639,84.23,USD,Completed,2025-06-24 21:33:45,2025-06-24 21:33:45,REF962305J
TXN0000640,18.45,USD,Completed,2025-01-18 10:11:32,2025-01-19 06:11:32,
TXN0000641,5.28,USD,Completed,2025-10-11 08:40:50,2025-10-12 14:40:50,REF191328V
TXN0000642,8.62,CAD,Completed,2024-12-16 07:09:21,2024-12-16 09:09:21,
TXN0000643,8.26,USD,Cancelled,2025-11-06 20:08:56,,REF498858T
TXN0000644,53.67,EUR,Pending,2024-12-04 10:06:49,,REF102088L
TXN0000645,29.53,EUR,Completed,2025-05-23 03:23:03,2025-05-24 13:23:03,
TXN0000646,2.76,EUR,Completed,2025-09-27 06:30:09,2025-09-28 13:30:09,REF831250E
TXN0000647,10.45,EUR,Pending,2025-01-12 21:23:28,,
TXN0000648,74.91,USD,Completed,2025-07-04 01:52:15,2025-07-04 01:52:15,REF495213U
TXN0000649,34.04,USD,Completed,2025-02-06 18:01:17,2025-02-09 13:01:17,REF892309Y
TXN0000650,47.13,USD,Completed,2025-02-02 02:50:26,2025-02-03 10:50:26,REF709137X
TXN0000651,35.67,JPY,Completed,2025-05-31 12:30:00,2025-05-31 23:30:00,REF309414O
TXN0000652,230.36,USD,Completed,2025-01-27 15:09:36,2025-01-28 10:09:36,REF412836B
TXN0000653,28.62,USD,Completed,2025-01-19 11:17:12,2025-01-22 08:17:12,
TXN0000654,11.26,JPY,Pending,2025-06-18 03:07:24,,REF521644E
TXN0000655,5.09,EUR,Completed,2025-01-24 20:46:44,2025-01-25 18:46:44,REF907816J
TXN0000656,29.21,GBP,Completed,2025-03-15 06:58:41,2025-03-15 09:58:41,REF120175O
TXN0000657,0.52,USD,Completed,2025-11-08 00:39:15,2025-11-09 19:39:15,REF292781U
TXN0000658,15.23,EUR,Completed,2025-09-19 08:36:06,2025-09-21 13:36:06,REF543529S
TXN0000659,14.75,EUR,Pending,2025-03-23 01:45:24,,REF215530F
TXN0000660,2.59,USD,Completed,2025-01-25 16:40:02,2025-01-28 15:40:02,
TXN0000661,4.99,USD,Completed,2025-01-14 11:15:54,2025-01-16 21:15:54,
TXN0000662,67.66,USD,Failed,2025-08-15 06:44:25,,
TXN0000663,28.39,USD,Completed,2025-08-10 11:45:58,2025-08-12 04:45:58,REF500016U
TXN0000664,23.4,EUR,Completed,2025-03-21 00:20:41,2025-03-23 18:20:41,
TXN0000665,31.8,EUR,Pending,2025-07-04 23:04:16,,REF249531J
TXN0000666,23.08,JPY,Completed,2025-10-22 08:55:45,2025-10-22 10:55:45,REF263798H
TXN0000667,129.58,USD,Completed,2024-12-21 16:11:06,,REF524745W
TXN0000668,24.17,EUR,Completed,2025-05-07 16:41:35,2025-05-08 08:41:35,REF407908H
TXN0000669,2.25,USD,Pending,2025-07-05 19:21:54,,REF144070L
TXN0000670,231.64,EUR,Completed,2025-10-13 01:55:54,2025-10-15 17:55:54,REF833911R
TXN0000671,35.01,GBP,Pending,2025-07-28 06:13:00,,
TXN0000672,8.3,USD,Pending,2025-02-20 19:32:28,,REF634795R
TXN0000673,3.06,USD,Pending,2025-07-20 11:33:51,,REF622623H
TXN0000674,36.37,USD,Pending,2025-09-01 02:32:52,,REF307183E
TXN0000675,16.85,USD,Completed,2025-04-07 21:17:46,2025-04-10 08:17:46,REF755285Q
TXN0000676,212.98,USD,Completed,2025-08-23 20:31:03,2025-08-25 11:31:03,REF608141V
TXN0000677,11.95,USD,Completed,2025-03-05 12:03:13,2025-03-06 20:03:13,
TXN0000678,5.72,USD,Failed,2025-01-19 18:31:36,,REF235067A
TXN0000679,76.99,USD,Failed,2025-04-15 10:58:24,,REF696845S
TXN0000680,80.47,USD,Completed,2025-03-08 04:44:05,2025-03-08 23:44:05,REF873048T
TXN0000681,25.87,EUR,Completed,2025-11-06 09:14:32,2025-11-08 02:14:32,REF870497P
TXN0000682,55.4,USD,Completed,2025-03-09 02:32:09,2025-03-11 17:32:09,REF296388L
TXN0000683,18.98,USD,Completed,2025-09-23 03:44:28,2025-09-24 10:44:28,
TXN0000684,28.53,USD,Pending,2025-03-05 15:43:18,,
TXN0000685,115.29,USD,Completed,2025-09-30 04:25:42,,REF901569T
TXN0000686,51.31,USD,Completed,2025-09-04 02:47:37,,
TXN0000687,15.58,EUR,Failed,2025-01-14 04:00:52,,
TXN0000688,152.71,EUR,Completed,2025-07-30 03:09:47,2025-07-31 18:09:47,REF793459H
TXN0000689,0.58,JPY,Pending,2025-03-14 08:47:51,,REF328303J
TXN0000690,436.2,USD,Pending,2025-01-29 05:20:24,,REF259704U
TXN0000691,1.55,USD,Completed,2025-07-13 02:34:00,2025-07-15 23:34:00,REF443120V
TXN0000692,7.84,USD,Pending,2025-08-27 13:11:19,,REF242011J
TXN0000693,18.89,USD,Failed,2024-12-27 10:50:27,,REF158312Q
TXN0000694,16.12,USD,Completed,2025-09-08 18:50:12,2025-09-11 18:50:12,REF547349N
TXN0000695,90.89,GBP,Completed,2025-02-10 01:51:05,2025-02-11 10:51:05,REF750579M
TXN0000696,4.11,JPY,Failed,2025-11-27 06:08:15,,REF671682B
TXN0000697,29.7,JPY,Completed,2025-07-24 03:15:33,2025-07-24 19:15:33,REF189312P
TXN0000698,8.44,USD,Failed,2025-04-20 20:34:59,,REF528334N
TXN0000699,31.27,USD,Completed,2025-06-12 16:51:40,2025-06-15 05:51:40,
TXN0000700,18.23,JPY,Completed,2024-12-17 16:14:04,2024-12-19 05:14:04,REF107054J
TXN0000701,23.09,JPY,Completed,2025-06-08 08:42:30,2025-06-08 23:42:30,REF433434H
TXN0000702,8.8,EUR,Completed,2025-10-22 23:11:49,2025-10-24 15:11:49,
TXN0000703,9.35,USD,Completed,2024-12-20 04:07:40,2024-12-22 19:07:40,REF466594B
TXN0000704,30.9,USD,Completed,2025-04-14 23:13:48,2025-04-15 21:13:48,REF253734W
TXN0000705,82.73,EUR,Pending,2025-11-03 07:51:35,,REF174430S
TXN0000706,8.19,USD,Completed,2025-02-02 18:42:06,2025-02-02 23:42:06,
TXN0000707,5.46,GBP,Pending,2025-05-15 23:23:53,,REF987754O
TXN0000708,50.41,EUR,Pending,2025-03-24 20:40:26,,REF126919O
TXN0000709,19.13,USD,Pending,2025-01-27 11:42:28,,REF430525C
TXN0000710,69.81,JPY,Completed,2024-12-22 03:23:14,2024-12-24 15:23:14,REF179918Y
TXN0000711,5.16,USD,Completed,2025-08-19 00:42:51,2025-08-19 04:42:51,REF821484R
TXN0000712,1.39,CAD,Completed,2025-08-10 10:40:23,2025-08-11 16:40:23,REF274544R
TXN0000713,9.03,USD,Completed,2025-05-08 13:42:02,2025-05-09 13:42:02,REF138838T
TXN0000714,6.36,USD,Completed,2025-08-11 01:21:01,,REF671063X
TXN0000715,17.85,USD,Pending,2025-04-07 08:59:02,,REF384424W
TXN0000716,7.73,USD,Completed,2025-05-10 19:16:19,2025-05-11 09:16:19,REF149168U
TXN0000717,61.04,USD,Completed,2025-10-26 02:04:38,2025-10-26 03:04:38,
TXN0000718,13.04,JPY,Completed,2025-08-04 07:54:42,2025-08-05 18:54:42,REF898112H
TXN0000719,25.17,GBP,Completed,2025-04-03 13:02:31,2025-04-04 11:02:31,
TXN0000720,25.44,EUR,Completed,2025-06-05 02:21:35,2025-06-07 04:21:35,REF904446X
TXN0000721,26.91,USD,Completed,2025-07-24 06:58:51,2025-07-27 03:58:51,REF817742I
TXN0000722,19.37,EUR,Completed,2024-12-25 15:52:23,2024-12-27 23:52:23,REF113052E
TXN0000723,43.2,USD,Completed,2025-10-18 13:04:49,2025-10-19 00:04:49,REF500699J
TXN0000724,6.09,EUR,Completed,2025-04-25 21:32:42,2025-04-26 23:32:42,REF459185X
TXN0000725,163.88,USD,Failed,2025-03-08 02:53:52,,REF591176J
TXN0000726,14.09,USD,Failed,2025-06-07 02:20:11,,REF899106Y
TXN0000727,2.81,USD,Completed,2025-04-15 19:37:50,2025-04-18 18:37:50,REF144627T
TXN0000728,26.63,CAD,Pending,2025-06-06 15:20:12,,REF745014C
TXN0000729,5.6,EUR,Completed,2025-08-19 14:23:28,2025-08-21 02:23:28,REF182691C
TXN0000730,54.49,JPY,Completed,2025-09-20 00:17:50,2025-09-22 01:17:50,REF200923K
TXN0000731,552.48,USD,Completed,2025-11-24 21:28:54,2025-11-26 16:28:54,
TXN0000732,6.17,USD,Completed,2025-07-17 00:10:52,2025-07-19 03:10:52,
TXN0000733,33.07,GBP,Completed,2025-07-11 08:26:25,2025-07-12 04:26:25,
TXN0000734,1.44,EUR,Completed,2025-07-10 21:21:08,2025-07-10 21:21:08,REF385880L
TXN0000735,39.68,USD,Pending,2025-07-02 17:27:10,,REF159459R
TXN0000736,5.32,EUR,Completed,2025-01-11 09:56:12,2025-01-12 10:56:12,
TXN0000737,7.87,USD,Pending,2025-10-28 17:00:24,,REF700094K
TXN0000738,3.85,USD,Completed,2025-01-31 09:46:42,2025-02-02 23:46:42,REF528001E
TXN0000739,60.23,USD,Completed,2025-07-04 07:27:26,2025-07-06 07:27:26,REF480949H
TXN0000740,91.01,USD,Completed,2025-06-01 12:21:42,2025-06-04 08:21:42,REF236042L
TXN0000741,20.8,USD,Completed,2025-01-20 21:35:30,,REF642047M
TXN0000742,5.49,USD,Completed,2024-12-19 11:19:30,2024-12-21 13:19:30,REF555053A
TXN0000743,217.95,USD,Completed,2025-09-27 19:42:21,2025-09-28 06:42:21,REF549770I
TXN0000744,6.52,EUR,Completed,2025-11-12 05:33:56,2025-11-12 06:33:56,REF715138B
TXN0000745,0.78,CAD,Completed,2025-07-03 20:43:14,2025-07-05 02:43:14,REF250116L
TXN0000746,39.95,EUR,Completed,2025-05-06 17:16:20,2025-05-07 18:16:20,REF582416Y
TXN0000747,3.83,USD,Completed,2025-11-30 04:32:33,2025-12-01 09:32:33,REF702383U
TXN0000748,88.49,CAD,Completed,2024-12-06 14:22:54,2024-12-09 10:22:54,REF239510O
TXN0000749,11.34,GBP,Completed,2025-03-09 08:27:20,2025-03-10 21:27:20,REF370311Z
TXN0000750,49.68,EUR,Failed,2025-05-20 05:56:29,,
TXN0000751,164.39,USD,Completed,2025-01-20 08:10:31,,REF336064Q
TXN0000752,3.28,EUR,Completed,2024-12-14 00:12:03,2024-12-16 22:12:03,REF464758U
TXN0000753,8.59,USD,Pending,2025-10-23 00:14:18,,REF899108K
TXN0000754,17.93,USD,Pending,2025-07-31 20:30:52,,REF819143L
TXN0000755,201.61,USD,Completed,2025-02-26 01:46:24,2025-02-27 17:46:24,REF498339A
TXN0000756,7.48,GBP,Completed,2025-09-04 09:34:03,2025-09-06 14:34:03,REF424635R
TXN0000757,8.23,USD,Completed,2025-06-14 07:05:25,2025-06-15 02:05:25,REF525831A
TXN0000758,41.15,USD,Cancelled,2025-02-12 03:51:35,,REF482904A
TXN0000759,8.45,EUR,Completed,2025-12-02 20:13:57,,REF765644C
TXN0000760,25.25,GBP,Completed,2025-07-23 09:23:22,2025-07-23 15:23:22,
TXN0000761,1.96,USD,Completed,2025-08-17 16:59:18,2025-08-18 23:59:18,REF422532O
TXN0000762,556.4,USD,Completed,2025-06-01 08:40:43,,REF483114G
TXN0000763,2.66,EUR,Cancelled,2025-02-21 22:41:51,,REF157057K
TXN0000764,12.4,USD,Failed,2025-08-06 03:58:19,,
TXN0000765,19.13,USD,Completed,2025-07-20 00:33:19,2025-07-22 02:33:19,REF879715J
TXN0000766,353.91,USD,Completed,2025-04-01 22:34:50,2025-04-03 16:34:50,REF229032R
TXN0000767,2.75,JPY,Pending,2025-11-02 13:06:17,,REF757668V
TXN0000768,393.69,USD,Failed,2025-09-10 17:32:40,,REF591475B
TXN0000769,62.54,CAD,Cancelled,2025-06-11 16:22:25,,REF988736P
TXN0000770,37.55,USD,Completed,2024-12-16 20:18:01,2024-12-16 20:18:01,REF205131S
TXN0000771,4.59,USD,Completed,2025-10-04 14:05:31,2025-10-07 04:05:31,
TXN0000772,47.31,GBP,Completed,2024-12-27 08:35:19,2024-12-29 21:35:19,
TXN0000773,6.79,USD,Cancelled,2025-01-30 04:04:41,,REF371661B
TXN0000774,134.29,USD,Completed,2025-10-10 11:26:07,2025-10-11 17:26:07,REF955089M
TXN0000775,4.68,JPY,Completed,2025-11-02 06:59:00,2025-11-03 05:59:00,
TXN0000776,16.95,JPY,Completed,2025-10-26 01:20:18,2025-10-26 21:20:18,
TXN0000777,8.73,USD,Completed,2025-03-11 20:54:50,2025-03-12 13:54:50,
TXN0000778,4.57,USD,Completed,2025-03-11 22:54:52,2025-03-11 22:54:52,
TXN0000779,61.07,USD,Pending,2025-04-19 15:22:17,,REF407584E
TXN0000780,44.84,USD,Completed,2025-01-19 17:39:51,2025-01-22 12:39:51,
TXN0000781,123.16,GBP,Completed,2025-08-07 03:31:14,2025-08-08 20:31:14,REF444201I
TXN0000782,1.39,USD,Completed,2024-12-23 12:00:02,2024-12-25 20:00:02,REF696004W
TXN0000783,99.11,USD,Completed,2025-06-01 08:32:49,,
TXN0000784,861.07,GBP,Cancelled,2025-09-03 22:59:01,,
TXN0000785,10.2,GBP,Completed,2025-09-01 08:09:38,2025-09-02 03:09:38,REF616699O
TXN0000786,344.72,USD,Failed,2025-09-27 19:38:11,,REF861241Q
TXN0000787,13.53,USD,Completed,2025-08-09 08:08:33,2025-08-10 22:08:33,REF129650Z
TXN0000788,2.56,USD,Completed,2025-04-14 11:53:42,2025-04-15 17:53:42,REF136231K
TXN0000789,12.7,USD,Completed,2025-09-03 16:23:57,2025-09-05 06:23:57,
TXN0000790,96.77,EUR,Completed,2025-03-19 10:19:35,,REF411963X
TXN0000791,5.71,USD,Completed,2024-12-26 14:21:01,2024-12-28 21:21:01,REF895461L
TXN0000792,8.16,USD,Completed,2025-06-22 21:09:29,2025-06-24 20:09:29,REF102537N
TXN0000793,48.93,USD,Completed,2025-06-30 14:42:50,2025-07-02 17:42:50,
TXN0000794,20.18,CAD,Completed,2024-12-16 04:40:53,2024-12-18 07:40:53,REF934103I
TXN0000795,48.28,EUR,Completed,2024-12-30 06:13:48,2025-01-01 15:13:48,
TXN0000796,28.7,EUR,Completed,2025-09-02 18:54:33,2025-09-05 12:54:33,REF715592W
TXN0000797,41.24,EUR,Pending,2025-08-31 00:22:58,,REF842462I
TXN0000798,10.5,USD,Completed,2025-10-13 18:39:08,2025-10-16 10:39:08,REF717902X
TXN0000799,28.43,USD,Completed,2025-07-18 06:43:42,2025-07-19 18:43:42,REF939317V
TXN0000800,5.0,GBP,Pending,2024-12-07 16:54:48,,REF326993E
TXN0000801,138.75,USD,Completed,2025-05-10 21:46:54,2025-05-12 21:46:54,
TXN0000802,7.76,EUR,Completed,2025-03-10 07:27:05,2025-03-13 03:27:05,REF178255V
TXN0000803,109.21,USD,Completed,2025-08-28 22:36:44,,REF339052I
TXN0000804,14.15,USD,Completed,2025-04-06 21:20:31,2025-04-07 17:20:31,
TXN0000805,27.19,USD,Completed,2025-09-17 01:34:09,2025-09-18 15:34:09,REF414752F
TXN0000806,9.56,JPY,Completed,2025-04-22 17:37:23,2025-04-24 19:37:23,REF882786Q
TXN0000807,4.38,USD,Completed,2025-06-19 03:41:34,2025-06-21 19:41:34,REF235022G
TXN0000808,1.47,EUR,Completed,2025-09-08 02:25:54,,REF673209J
TXN0000809,4.12,USD,Completed,2025-01-21 04:24:54,2025-01-22 05:24:54,REF367825S
TXN0000810,12.36,USD,Completed,2025-09-20 18:53:54,,REF384183M
TXN0000811,27.6,USD,Completed,2025-02-12 03:11:42,2025-02-13 13:11:42,REF935484M
TXN0000812,91.43,EUR,Completed,2024-12-15 15:21:26,2024-12-15 15:21:26,REF999762O
TXN0000813,10.29,USD,Completed,2024-12-29 10:59:54,2025-01-01 07:59:54,
TXN0000814,5.35,USD,Completed,2025-09-04 00:03:17,2025-09-04 16:03:17,
TXN0000815,2.31,USD,Completed,2025-07-04 14:03:18,2025-07-06 23:03:18,REF526090I
TXN0000816,41.27,EUR,Completed,2025-06-03 07:59:23,2025-06-05 10:59:23,REF888117Y
TXN0000817,159.94,USD,Completed,2025-09-28 08:11:03,2025-09-29 06:11:03,
TXN0000818,134.22,USD,Completed,2025-03-08 18:34:53,2025-03-11 13:34:53,REF646328Z
TXN0000819,58.26,GBP,Pending,2025-02-01 23:36:51,,
TXN0000820,52.34,USD,Completed,2025-02-14 00:50:13,2025-02-14 13:50:13,
TXN0000821,256.32,JPY,Completed,2025-03-24 18:16:41,,REF595252J
TXN0000822,33.05,GBP,Completed,2025-11-02 06:09:56,2025-11-04 10:09:56,REF546484A
TXN0000823,52.94,USD,Completed,2025-11-03 22:18:54,2025-11-06 10:18:54,REF865659C
TXN0000824,12.41,CAD,Completed,2025-10-08 09:51:01,2025-10-08 14:51:01,REF412789Z
TXN0000825,2.6,USD,Completed,2025-03-31 00:30:47,,
TXN0000826,7.2,EUR,Completed,2025-08-17 06:25:58,2025-08-20 02:25:58,
TXN0000827,19.81,GBP,Completed,2025-03-22 14:51:20,2025-03-22 22:51:20,
TXN0000828,22.0,USD,Pending,2025-01-14 11:24:46,,REF963683T
TXN0000829,361.2,USD,Pending,2025-07-11 12:35:14,,REF703829P
TXN0000830,22.69,USD,Cancelled,2025-03-11 15:45:03,,REF214835G
TXN0000831,117.71,EUR,Completed,2025-05-04 15:48:29,2025-05-06 05:48:29,REF144289O
TXN0000832,10.46,GBP,Completed,2025-08-03 11:06:05,2025-08-06 01:06:05,
TXN0000833,12.58,CAD,Completed,2025-06-09 00:07:05,2025-06-11 15:07:05,REF333593S
TXN0000834,2.74,USD,Completed,2025-09-28 02:46:08,2025-10-01 00:46:08,
TXN0000835,6.6,USD,Completed,2025-11-28 21:01:39,2025-11-30 05:01:39,
TXN0000836,44.28,GBP,Completed,2025-06-17 08:25:09,2025-06-18 13:25:09,REF470959Q
TXN0000837,20.31,GBP,Completed,2025-08-31 14:09:27,2025-09-02 01:09:27,REF118415O
TXN0000838,82.63,USD,Completed,2025-11-21 20:38:33,2025-11-22 08:38:33,REF561392V
TXN0000839,26.36,USD,Completed,2025-09-14 02:49:19,2025-09-16 00:49:19,REF219200V
TXN0000840,11.84,USD,Completed,2025-01-13 15:03:31,2025-01-15 01:03:31,REF820094Q
TXN0000841,503.93,USD,Completed,2025-04-29 21:36:26,2025-04-30 13:36:26,REF435544Z
TXN0000842,17.45,JPY,Completed,2025-07-14 02:21:18,2025-07-15 13:21:18,
TXN0000843,114.95,USD,Pending,2025-08-24 21:41:20,,
TXN0000844,11.0,USD,Completed,2025-02-18 19:45:29,2025-02-21 17:45:29,REF752959Y
TXN0000845,58.23,USD,Pending,2025-06-07 23:05:39,,
TXN0000846,80.8,USD,Cancelled,2025-10-20 16:43:21,,
TXN0000847,27.46,GBP,Completed,2025-07-27 07:11:47,2025-07-27 18:11:47,REF951405Q
TXN0000848,0.59,GBP,Completed,2025-09-20 08:01:35,2025-09-23 05:01:35,REF409226Y
TXN0000849,20.64,USD,Completed,2025-08-19 23:12:42,2025-08-21 18:12:42,REF534445T
TXN0000850,127.19,GBP,Failed,2025-07-26 16:14:09,,REF347009E
TXN0000851,44.31,USD,Completed,2025-05-12 10:57:16,2025-05-13 01:57:16,
TXN0000852,39.2,USD,Completed,2025-01-15 07:14:33,2025-01-15 14:14:33,
TXN0000853,1.52,GBP,Completed,2025-11-30 07:26:57,2025-12-01 17:26:57,REF849173R
TXN0000854,6.82,USD,Completed,2025-06-14 12:37:27,2025-06-17 10:37:27,
TXN0000855,37.23,USD,Completed,2025-08-31 14:18:04,2025-09-01 23:18:04,
TXN0000856,37.17,USD,Completed,2025-05-10 23:50:51,2025-05-12 00:50:51,REF181153R
TXN0000857,124.21,EUR,Pending,2025-02-14 04:56:57,,REF585248Q
TXN0000858,16.16,USD,Completed,2025-05-31 18:25:50,2025-06-03 17:25:50,REF487547Q
TXN0000859,36.92,GBP,Completed,2025-10-08 08:28:00,2025-10-09 05:28:00,REF676641G
TXN0000860,20.58,USD,Completed,2025-03-17 12:06:47,2025-03-18 14:06:47,REF263110A
TXN0000861,4.57,USD,Completed,2025-03-25 00:35:30,2025-03-27 03:35:30,REF289170D
TXN0000862,0.68,GBP,Completed,2025-03-17 20:39:04,2025-03-19 14:39:04,REF673761Z
TXN0000863,38.34,USD,Completed,2025-07-08 00:29:13,2025-07-10 21:29:13,REF505763U
TXN0000864,26.07,USD,Pending,2025-10-28 15:28:41,,REF127842U
TXN0000865,7.95,USD,Completed,2025-10-24 11:15:17,2025-10-24 15:15:17,REF149362O
TXN0000866,1.77,USD,Pending,2024-12-19 22:56:49,,REF250972M
TXN0000867,51.66,JPY,Completed,2025-03-13 05:25:12,2025-03-15 22:25:12,REF990804N
TXN0000868,13.48,EUR,Completed,2025-01-02 09:06:25,2025-01-02 14:06:25,
TXN0000869,46.31,USD,Completed,2024-12-17 10:37:40,2024-12-20 03:37:40,REF643754Z
TXN0000870,329.0,USD,Cancelled,2025-11-10 02:46:55,,
TXN0000871,0.81,USD,Completed,2025-07-22 20:06:49,2025-07-23 17:06:49,REF790172G
TXN0000872,7.03,USD,Completed,2025-09-07 02:41:11,2025-09-08 18:41:11,REF134324L
TXN0000873,14.67,USD,Completed,2025-07-29 11:50:13,2025-07-30 15:50:13,REF845441I
TXN0000874,178.08,USD,Cancelled,2025-09-23 02:19:55,,REF209755C
TXN0000875,1.73,USD,Completed,2025-10-18 09:33:00,2025-10-18 15:33:00,REF835639D
TXN0000876,366.42,JPY,Cancelled,2024-12-14 08:04:04,,REF992161B
TXN0000877,24.63,USD,Completed,2025-04-29 18:30:23,2025-05-01 11:30:23,REF512660Y
TXN0000878,17.39,USD,Completed,2025-01-24 12:54:30,2025-01-26 20:54:30,REF572209T
TXN0000879,14.92,USD,Pending,2025-11-05 16:20:43,,
TXN0000880,10.44,GBP,Completed,2025-03-22 02:08:44,2025-03-23 23:08:44,REF406102I
TXN0000881,96.75,USD,Pending,2025-02-16 19:09:29,,
TXN0000882,4.04,USD,Pending,2025-01-04 11:42:27,,REF548028J
TXN0000883,33.72,USD,Completed,2025-07-01 22:19:19,2025-07-02 15:19:19,REF603070G
TXN0000884,11.29,USD,Completed,2025-07-19 11:23:43,2025-07-20 02:23:43,REF622420L
TXN0000885,6.4,JPY,Completed,2024-12-06 18:38:20,2024-12-07 12:38:20,REF344864D
TXN0000886,971.62,CAD,Pending,2025-05-04 13:50:50,,
TXN0000887,37.66,USD,Completed,2025-07-24 13:18:14,2025-07-26 03:18:14,REF961557H
TXN0000888,50.4,USD,Completed,2025-10-30 08:59:51,2025-11-01 07:59:51,
TXN0000889,110.68,EUR,Completed,2025-06-08 23:00:17,2025-06-11 06:00:17,REF125130O
TXN0000890,2.38,USD,Pending,2025-03-18 20:55:11,,REF843460I
TXN0000891,278.23,EUR,Completed,2024-12-09 13:16:38,2024-12-11 10:16:38,REF781890C
TXN0000892,0.47,USD,Pending,2025-06-03 07:20:28,,REF739379D
TXN0000893,6.34,USD,Completed,2025-03-09 06:18:01,2025-03-10 02:18:01,REF180659Q
TXN0000894,10.09,USD,Completed,2025-03-04 16:26:28,2025-03-06 04:26:28,REF203685H
TXN0000895,48.07,USD,Completed,2025-09-14 15:47:46,2025-09-17 04:47:46,REF161418W
TXN0000896,27.88,GBP,Completed,2025-04-25 23:50:17,2025-04-28 13:50:17,REF401781A
TXN0000897,15.64,USD,Pending,2025-07-07 07:49:43,,REF662051M
TXN0000898,19.73,EUR,Completed,2025-08-28 09:20:31,2025-08-29 10:20:31,REF130064Z
TXN0000899,4.63,CAD,Completed,2025-01-04 10:14:31,2025-01-04 13:14:31,REF777180S
TXN0000900,2.13,GBP,Completed,2025-04-14 04:47:22,2025-04-15 04:47:22,REF574396O
TXN0000901,59.73,EUR,Cancelled,2025-01-27 10:19:34,,REF181746A
TXN0000902,56.86,USD,Completed,2025-06-08 13:07:44,2025-06-09 19:07:44,
TXN0000903,216.32,JPY,Completed,2025-11-06 10:42:23,2025-11-07 02:42:23,
TXN0000904,6.14,USD,Completed,2025-07-14 19:14:30,2025-07-17 16:14:30,
TXN0000905,56.78,USD,Completed,2025-03-26 06:18:12,2025-03-28 12:18:12,REF541425P
TXN0000906,13.12,EUR,Completed,2025-09-17 14:37:49,2025-09-19 23:37:49,REF443301E
TXN0000907,119.79,USD,Completed,2025-09-12 14:06:51,2025-09-14 01:06:51,
TXN0000908,93.03,USD,Pending,2025-05-13 16:06:59,,REF580165J
TXN0000909,27.57,JPY,Completed,2025-12-02 04:56:58,,
TXN0000910,12.07,GBP,Completed,2025-06-23 11:47:28,2025-06-25 12:47:28,
TXN0000911,84.89,USD,Completed,2025-04-25 21:31:19,2025-04-27 18:31:19,REF774072M
TXN0000912,53.0,EUR,Completed,2025-08-25 05:44:45,2025-08-26 01:44:45,REF609573V
TXN0000913,7.19,JPY,Completed,2025-01-07 21:37:21,2025-01-08 08:37:21,
TXN0000914,2.74,JPY,Pending,2024-12-14 23:04:22,,REF439084A
TXN0000915,13.03,EUR,Completed,2024-12-28 12:40:50,2024-12-28 20:40:50,REF318403Z
TXN0000916,195.02,GBP,Failed,2025-01-07 15:45:51,,
TXN0000917,112.14,USD,Completed,2025-01-06 15:40:17,2025-01-09 11:40:17,
TXN0000918,3.79,USD,Completed,2025-04-03 23:47:07,2025-04-05 07:47:07,REF389399M
TXN0000919,3.48,EUR,Completed,2025-11-30 18:51:35,,
TXN0000920,135.91,USD,Completed,2024-12-07 09:30:40,2024-12-08 18:30:40,REF716940O
TXN0000921,3.66,USD,Pending,2025-06-12 13:39:23,,
TXN0000922,43.12,EUR,Completed,2025-07-03 21:43:54,2025-07-05 14:43:54,
TXN0000923,7.97,EUR,Completed,2025-10-03 17:34:30,2025-10-06 10:34:30,
TXN0000924,227.14,GBP,Completed,2025-06-12 11:01:34,2025-06-12 18:01:34,
TXN0000925,6.32,USD,Completed,2025-10-15 07:16:32,2025-10-16 22:16:32,
TXN0000926,111.61,USD,Completed,2025-02-26 11:22:42,2025-03-01 00:22:42,REF279128U
TXN0000927,26.5,GBP,Completed,2025-02-01 00:57:17,2025-02-03 22:57:17,
TXN0000928,29.32,USD,Completed,2024-12-23 23:22:17,2024-12-26 18:22:17,REF415823E
TXN0000929,1.05,USD,Completed,2025-05-09 10:31:16,2025-05-12 08:31:16,REF102411E
TXN0000930,0.74,GBP,Completed,2025-03-24 21:46:01,2025-03-26 04:46:01,REF856532C
TXN0000931,14.43,USD,Pending,2025-03-18 03:03:34,,
TXN0000932,29.09,USD,Completed,2025-08-17 08:05:11,2025-08-18 07:05:11,REF552709K
TXN0000933,3.71,EUR,Completed,2025-08-09 08:09:56,2025-08-09 10:09:56,REF971306E
TXN0000934,3.92,EUR,Completed,2025-05-21 18:13:57,2025-05-22 13:13:57,
TXN0000935,46.63,USD,Completed,2025-08-30 10:28:01,2025-08-31 18:28:01,REF717426S
TXN0000936,46.73,USD,Pending,2025-07-09 03:21:53,,REF361985G
TXN0000937,16.34,USD,Completed,2025-01-29 18:27:24,2025-01-30 11:27:24,
TXN0000938,64.74,JPY,Completed,2025-10-04 01:10:25,2025-10-05 00:10:25,REF149483L
TXN0000939,3.45,EUR,Completed,2025-10-03 05:58:22,2025-10-03 10:58:22,REF219403Y
TXN0000940,11.78,USD,Completed,2025-02-03 11:08:06,2025-02-03 23:08:06,
TXN0000941,237.89,USD,Completed,2025-09-16 19:52:29,2025-09-17 09:52:29,REF266014H
TXN0000942,22.25,USD,Pending,2025-09-18 04:13:25,,REF397070K
TXN0000943,24.28,USD,Completed,2025-05-27 05:07:04,2025-05-28 19:07:04,REF412422T
TXN0000944,638.37,GBP,Completed,2025-06-17 05:13:35,2025-06-19 22:13:35,REF302717I
TXN0000945,2.46,USD,Pending,2025-05-25 09:52:30,,REF359540N
TXN0000946,66.33,EUR,Completed,2025-06-22 12:03:54,2025-06-23 19:03:54,
TXN0000947,243.71,EUR,Completed,2025-08-05 20:41:13,2025-08-08 08:41:13,REF473514M
TXN0000948,12.34,USD,Completed,2025-02-25 04:52:43,2025-02-27 05:52:43,REF523922L
TXN0000949,72.93,USD,Completed,2024-12-23 00:23:58,2024-12-25 14:23:58,REF509035F
TXN0000950,4.6,USD,Completed,2025-11-04 12:38:37,2025-11-04 19:38:37,REF536790N
TXN0000951,7.17,USD,Pending,2025-11-21 12:46:48,,REF361319M
TXN0000952,35.78,EUR,Completed,2025-01-01 06:22:21,2025-01-03 14:22:21,REF383949Y
TXN0000953,66.54,EUR,Completed,2025-06-08 09:58:25,2025-06-10 04:58:25,
TXN0000954,107.92,EUR,Failed,2024-12-09 00:06:04,,
TXN0000955,211.55,GBP,Completed,2025-07-21 02:44:48,2025-07-22 21:44:48,REF261581J
TXN0000956,18.15,JPY,Pending,2025-02-08 11:02:29,,REF721166E
TXN0000957,120.35,USD,Completed,2025-02-22 10:13:11,2025-02-24 20:13:11,REF831740N
TXN0000958,12.02,EUR,Completed,2025-04-28 20:21:15,2025-04-30 00:21:15,REF322825V
TXN0000959,77.72,USD,Completed,2025-01-04 14:36:17,2025-01-06 20:36:17,
TXN0000960,27.42,USD,Completed,2025-11-08 06:33:24,2025-11-11 02:33:24,
TXN0000961,39.19,USD,Completed,2025-06-28 23:08:57,,REF180912N
TXN0000962,37.91,EUR,Completed,2025-07-08 06:46:59,2025-07-08 18:46:59,REF919579Q
TXN0000963,1.81,EUR,Completed,2025-02-25 15:30:19,2025-02-26 22:30:19,
TXN0000964,3.72,USD,Completed,2025-11-04 06:55:45,2025-11-06 18:55:45,
TXN0000965,23.43,USD,Completed,2025-10-16 04:33:09,2025-10-18 17:33:09,REF846144A
TXN0000966,1.6,USD,Pending,2025-02-05 05:48:24,,REF223548E
TXN0000967,69.88,CAD,Completed,2025-03-25 10:50:04,2025-03-26 11:50:04,REF412318Z
TXN0000968,74.24,USD,Completed,2025-06-20 11:35:32,2025-06-21 22:35:32,REF885032S
TXN0000969,32.81,EUR,Completed,2025-01-31 21:30:54,2025-02-02 10:30:54,REF525155G
TXN0000970,3.74,USD,Completed,2025-05-03 23:13:13,2025-05-04 16:13:13,REF713500Z
TXN0000971,159.21,JPY,Completed,2025-07-05 11:19:45,2025-07-07 13:19:45,REF375004Q
TXN0000972,426.59,USD,Completed,2025-09-20 08:13:32,2025-09-21 07:13:32,REF836641M
TXN0000973,25.04,USD,Completed,2024-12-04 20:10:42,2024-12-07 00:10:42,REF804889A
TXN0000974,43.2,JPY,Completed,2025-01-13 04:11:56,2025-01-14 22:11:56,
TXN0000975,27.18,USD,Completed,2025-11-05 12:47:22,2025-11-06 09:47:22,
TXN0000976,44.5,EUR,Completed,2025-03-30 11:31:46,2025-03-31 21:31:46,REF135533Y
TXN0000977,16.79,USD,Completed,2025-04-18 18:24:49,2025-04-20 04:24:49,
TXN0000978,19.07,USD,Completed,2025-11-10 15:24:11,2025-11-11 17:24:11,REF386923R
TXN0000979,78.15,USD,Pending,2025-10-26 08:14:06,,
TXN0000980,677.52,USD,Completed,2025-01-17 01:42:58,2025-01-18 04:42:58,
TXN0000981,2.46,JPY,Completed,2024-12-14 15:06:31,2024-12-16 18:06:31,
TXN0000982,17.19,EUR,Completed,2024-12-17 14:44:44,2024-12-18 00:44:44,REF149870J
TXN0000983,3.42,JPY,Pending,2025-02-09 03:08:55,,
TXN0000984,218.77,GBP,Completed,2025-07-16 18:48:01,2025-07-18 23:48:01,REF523832R
TXN0000985,8.32,EUR,Completed,2025-02-02 10:44:30,2025-02-02 15:44:30,
TXN0000986,2.31,CAD,Pending,2025-05-23 23:41:22,,
TXN0000987,52.31,JPY,Completed,2025-03-10 17:11:11,2025-03-12 02:11:11,REF162824G
TXN0000988,274.92,USD,Completed,2025-03-03 02:17:57,2025-03-05 15:17:57,REF803908D
TXN0000989,54.35,JPY,Completed,2025-03-10 21:44:42,,REF500721B
TXN0000990,27.31,USD,Pending,2025-11-13 23:16:21,,
TXN0000991,37.1,USD,Completed,2025-11-16 04:33:37,2025-11-16 16:33:37,REF424468A
TXN0000992,167.71,USD,Completed,2025-08-09 07:32:23,2025-08-09 07:32:23,
TXN0000993,5.41,USD,Completed,2025-11-08 17:20:27,2025-11-10 06:20:27,
TXN0000994,16.98,USD,Pending,2024-12-17 05:23:59,,
TXN0000995,10.19,USD,Completed,2025-09-21 20:00:16,2025-09-22 23:00:16,REF599580Q
TXN0000996,3.48,USD,Pending,2025-06-21 08:47:37,,
TXN0000997,12.27,CAD,Completed,2025-08-10 22:54:19,2025-08-13 13:54:19,REF216600V
TXN0000998,105.8,USD,Completed,2025-02-20 06:52:01,2025-02-21 18:52:01,
TXN0000999,46.99,USD,Completed,2025-07-07 18:03:10,2025-07-08 00:03:10,
TXN0001000,52.8,JPY,Completed,2025-01-28 07:54:50,2025-01-28 13:54:50,REF795687N
TXN0001001,25.02,USD,Completed,2025-05-10 13:29:12,2025-05-13 11:29:12,
TXN0001002,44.04,USD,Completed,2025-05-14 10:44:48,2025-05-17 01:44:48,REF178697A
TXN0001003,6.04,USD,Completed,2025-06-22 17:45:02,2025-06-23 01:45:02,REF589207S
TXN0001004,12.63,EUR,Completed,2025-04-21 15:13:04,2025-04-24 10:13:04,REF476321N
TXN0001005,26.79,USD,Completed,2025-06-10 06:36:30,2025-06-11 10:36:30,REF132113L
TXN0001006,30.46,CAD,Pending,2025-01-19 19:48:26,,REF573345L
TXN0001007,32.47,JPY,Completed,2025-09-22 02:27:03,2025-09-24 00:27:03,REF410634E
TXN0001008,16.32,USD,Completed,2025-10-14 23:30:45,2025-10-15 10:30:45,REF508647M
TXN0001009,11.4,EUR,Completed,2025-07-20 18:26:41,2025-07-20 21:26:41,
TXN0001010,2290.8,USD,Completed,2025-05-30 13:16:14,2025-05-30 23:16:14,
TXN0001011,78.27,JPY,Completed,2024-12-16 20:24:45,2024-12-18 00:24:45,
TXN0001012,37.33,USD,Failed,2025-03-26 01:05:33,,REF288777I
TXN0001013,14.16,USD,Pending,2025-05-10 15:32:29,,REF103597U
TXN0001014,10.21,USD,Completed,2025-01-09 03:59:20,2025-01-09 10:59:20,REF943272Y
TXN0001015,16.51,USD,Completed,2025-03-04 20:17:48,2025-03-07 08:17:48,REF301509Q
TXN0001016,31.16,USD,Pending,2025-09-17 18:35:54,,REF246807H
TXN0001017,1.2,USD,Completed,2024-12-18 11:23:48,2024-12-19 06:23:48,
TXN0001018,1.91,USD,Pending,2025-05-12 22:59:24,,REF475301T
TXN0001019,7.73,USD,Completed,2025-10-07 11:35:11,2025-10-07 22:35:11,
TXN0001020,27.4,USD,Completed,2025-09-26 02:45:26,2025-09-26 16:45:26,
TXN0001021,14.03,USD,Completed,2025-04-01 10:00:03,2025-04-02 17:00:03,REF131144Y
TXN0001022,184.41,USD,Pending,2024-12-23 03:37:46,,REF252692F
TXN0001023,2.17,USD,Completed,2025-06-25 05:55:16,2025-06-25 05:55:16,REF557892J
TXN0001024,6.51,EUR,Completed,2025-11-28 11:27:26,2025-12-01 01:27:26,REF142923T
TXN0001025,196.4,USD,Completed,2025-10-15 00:10:25,,
TXN0001026,24.45,USD,Completed,2025-05-17 16:35:56,2025-05-19 10:35:56,
TXN0001027,75.74,GBP,Pending,2025-05-12 00:36:13,,REF200251U
TXN0001028,435.66,USD,Completed,2025-09-29 03:08:24,2025-10-01 13:08:24,
TXN0001029,7.09,USD,Completed,2025-03-15 07:59:10,2025-03-15 17:59:10,REF806881R
TXN0001030,17.31,USD,Completed,2025-11-15 01:50:00,2025-11-16 21:50:00,REF686411U
TXN0001031,13.35,USD,Cancelled,2025-04-27 18:47:06,,REF713608Y
TXN0001032,1.07,USD,Completed,2024-12-13 06:21:56,2024-12-15 14:21:56,
TXN0001033,12.61,USD,Pending,2025-01-21 20:20:58,,REF114408K
TXN0001034,75.31,USD,Failed,2025-09-22 17:11:44,,REF922343L
TXN0001035,45.19,USD,Pending,2025-03-02 19:35:28,,REF391773F
TXN0001036,50.84,EUR,Pending,2025-04-04 20:04:17,,REF550809S
TXN0001037,11.44,EUR,Completed,2025-05-19 08:05:33,2025-05-20 03:05:33,REF939912R
TXN0001038,7.51,USD,Pending,2025-11-08 03:20:37,,REF540798O
TXN0001039,134.81,USD,Completed,2025-11-09 23:06:45,2025-11-12 07:06:45,REF187025M
TXN0001040,9.53,USD,Completed,2025-11-20 13:15:22,2025-11-21 17:15:22,REF687348C
TXN0001041,31.22,JPY,Completed,2025-01-30 07:09:44,2025-02-01 04:09:44,
TXN0001042,25.66,USD,Completed,2025-02-07 03:32:52,2025-02-07 23:32:52,REF990114M
TXN0001043,179.93,USD,Pending,2025-05-27 02:34:50,,REF289110K
TXN0001044,86.24,GBP,Completed,2025-09-02 02:52:34,2025-09-03 01:52:34,
TXN0001045,2.88,USD,Completed,2025-04-28 02:34:51,2025-04-30 19:34:51,
TXN0001046,3.38,EUR,Completed,2025-06-12 05:53:02,2025-06-13 23:53:02,REF517669T
TXN0001047,47.86,USD,Completed,2025-05-08 23:26:17,2025-05-10 11:26:17,REF713374A
TXN0001048,18.24,GBP,Completed,2025-04-15 18:26:12,2025-04-17 18:26:12,
TXN0001049,10.15,USD,Completed,2025-03-03 17:22:08,2025-03-04 20:22:08,
TXN0001050,92.15,GBP,Completed,2025-01-21 11:58:49,2025-01-23 00:58:49,REF333036C
TXN0001051,26.61,USD,Pending,2024-12-19 18:05:05,,REF337355B
TXN0001052,21.73,JPY,Completed,2024-12-15 01:22:13,2024-12-17 08:22:13,REF823683T
TXN0001053,64.7,USD,Completed,2025-10-11 04:05:27,2025-10-12 17:05:27,REF729395E
TXN0001054,11.44,USD,Completed,2025-04-01 20:08:43,2025-04-04 07:08:43,REF906458F
TXN0001055,211.19,USD,Completed,2024-12-31 06:57:49,2025-01-01 04:57:49,REF501027T
TXN0001056,6.16,JPY,Pending,2025-08-02 11:07:33,,REF232332L
TXN0001057,53.81,CAD,Completed,2025-07-16 04:22:38,2025-07-17 09:22:38,REF624405B
TXN0001058,172.56,GBP,Pending,2025-05-24 14:42:54,,
TXN0001059,2.54,USD,Completed,2025-09-21 11:04:56,2025-09-21 17:04:56,
TXN0001060,12.0,USD,Completed,2025-05-03 13:31:02,2025-05-04 17:31:02,REF610880C
TXN0001061,111.42,USD,Completed,2024-12-20 07:58:37,2024-12-21 06:58:37,REF779509K
TXN0001062,113.96,USD,Completed,2025-06-19 13:06:07,2025-06-21 08:06:07,REF852816V
TXN0001063,15.53,USD,Completed,2025-03-22 05:11:21,2025-03-24 04:11:21,
TXN0001064,6.67,CAD,Pending,2025-04-11 22:12:15,,
TXN0001065,84.26,USD,Pending,2025-09-04 07:18:16,,
TXN0001066,118.55,USD,Completed,2025-04-25 05:38:03,2025-04-27 16:38:03,REF919818R
TXN0001067,3.5,USD,Completed,2025-06-05 01:54:27,2025-06-07 09:54:27,REF978567H
TXN0001068,3.3,GBP,Completed,2025-04-18 14:40:54,2025-04-20 03:40:54,REF469878G
TXN0001069,28.16,EUR,Completed,2025-05-07 01:23:58,2025-05-07 11:23:58,REF623190N
TXN0001070,51.63,EUR,Completed,2025-09-29 12:08:24,2025-10-01 08:08:24,
TXN0001071,12.82,JPY,Completed,2025-01-25 16:57:30,2025-01-26 08:57:30,
TXN0001072,55.64,USD,Pending,2025-05-11 14:32:35,,REF599950R
TXN0001073,6.92,GBP,Completed,2025-08-15 03:15:50,2025-08-15 22:15:50,
TXN0001074,0.84,USD,Completed,2025-03-11 18:42:16,2025-03-14 02:42:16,
TXN0001075,10.63,USD,Completed,2025-06-18 08:51:41,2025-06-20 02:51:41,
TXN0001076,22.08,EUR,Completed,2025-04-22 02:23:56,2025-04-23 23:23:56,REF175090E
TXN0001077,13.28,EUR,Pending,2025-01-04 02:31:30,,REF485492N
TXN0001078,3.53,USD,Completed,2024-12-27 23:50:29,,REF301919A
TXN0001079,1.32,USD,Pending,2025-04-20 16:24:06,,REF357591S
TXN0001080,9.29,USD,Completed,2025-08-31 12:56:08,2025-09-01 19:56:08,REF176702G
TXN0001081,77.21,USD,Completed,2025-11-23 08:14:49,2025-11-26 00:14:49,REF498447T
TXN0001082,132.2,CAD,Pending,2025-02-07 12:35:55,,REF370380D
TXN0001083,119.29,USD,Pending,2025-04-21 14:39:01,,REF459135S
TXN0001084,5.91,JPY,Failed,2025-09-25 14:11:51,,
TXN0001085,3.56,EUR,Completed,2025-03-13 12:28:37,2025-03-15 13:28:37,REF271617W
TXN0001086,42.31,USD,Completed,2025-06-21 05:36:27,2025-06-22 09:36:27,REF486715C
TXN0001087,52.07,USD,Cancelled,2025-10-16 01:58:33,,REF462205H
TXN0001088,36.61,JPY,Completed,2024-12-04 00:21:48,2024-12-05 22:21:48,REF429268Y
TXN0001089,0.98,USD,Completed,2025-08-27 18:48:37,2025-08-30 13:48:37,REF407762S
TXN0001090,5.47,USD,Pending,2025-09-30 19:20:43,,REF842557L
TXN0001091,19.21,USD,Completed,2025-03-05 03:06:35,2025-03-05 20:06:35,REF533351S
TXN0001092,41.71,USD,Completed,2025-04-20 14:47:21,2025-04-23 10:47:21,REF215193E
TXN0001093,63.49,USD,Completed,2025-10-03 09:52:01,2025-10-04 01:52:01,REF538190W
TXN0001094,24.94,USD,Completed,2025-08-23 03:28:09,2025-08-24 19:28:09,REF743709O
TXN0001095,32.99,USD,Completed,2025-11-26 14:43:31,2025-11-28 00:43:31,REF176492E
TXN0001096,22.81,USD,Pending,2025-07-22 21:58:54,,REF104582F
TXN0001097,56.17,USD,Pending,2025-02-17 01:59:49,,REF998661W
TXN0001098,32.11,EUR,Pending,2025-07-26 14:27:10,,
TXN0001099,22.17,CAD,Pending,2025-07-02 21:10:56,,REF243592L
TXN0001100,13.43,USD,Completed,2025-07-11 04:52:56,2025-07-11 10:52:56,REF313502H
TXN0001101,22.69,USD,Completed,2025-08-31 14:16:09,2025-09-02 23:16:09,REF981722E
TXN0001102,41.55,USD,Completed,2025-05-10 13:54:16,2025-05-11 08:54:16,REF694947W
TXN0001103,30.0,USD,Pending,2025-10-14 14:26:47,,REF519641Y
TXN0001104,35.56,USD,Completed,2025-08-28 04:10:55,2025-08-29 08:10:55,REF989928Z
TXN0001105,150.52,USD,Completed,2025-08-15 09:00:56,2025-08-15 23:00:56,
TXN0001106,29.9,GBP,Completed,2025-02-10 08:48:27,2025-02-10 14:48:27,REF855018V
TXN0001107,7.59,USD,Completed,2025-01-16 18:11:22,2025-01-18 19:11:22,REF910795R
TXN0001108,75.6,CAD,Completed,2025-08-19 16:40:35,2025-08-22 01:40:35,REF499534A
TXN0001109,2.59,USD,Failed,2025-02-15 15:56:09,,REF734652M
TXN0001110,3.97,EUR,Completed,2025-04-14 16:42:31,2025-04-15 18:42:31,REF993199K
TXN0001111,33.24,USD,Failed,2025-04-14 15:51:49,,REF728510E
TXN0001112,43.58,JPY,Completed,2025-02-23 23:00:24,2025-02-24 05:00:24,
TXN0001113,3.1,USD,Completed,2025-05-27 13:02:02,,REF325600L
TXN0001114,11.31,JPY,Completed,2024-12-16 00:36:14,2024-12-16 13:36:14,REF405946M
TXN0001115,8.09,USD,Pending,2025-08-14 18:44:35,,REF842896U
TXN0001116,9.68,USD,Completed,2025-11-08 17:39:58,2025-11-11 10:39:58,REF894120X
TXN0001117,82.71,USD,Completed,2025-02-25 21:35:22,2025-02-26 04:35:22,
TXN0001118,57.96,USD,Completed,2025-04-24 22:30:41,2025-04-27 15:30:41,REF820480G
TXN0001119,19.52,USD,Completed,2025-01-07 19:47:15,2025-01-08 08:47:15,
TXN0001120,8.86,USD,Completed,2025-10-15 10:37:11,2025-10-17 07:37:11,REF306658B
TXN0001121,2.65,USD,Failed,2025-06-25 18:47:11,,REF433196M
TXN0001122,169.06,USD,Pending,2025-05-05 12:58:55,,REF375003B
TXN0001123,48.82,USD,Pending,2025-09-16 03:38:29,,REF788975D
TXN0001124,6.96,EUR,Completed,2025-10-31 23:34:06,2025-11-02 01:34:06,
TXN0001125,59.11,JPY,Completed,2025-08-29 00:02:17,2025-08-31 18:02:17,REF218303C
TXN0001126,18.08,USD,Pending,2024-12-09 16:18:41,,REF707274X
TXN0001127,13.06,USD,Completed,2025-11-13 16:10:24,2025-11-15 20:10:24,
TXN0001128,38.58,EUR,Pending,2025-08-13 01:50:52,,REF662361G
TXN0001129,6.6,USD,Completed,2025-02-24 17:11:28,2025-02-25 01:11:28,REF542480K
TXN0001130,11.99,USD,Completed,2025-02-04 23:58:18,2025-02-06 21:58:18,REF359485S
TXN0001131,24.1,GBP,Completed,2025-10-20 02:39:07,2025-10-21 14:39:07,
TXN0001132,9.5,USD,Completed,2025-06-28 10:07:10,2025-06-30 23:07:10,REF145418C
TXN0001133,54.8,USD,Completed,2025-03-28 23:35:04,2025-03-31 05:35:04,REF608430T
TXN0001134,331.49,USD,Pending,2025-08-17 02:07:38,,
TXN0001135,6.48,USD,Completed,2025-10-22 20:13:24,2025-10-25 07:13:24,
TXN0001136,1.65,USD,Completed,2025-07-08 10:17:06,2025-07-09 14:17:06,
TXN0001137,1.0,EUR,Completed,2025-01-27 17:03:59,2025-01-29 09:03:59,
TXN0001138,16.03,JPY,Completed,2025-10-06 12:05:40,2025-10-07 18:05:40,
TXN0001139,7.43,GBP,Failed,2025-01-04 12:40:45,,
TXN0001140,27.43,JPY,Completed,2025-06-20 20:22:42,2025-06-20 21:22:42,REF902711H
TXN0001141,24.51,EUR,Completed,2025-06-12 06:59:08,2025-06-14 19:59:08,REF591931O
TXN0001142,1.81,CAD,Completed,2025-07-15 20:13:51,2025-07-18 12:13:51,
TXN0001143,1.32,EUR,Completed,2025-10-24 16:51:41,2025-10-27 08:51:41,REF308057A
TXN0001144,31.31,USD,Completed,2025-03-19 10:13:34,2025-03-19 20:13:34,
TXN0001145,24.61,JPY,Completed,2025-08-21 07:16:52,2025-08-22 20:16:52,REF612606G
TXN0001146,10.6,CAD,Completed,2025-04-10 17:21:36,2025-04-13 06:21:36,REF825341V
TXN0001147,1.67,USD,Pending,2025-09-10 21:26:27,,REF921772W
TXN0001148,40.73,JPY,Completed,2024-12-22 08:00:10,2024-12-24 20:00:10,
TXN0001149,135.35,EUR,Completed,2024-12-17 14:27:01,2024-12-19 17:27:01,REF577373N
TXN0001150,30.48,EUR,Pending,2025-06-12 04:10:44,,REF996212H
TXN0001151,5.63,GBP,Completed,2025-10-12 19:18:18,2025-10-14 17:18:18,
TXN0001152,21.47,GBP,Failed,2025-10-14 05:13:01,,REF498314V
TXN0001153,2.59,USD,Completed,2025-09-13 05:00:29,2025-09-14 06:00:29,REF291154E
TXN0001154,98.19,USD,Pending,2025-04-24 03:08:18,,
TXN0001155,22.71,USD,Completed,2025-07-12 22:40:19,2025-07-14 10:40:19,
TXN0001156,1.42,USD,Completed,2025-01-03 20:53:42,2025-01-04 10:53:42,
TXN0001157,12.79,USD,Pending,2025-05-29 20:44:41,,
TXN0001158,40.24,GBP,Completed,2025-05-03 09:44:40,2025-05-03 10:44:40,
TXN0001159,12.19,USD,Pending,2025-03-01 10:55:36,,REF985727O
TXN0001160,13.28,USD,Pending,2025-03-27 20:09:03,,REF313183H
TXN0001161,3.2,USD,Pending,2025-11-14 03:57:08,,REF193594T
TXN0001162,46.98,USD,Completed,2025-03-24 12:26:11,2025-03-27 12:26:11,
TXN0001163,7.59,USD,Pending,2025-09-12 14:48:27,,REF533237U
TXN0001164,0.79,USD,Pending,2025-10-17 07:50:19,,REF124060G
TXN0001165,11.51,USD,Completed,2025-08-26 02:58:19,2025-08-28 06:58:19,REF253357Y
TXN0001166,87.51,USD,Completed,2025-07-15 23:05:02,2025-07-17 08:05:02,REF721013F
TXN0001167,11.24,USD,Completed,2025-10-04 16:31:47,,
TXN0001168,272.32,EUR,Completed,2025-03-17 13:37:36,2025-03-20 10:37:36,REF152040C
TXN0001169,38.22,EUR,Pending,2025-10-14 11:48:54,,REF717850A
TXN0001170,33.39,USD,Completed,2025-09-02 15:07:41,2025-09-03 09:07:41,REF220105M
TXN0001171,16.57,USD,Completed,2025-08-04 18:42:03,2025-08-05 19:42:03,REF435825N
TXN0001172,18.13,JPY,Completed,2025-08-12 08:16:19,2025-08-13 09:16:19,
TXN0001173,13.53,USD,Pending,2025-01-08 16:12:21,,REF169170R
TXN0001174,12.76,USD,Completed,2025-09-06 00:51:13,2025-09-07 15:51:13,REF657522B
TXN0001175,44.54,EUR,Failed,2025-01-04 16:04:25,,REF392216C
TXN0001176,4.93,JPY,Completed,2025-10-14 23:12:39,2025-10-15 22:12:39,REF153028T
TXN0001177,4.0,USD,Completed,2025-06-30 10:12:42,,REF537422N
TXN0001178,3.73,USD,Completed,2024-12-16 17:24:41,2024-12-16 20:24:41,REF950158C
TXN0001179,432.02,USD,Completed,2025-05-24 14:14:39,2025-05-27 08:14:39,
TXN0001180,44.5,JPY,Completed,2025-03-27 22:09:47,2025-03-30 08:09:47,REF368891Y
TXN0001181,31.71,USD,Completed,2025-04-04 13:26:07,2025-04-05 17:26:07,
TXN0001182,4.11,CAD,Completed,2025-03-15 07:52:51,2025-03-17 03:52:51,REF322393V
TXN0001183,51.16,USD,Pending,2025-06-08 05:11:53,,REF312654T
TXN0001184,16.86,USD,Cancelled,2025-01-31 18:35:39,,
TXN0001185,27.7,USD,Completed,2025-02-11 20:31:42,2025-02-14 02:31:42,REF597413N
TXN0001186,4.64,USD,Completed,2024-12-28 23:56:49,2024-12-29 12:56:49,REF609421N
TXN0001187,25.54,JPY,Completed,2024-12-23 21:30:39,2024-12-26 10:30:39,REF231350V
TXN0001188,10.64,GBP,Completed,2025-05-16 23:34:56,2025-05-18 05:34:56,REF651513V
TXN0001189,6.37,USD,Pending,2025-01-10 03:58:25,,REF913628Z
TXN0001190,60.41,USD,Completed,2025-09-27 23:00:16,2025-09-28 19:00:16,
TXN0001191,2.0,USD,Pending,2025-10-07 12:13:30,,REF697558W
TXN0001192,46.86,USD,Completed,2025-09-18 02:20:06,2025-09-20 04:20:06,REF440645F
TXN0001193,56.08,JPY,Completed,2025-06-27 00:18:53,2025-06-29 20:18:53,REF100708O
TXN0001194,5.37,USD,Pending,2025-09-29 17:58:25,,REF211329E
TXN0001195,5.87,EUR,Completed,2025-11-27 13:35:15,2025-11-28 08:35:15,REF732565P
TXN0001196,14.37,USD,Pending,2025-08-28 03:41:58,,REF487299X
TXN0001197,30.66,USD,Failed,2025-03-12 04:56:23,,REF405039D
TXN0001198,15.97,USD,Failed,2025-01-04 23:41:41,,REF606300R
TXN0001199,38.49,USD,Failed,2025-01-23 09:36:18,,
TXN0001200,282.72,JPY,Pending,2025-04-15 18:41:47,,REF197321R
TXN0001201,9.38,USD,Completed,2025-03-03 17:55:16,2025-03-05 08:55:16,REF141290B
TXN0001202,1.53,USD,Completed,2025-05-18 01:59:50,2025-05-19 00:59:50,
TXN0001203,69.33,EUR,Completed,2025-01-08 19:24:21,2025-01-11 04:24:21,REF615139L
TXN0001204,250.88,CAD,Completed,2025-05-04 00:35:34,2025-05-04 02:35:34,
TXN0001205,36.2,JPY,Completed,2025-01-02 11:24:28,2025-01-02 12:24:28,
TXN0001206,3.93,GBP,Completed,2025-05-20 19:30:52,2025-05-22 06:30:52,
TXN0001207,16.68,USD,Completed,2025-03-11 17:23:32,2025-03-13 13:23:32,
TXN0001208,3.75,USD,Completed,2025-07-14 06:04:33,2025-07-15 08:04:33,
TXN0001209,52.68,USD,Pending,2025-10-07 12:16:24,,REF305065A
TXN0001210,2.65,GBP,Pending,2025-03-07 03:19:15,,REF782841W
TXN0001211,12.8,USD,Pending,2025-08-06 08:51:25,,REF350838P
TXN0001212,4.45,EUR,Completed,2025-02-05 20:02:20,2025-02-05 23:02:20,REF442498P
TXN0001213,24.29,EUR,Pending,2025-09-26 19:25:09,,REF419894M
TXN0001214,11.59,CAD,Completed,2025-03-08 16:51:52,2025-03-10 20:51:52,
TXN0001215,26.18,JPY,Pending,2025-12-02 07:00:03,,REF418692I
TXN0001216,20.77,USD,Completed,2025-01-08 12:04:36,2025-01-08 20:04:36,
TXN0001217,4.57,JPY,Cancelled,2025-02-25 00:45:24,,REF539178L
TXN0001218,51.43,USD,Completed,2024-12-24 15:44:15,2024-12-26 01:44:15,REF924756J
TXN0001219,18.67,JPY,Completed,2025-08-28 22:05:31,2025-08-30 19:05:31,REF549796U
TXN0001220,4.56,USD,Completed,2025-06-14 09:34:46,2025-06-16 16:34:46,REF970182J
TXN0001221,579.05,USD,Completed,2024-12-09 00:33:07,,REF650004P
TXN0001222,41.04,EUR,Completed,2025-08-21 06:29:01,2025-08-23 10:29:01,REF739719R
TXN0001223,15.96,GBP,Completed,2025-09-13 03:47:28,2025-09-14 10:47:28,REF864202N
TXN0001224,167.81,EUR,Pending,2025-07-10 16:45:02,,
TXN0001225,318.21,USD,Pending,2025-08-30 17:50:13,,REF855741B
TXN0001226,16.15,USD,Completed,2025-04-26 09:10:12,2025-04-27 06:10:12,REF108588B
TXN0001227,33.82,USD,Failed,2025-06-30 16:03:45,,REF895331G
TXN0001228,4.56,EUR,Completed,2025-04-19 10:32:50,2025-04-22 00:32:50,REF985560S
TXN0001229,16.11,EUR,Failed,2025-05-09 05:52:02,,REF818930A
TXN0001230,14.9,JPY,Completed,2025-06-02 14:20:36,2025-06-03 07:20:36,REF468222D
TXN0001231,26.5,EUR,Completed,2025-06-22 17:13:06,2025-06-22 17:13:06,
TXN0001232,33.09,EUR,Failed,2025-01-07 03:34:53,,
TXN0001233,46.51,USD,Completed,2025-01-23 20:02:26,2025-01-26 07:02:26,REF909268V
TXN0001234,28.69,EUR,Pending,2025-10-30 02:39:17,,REF750579Y
TXN0001235,3.27,USD,Pending,2025-08-05 19:21:02,,REF217100E
TXN0001236,4.92,USD,Completed,2025-09-28 08:20:10,2025-09-29 05:20:10,REF293620O
TXN0001237,8.85,USD,Completed,2024-12-30 04:01:35,2025-01-01 04:01:35,REF945282V
TXN0001238,13.15,EUR,Completed,2025-11-04 07:05:40,2025-11-06 22:05:40,
TXN0001239,97.14,EUR,Completed,2025-08-01 03:55:02,2025-08-02 16:55:02,REF184145I
TXN0001240,3.51,USD,Completed,2025-04-09 09:38:21,,REF439926D
TXN0001241,11.75,JPY,Completed,2025-05-08 23:31:03,2025-05-10 20:31:03,REF817501H
TXN0001242,83.89,EUR,Failed,2025-03-29 20:55:12,,REF596926F
TXN0001243,12.81,USD,Completed,2025-05-14 16:31:13,2025-05-15 23:31:13,REF503986D
TXN0001244,40.07,USD,Completed,2025-10-25 03:21:42,2025-10-26 19:21:42,REF492746N
TXN0001245,16.29,GBP,Pending,2025-11-20 20:11:54,,REF369828D
TXN0001246,29.52,USD,Completed,2024-12-23 15:14:39,2024-12-26 10:14:39,
TXN0001247,14.26,EUR,Completed,2025-09-27 19:50:17,2025-09-27 20:50:17,REF162086N
TXN0001248,54.63,USD,Pending,2025-07-03 18:49:03,,
TXN0001249,1.98,USD,Completed,2025-08-19 09:43:02,2025-08-21 04:43:02,REF556997X
TXN0001250,11.65,USD,Completed,2024-12-17 06:34:56,2024-12-19 00:34:56,REF961411S
TXN0001251,31.34,JPY,Completed,2025-11-16 22:26:32,2025-11-19 03:26:32,
TXN0001252,44.73,GBP,Completed,2025-09-30 17:33:08,2025-10-01 22:33:08,REF656810R
TXN0001253,188.56,USD,Completed,2025-08-21 09:31:04,2025-08-21 20:31:04,
TXN0001254,11.17,GBP,Completed,2025-11-28 14:40:14,2025-11-30 12:40:14,
TXN0001255,184.79,USD,Pending,2025-10-17 13:28:47,,
TXN0001256,7.47,USD,Completed,2025-10-20 09:09:32,2025-10-22 08:09:32,REF589221F
TXN0001257,147.37,USD,Pending,2025-09-08 15:45:03,,
TXN0001258,68.46,USD,Pending,2024-12-13 15:03:59,,REF841603G
TXN0001259,5.1,USD,Pending,2025-10-01 21:24:46,,REF934189C
TXN0001260,31.83,EUR,Pending,2025-09-26 03:08:41,,REF713685P
TXN0001261,18.6,EUR,Completed,2025-08-30 01:36:33,2025-08-30 03:36:33,REF816512S
TXN0001262,51.34,EUR,Completed,2025-03-05 17:16:48,2025-03-06 09:16:48,REF920258K
TXN0001263,14.37,JPY,Completed,2025-09-03 15:34:19,2025-09-04 11:34:19,REF982746N
TXN0001264,12.67,EUR,Pending,2025-01-19 11:56:02,,REF612933H
TXN0001265,156.59,USD,Completed,2025-04-20 03:43:02,2025-04-23 01:43:02,
TXN0001266,17.32,USD,Completed,2025-11-24 02:57:44,2025-11-25 05:57:44,REF556287Y
TXN0001267,69.38,GBP,Completed,2025-09-07 08:46:25,,REF573139P
TXN0001268,14.32,USD,Completed,2025-06-18 20:20:55,2025-06-19 06:20:55,REF306041B
TXN0001269,244.69,USD,Completed,2025-10-09 11:35:39,2025-10-10 09:35:39,
TXN0001270,7.26,USD,Pending,2025-05-26 13:53:45,,
TXN0001271,7.99,EUR,Pending,2025-05-14 11:17:49,,REF424721U
TXN0001272,197.7,USD,Completed,2024-12-31 10:40:48,,REF898210M
TXN0001273,10.3,USD,Completed,2025-09-10 14:54:10,2025-09-11 16:54:10,
TXN0001274,221.76,USD,Completed,2025-04-17 23:04:49,2025-04-18 07:04:49,REF858751E
TXN0001275,76.54,USD,Completed,2025-05-10 01:36:29,2025-05-10 06:36:29,
TXN0001276,15.93,USD,Completed,2025-09-04 19:03:18,2025-09-05 17:03:18,
TXN0001277,1.32,USD,Completed,2025-08-17 15:21:41,2025-08-19 02:21:41,REF205434R
TXN0001278,19.51,USD,Completed,2025-03-17 01:21:19,2025-03-19 21:21:19,REF277271L
TXN0001279,23.39,USD,Pending,2025-04-03 15:17:46,,REF818422X
TXN0001280,115.68,USD,Completed,2025-11-15 07:35:40,2025-11-17 11:35:40,
TXN0001281,217.6,USD,Completed,2025-03-11 11:41:55,2025-03-11 22:41:55,REF835485P
TXN0001282,7.19,EUR,Completed,2025-11-08 07:47:01,2025-11-10 18:47:01,REF721292W
TXN0001283,66.8,USD,Completed,2025-11-10 11:36:49,2025-11-10 16:36:49,
TXN0001284,63.31,USD,Completed,2025-06-25 01:57:29,2025-06-25 13:57:29,REF596908A
TXN0001285,100.5,USD,Completed,2024-12-16 16:01:30,2024-12-18 14:01:30,REF128924Z
TXN0001286,42.44,USD,Completed,2025-10-11 13:32:11,2025-10-12 02:32:11,
TXN0001287,1.09,USD,Completed,2025-05-19 21:02:27,2025-05-20 11:02:27,
TXN0001288,15.91,EUR,Completed,2025-05-01 01:31:48,2025-05-02 23:31:48,REF595568E
TXN0001289,3.55,USD,Completed,2025-07-30 04:31:21,2025-07-30 18:31:21,REF575549N
TXN0001290,14.82,USD,Completed,2025-02-17 04:45:26,2025-02-17 18:45:26,REF808553Q
TXN0001291,87.36,GBP,Pending,2024-12-22 19:51:58,,
TXN0001292,31.74,USD,Pending,2025-08-20 14:38:34,,REF500223Y
TXN0001293,112.41,USD,Completed,2025-03-20 06:41:50,2025-03-22 04:41:50,REF581051D
TXN0001294,33.54,GBP,Completed,2025-11-11 00:17:35,2025-11-12 12:17:35,REF148798F
TXN0001295,2.86,USD,Completed,2025-04-06 16:36:26,2025-04-08 04:36:26,REF172191J
TXN0001296,0.46,USD,Completed,2025-05-20 06:12:36,,REF862861G
TXN0001297,25.11,USD,Pending,2025-10-28 12:38:04,,REF201462V
TXN0001298,14.57,EUR,Completed,2025-03-20 18:51:59,2025-03-21 17:51:59,
TXN0001299,4.64,EUR,Cancelled,2025-06-07 14:24:14,,REF317274N
TXN0001300,1.57,USD,Completed,2025-08-17 06:05:57,2025-08-18 22:05:57,REF692840M
TXN0001301,6.67,JPY,Failed,2025-09-29 22:20:45,,
TXN0001302,15.0,GBP,Completed,2025-04-28 23:09:08,2025-04-29 02:09:08,
TXN0001303,54.53,EUR,Failed,2025-01-06 06:43:12,,
TXN0001304,26.65,EUR,Completed,2025-10-11 02:32:35,2025-10-12 22:32:35,REF289923X
TXN0001305,224.1,GBP,Pending,2024-12-07 15:09:08,,REF219133V
TXN0001306,4.25,USD,Completed,2025-07-05 07:39:10,2025-07-07 01:39:10,
TXN0001307,75.31,USD,Failed,2025-09-14 20:06:31,,
TXN0001308,21.56,USD,Completed,2025-10-12 05:52:44,,REF643785G
TXN0001309,56.94,USD,Completed,2025-10-05 15:52:38,2025-10-07 18:52:38,REF989173P
TXN0001310,10.44,USD,Completed,2025-04-12 03:16:16,2025-04-14 21:16:16,REF973076S
TXN0001311,100.24,USD,Completed,2025-11-23 05:22:15,2025-11-23 12:22:15,REF241370D
TXN0001312,31.28,USD,Completed,2025-07-06 08:37:11,2025-07-08 12:37:11,REF537789L
TXN0001313,7.25,USD,Completed,2025-12-02 04:00:20,2025-12-02 17:00:20,
TXN0001314,19.73,GBP,Pending,2025-11-02 18:42:01,,REF428605N
TXN0001315,14.02,USD,Completed,2025-02-14 21:08:17,2025-02-15 09:08:17,
TXN0001316,41.84,CAD,Pending,2025-10-30 11:04:12,,REF286655X
TXN0001317,3.42,USD,Completed,2025-05-28 10:13:26,2025-05-30 01:13:26,REF328504P
TXN0001318,19.22,USD,Completed,2025-04-23 19:24:44,2025-04-24 22:24:44,REF823246W
TXN0001319,36.34,USD,Completed,2025-06-02 08:18:06,,REF274786W
TXN0001320,21.11,EUR,Completed,2025-10-01 21:21:02,2025-10-02 06:21:02,REF617736L
TXN0001321,151.47,EUR,Completed,2025-06-27 06:49:52,2025-06-29 07:49:52,
TXN0001322,64.14,USD,Failed,2025-11-17 23:15:21,,REF353836C
TXN0001323,19.86,JPY,Completed,2025-04-29 22:11:59,2025-04-30 02:11:59,REF147614J
TXN0001324,27.8,GBP,Completed,2025-06-06 08:26:36,2025-06-07 04:26:36,REF886154J
TXN0001325,31.3,GBP,Completed,2025-11-23 05:50:36,2025-11-25 00:50:36,REF960177H
TXN0001326,36.78,JPY,Completed,2025-08-29 17:58:29,2025-08-30 08:58:29,
TXN0001327,1.3,CAD,Completed,2025-10-20 18:27:32,2025-10-21 13:27:32,
TXN0001328,12.78,CAD,Completed,2025-09-05 14:08:54,2025-09-07 22:08:54,REF173127T
TXN0001329,2.17,USD,Completed,2025-01-06 03:06:14,2025-01-06 11:06:14,REF983994I
TXN0001330,136.65,JPY,Pending,2025-04-16 06:25:27,,REF211457W
TXN0001331,18.33,EUR,Completed,2025-07-05 08:03:59,2025-07-05 12:03:59,
TXN0001332,15.03,USD,Completed,2025-03-21 18:40:19,2025-03-23 15:40:19,
TXN0001333,77.11,EUR,Completed,2025-04-03 19:56:57,2025-04-05 11:56:57,
TXN0001334,37.84,USD,Completed,2025-06-21 12:40:07,2025-06-22 19:40:07,
TXN0001335,3.7,USD,Completed,2025-10-06 18:37:04,2025-10-08 13:37:04,REF751965B
TXN0001336,18.06,USD,Completed,2025-01-28 00:35:56,2025-01-29 22:35:56,REF707434R
TXN0001337,12.15,EUR,Failed,2025-05-25 06:13:53,,
TXN0001338,1.47,EUR,Pending,2025-08-12 19:55:27,,REF583291P
TXN0001339,7.13,JPY,Completed,2025-04-30 10:33:02,2025-04-30 21:33:02,
TXN0001340,15.25,CAD,Completed,2025-08-22 22:05:18,2025-08-25 04:05:18,REF601449W
TXN0001341,16.9,USD,Completed,2024-12-31 08:35:54,2025-01-01 21:35:54,REF840658F
TXN0001342,2.17,EUR,Completed,2025-03-20 13:05:09,2025-03-21 23:05:09,
TXN0001343,113.01,JPY,Pending,2025-04-25 17:55:50,,
TXN0001344,17.23,USD,Failed,2025-06-07 00:56:00,,
TXN0001345,21.25,USD,Failed,2024-12-16 05:38:30,,
TXN0001346,36.63,EUR,Completed,2025-11-15 19:05:46,2025-11-17 05:05:46,
TXN0001347,6.16,USD,Pending,2025-02-15 03:20:59,,
TXN0001348,39.83,USD,Completed,2025-08-09 16:01:33,,REF890560L
TXN0001349,11.58,USD,Completed,2025-06-09 14:53:18,2025-06-10 01:53:18,
TXN0001350,5.23,USD,Completed,2025-09-20 01:06:52,2025-09-21 20:06:52,REF387272A
TXN0001351,47.47,USD,Completed,2024-12-15 20:18:29,2024-12-18 11:18:29,REF751162R
TXN0001352,188.2,USD,Completed,2025-07-29 13:14:52,2025-07-29 17:14:52,REF971175U
TXN0001353,59.58,GBP,Cancelled,2025-03-18 18:14:39,,REF753880B
TXN0001354,80.2,GBP,Completed,2025-03-15 12:28:11,,REF961729Y
TXN0001355,9.2,USD,Completed,2025-01-03 22:38:10,2025-01-05 08:38:10,
TXN0001356,1.83,CAD,Completed,2025-08-04 05:21:35,2025-08-05 03:21:35,
TXN0001357,187.77,USD,Completed,2025-11-28 22:12:39,2025-12-01 04:12:39,REF913031F
TXN0001358,437.8,USD,Completed,2025-01-30 17:12:08,2025-01-31 04:12:08,REF197376C
TXN0001359,203.2,USD,Pending,2025-06-12 04:12:06,,REF117031T
TXN0001360,12.14,GBP,Completed,2025-10-24 23:54:22,2025-10-26 10:54:22,
TXN0001361,3.55,USD,Pending,2025-10-06 06:34:28,,
TXN0001362,4.06,GBP,Completed,2025-06-26 15:36:37,2025-06-29 11:36:37,REF349697I
TXN0001363,1.61,USD,Failed,2025-07-21 17:42:36,,REF499768N
TXN0001364,17.1,USD,Completed,2025-09-24 22:35:19,2025-09-27 05:35:19,REF479554Z
TXN0001365,223.3,USD,Pending,2025-08-30 14:45:43,,
TXN0001366,16.24,JPY,Completed,2025-01-27 01:22:25,2025-01-28 20:22:25,
TXN0001367,31.61,USD,Pending,2025-10-01 18:09:26,,REF464271F
TXN0001368,158.13,JPY,Completed,2025-01-26 20:24:32,2025-01-29 14:24:32,REF491347T
TXN0001369,10.96,CAD,Completed,2025-09-30 21:01:28,2025-09-30 22:01:28,
TXN0001370,425.51,JPY,Pending,2025-01-13 18:14:25,,REF442631G
TXN0001371,398.67,USD,Pending,2025-04-30 08:00:54,,REF146977I
TXN0001372,16.5,GBP,Completed,2025-10-15 07:43:04,2025-10-15 07:43:04,
TXN0001373,8.45,USD,Completed,2025-08-08 11:15:25,2025-08-11 09:15:25,REF577447G
TXN0001374,57.16,CAD,Pending,2025-01-23 03:58:08,,REF521491V
TXN0001375,11.93,CAD,Completed,2025-03-22 23:56:16,,REF370757O
TXN0001376,3.54,USD,Pending,2025-05-15 09:50:20,,REF996653N
TXN0001377,137.26,USD,Completed,2025-08-08 10:25:50,2025-08-10 18:25:50,REF184718A
TXN0001378,124.55,USD,Completed,2025-01-16 08:58:41,2025-01-18 17:58:41,
TXN0001379,25.36,GBP,Completed,2025-03-18 04:07:23,2025-03-19 21:07:23,
TXN0001380,3.02,USD,Completed,2025-03-19 23:38:07,2025-03-20 01:38:07,REF503030P
TXN0001381,3.18,USD,Pending,2025-02-19 12:54:26,,REF314339J
TXN0001382,23.59,CAD,Completed,2024-12-19 17:30:26,2024-12-22 00:30:26,REF443582A
TXN0001383,9.49,CAD,Completed,2025-06-10 22:48:57,2025-06-11 00:48:57,REF919503N
TXN0001384,12.04,EUR,Pending,2024-12-10 21:37:59,,
TXN0001385,93.03,USD,Pending,2025-11-09 23:02:38,,REF377131F
TXN0001386,60.33,USD,Completed,2025-07-19 00:49:17,2025-07-21 20:49:17,REF447218Z
TXN0001387,158.73,USD,Completed,2025-04-18 10:33:01,2025-04-19 02:33:01,REF815641H
TXN0001388,4.55,JPY,Cancelled,2025-08-08 02:13:09,,REF280805Y
TXN0001389,12.0,GBP,Completed,2025-10-19 16:55:25,2025-10-20 01:55:25,REF897537Y
TXN0001390,62.71,EUR,Completed,2025-04-17 16:09:26,2025-04-19 20:09:26,REF154285V
TXN0001391,39.34,USD,Completed,2025-08-08 01:46:38,2025-08-08 03:46:38,REF188688A
TXN0001392,200.05,JPY,Completed,2025-05-12 14:28:59,,REF730280K
TXN0001393,37.74,EUR,Completed,2025-10-18 18:28:47,2025-10-20 07:28:47,REF628183L
TXN0001394,321.23,JPY,Pending,2025-01-18 16:38:15,,REF649643M
TXN0001395,45.15,USD,Completed,2024-12-04 01:41:14,2024-12-05 18:41:14,REF154112G
TXN0001396,98.82,USD,Completed,2025-03-15 05:06:48,2025-03-16 17:06:48,
TXN0001397,12.36,USD,Pending,2025-05-13 14:20:08,,REF874635W
TXN0001398,20.52,USD,Completed,2025-03-07 18:57:55,2025-03-08 13:57:55,
TXN0001399,78.76,EUR,Completed,2024-12-14 03:03:48,2024-12-14 09:03:48,REF330519D
TXN0001400,225.76,USD,Pending,2025-05-30 06:11:23,,REF548798F
TXN0001401,59.97,JPY,Completed,2025-09-29 22:07:38,,REF428373W
TXN0001402,17.73,JPY,Failed,2025-01-18 07:11:50,,REF953244P
TXN0001403,158.54,USD,Pending,2025-06-09 15:01:15,,REF385857V
TXN0001404,0.75,USD,Completed,2025-06-04 21:46:24,2025-06-07 13:46:24,REF245057S
TXN0001405,2.38,USD,Pending,2025-06-20 01:14:03,,REF965942A
TXN0001406,55.84,GBP,Completed,2025-03-04 14:05:08,,REF598408J
TXN0001407,20.52,USD,Pending,2025-08-25 00:56:38,,REF471920C
TXN0001408,49.81,USD,Completed,2025-01-26 16:09:37,2025-01-27 03:09:37,
TXN0001409,22.12,GBP,Completed,2025-06-29 10:39:31,2025-06-30 12:39:31,
TXN0001410,47.3,GBP,Completed,2025-11-28 17:32:49,2025-11-28 22:32:49,
TXN0001411,5.92,USD,Pending,2025-09-16 19:51:52,,
TXN0001412,47.26,EUR,Completed,2025-06-24 20:30:03,2025-06-27 15:30:03,REF939374K
TXN0001413,89.27,USD,Completed,2025-04-21 21:52:00,2025-04-22 20:52:00,REF809711E
TXN0001414,125.31,USD,Completed,2025-04-08 02:13:40,2025-04-08 03:13:40,REF138607I
TXN0001415,411.72,JPY,Completed,2025-07-23 22:19:53,2025-07-24 08:19:53,
TXN0001416,28.97,GBP,Completed,2025-04-07 07:02:40,2025-04-09 05:02:40,REF181575C
TXN0001417,30.29,GBP,Completed,2024-12-31 05:43:27,2025-01-02 08:43:27,REF184252C
TXN0001418,2.04,EUR,Completed,2025-07-26 16:13:39,2025-07-27 19:13:39,REF569575Z
TXN0001419,9.05,USD,Completed,2025-08-27 17:46:22,2025-08-29 08:46:22,REF545697C
TXN0001420,15.03,GBP,Completed,2025-03-15 11:00:23,2025-03-18 01:00:23,REF394297X
TXN0001421,97.07,USD,Completed,2025-01-17 06:40:52,2025-01-19 07:40:52,REF254414W
TXN0001422,8.03,EUR,Pending,2025-09-26 14:16:22,,REF459759T
TXN0001423,66.32,USD,Completed,2025-06-09 07:48:01,2025-06-09 15:48:01,
TXN0001424,20.04,USD,Completed,2025-08-03 14:39:39,2025-08-04 13:39:39,REF294967P
TXN0001425,15.4,USD,Completed,2025-05-20 12:31:45,2025-05-21 23:31:45,REF813460H
TXN0001426,29.18,USD,Failed,2025-03-12 10:36:12,,
TXN0001427,11.17,JPY,Completed,2025-11-23 18:40:54,2025-11-25 18:40:54,
TXN0001428,10.55,USD,Completed,2025-03-04 14:06:04,2025-03-07 12:06:04,REF194674I
TXN0001429,1.56,EUR,Completed,2025-01-31 18:52:29,2025-02-02 03:52:29,
TXN0001430,13.85,USD,Completed,2024-12-19 00:09:12,2024-12-19 21:09:12,REF336904Z
TXN0001431,9.78,EUR,Pending,2025-09-10 13:50:22,,REF663369X
TXN0001432,9.26,GBP,Completed,2025-01-05 20:09:36,2025-01-07 11:09:36,REF621038P
TXN0001433,37.54,USD,Failed,2025-11-19 06:40:49,,REF180063Q
TXN0001434,53.94,USD,Completed,2025-10-06 14:35:21,2025-10-08 13:35:21,
TXN0001435,28.45,CAD,Pending,2025-07-26 04:33:00,,REF182349L
TXN0001436,89.4,EUR,Completed,2025-09-30 02:35:14,2025-10-02 22:35:14,REF275937W
TXN0001437,47.62,USD,Completed,2025-05-21 22:12:03,2025-05-22 05:12:03,REF647896J
TXN0001438,12.9,EUR,Cancelled,2025-02-25 15:27:02,,REF680911M
TXN0001439,10.03,GBP,Pending,2025-07-16 10:27:40,,REF215974M
TXN0001440,32.11,GBP,Completed,2025-10-23 10:10:35,2025-10-26 06:10:35,
TXN0001441,47.5,USD,Completed,2025-02-21 13:58:29,2025-02-22 00:58:29,
TXN0001442,163.49,USD,Completed,2025-02-01 01:55:55,2025-02-02 10:55:55,REF298263I
TXN0001443,119.91,EUR,Pending,2025-05-01 01:32:10,,REF264611D
TXN0001444,8.92,JPY,Completed,2025-10-13 02:08:03,2025-10-14 08:08:03,REF988135B
TXN0001445,17.24,EUR,Completed,2025-10-11 15:27:28,2025-10-11 23:27:28,REF262254P
TXN0001446,54.96,USD,Cancelled,2025-04-11 05:52:54,,
TXN0001447,99.68,USD,Completed,2025-08-18 04:21:32,2025-08-20 01:21:32,REF990214B
TXN0001448,82.14,USD,Completed,2024-12-27 08:44:31,2024-12-27 15:44:31,REF411251A
TXN0001449,18.25,USD,Completed,2025-05-13 11:04:11,2025-05-13 23:04:11,REF746592X
TXN0001450,3.06,EUR,Completed,2024-12-07 17:05:39,2024-12-09 09:05:39,REF526536X
TXN0001451,4.49,USD,Pending,2025-04-14 13:15:52,,REF418322D
TXN0001452,30.23,EUR,Completed,2025-07-18 18:03:36,2025-07-19 06:03:36,
TXN0001453,33.56,JPY,Completed,2025-06-08 20:28:48,2025-06-10 15:28:48,
TXN0001454,3.87,EUR,Failed,2025-04-06 03:44:18,,REF942731D
TXN0001455,21.47,JPY,Pending,2025-09-30 05:25:08,,REF499020W
TXN0001456,51.77,USD,Pending,2025-07-27 16:26:32,,REF991103W
TXN0001457,3.57,EUR,Completed,2025-01-05 19:45:41,2025-01-07 03:45:41,
TXN0001458,105.37,USD,Completed,2025-02-01 13:26:46,,REF259325V
TXN0001459,11.4,USD,Completed,2025-07-04 23:07:39,2025-07-05 20:07:39,REF499537T
TXN0001460,132.48,USD,Completed,2024-12-30 12:21:50,2025-01-02 07:21:50,
TXN0001461,9.02,USD,Failed,2025-03-15 07:49:28,,
TXN0001462,4.31,USD,Completed,2025-01-27 13:27:40,2025-01-29 10:27:40,REF896984E
TXN0001463,10.1,USD,Pending,2025-11-09 17:42:42,,
TXN0001464,17.41,EUR,Failed,2025-06-30 00:20:12,,
TXN0001465,11.22,USD,Completed,2025-10-23 10:05:38,2025-10-24 10:05:38,REF228027E
TXN0001466,14.53,USD,Completed,2025-02-21 16:36:48,2025-02-21 21:36:48,REF636576Z
TXN0001467,33.15,EUR,Completed,2025-01-02 17:37:21,,REF945166M
TXN0001468,15.54,USD,Failed,2025-06-04 02:36:08,,
TXN0001469,18.19,GBP,Pending,2025-11-11 23:59:08,,
TXN0001470,1.55,USD,Cancelled,2025-08-28 10:18:09,,REF143681W
TXN0001471,36.15,USD,Completed,2025-11-06 03:50:12,2025-11-08 19:50:12,REF712812Q
TXN0001472,17.57,USD,Completed,2025-09-04 16:21:52,2025-09-05 18:21:52,
TXN0001473,224.85,USD,Pending,2025-10-18 16:43:14,,REF241072H
TXN0001474,4.91,USD,Completed,2024-12-26 04:36:39,2024-12-28 21:36:39,REF499420L
TXN0001475,1.33,CAD,Cancelled,2025-05-15 22:00:01,,REF349199C
TXN0001476,50.76,EUR,Completed,2025-06-03 00:02:23,2025-06-03 16:02:23,
TXN0001477,33.78,USD,Pending,2025-01-26 07:43:07,,
TXN0001478,4.43,JPY,Completed,2025-10-19 07:03:06,2025-10-20 18:03:06,REF568940C
TXN0001479,2.02,EUR,Completed,2025-05-01 14:19:25,2025-05-01 16:19:25,
TXN0001480,201.56,EUR,Completed,2025-09-16 10:09:07,2025-09-19 04:09:07,REF902471K
TXN0001481,167.53,USD,Failed,2025-10-18 22:36:03,,REF423003C
TXN0001482,0.48,GBP,Completed,2025-01-14 14:31:18,2025-01-17 14:31:18,REF479256H
TXN0001483,10.1,USD,Completed,2025-05-13 06:21:09,2025-05-15 03:21:09,REF871140N
TXN0001484,243.79,EUR,Pending,2025-11-14 12:14:30,,REF331801E
TXN0001485,9.83,USD,Completed,2025-07-24 22:16:15,2025-07-27 21:16:15,
TXN0001486,9.62,USD,Pending,2025-08-25 14:22:26,,REF907637N
TXN0001487,13.14,USD,Completed,2024-12-18 12:55:15,2024-12-19 07:55:15,REF274901L
TXN0001488,3.74,JPY,Completed,2025-06-03 01:24:37,2025-06-04 00:24:37,REF266566Q
TXN0001489,1.56,EUR,Failed,2025-01-30 19:15:59,,REF216164Q
TXN0001490,97.4,USD,Completed,2025-03-17 02:15:18,2025-03-19 09:15:18,REF639218K
TXN0001491,1.27,EUR,Completed,2025-07-04 04:54:58,2025-07-06 10:54:58,REF529396U
TXN0001492,29.1,USD,Failed,2025-02-08 21:59:26,,
TXN0001493,75.93,USD,Cancelled,2025-04-25 22:29:25,,REF702440K
TXN0001494,2.28,USD,Completed,2025-11-11 22:32:40,2025-11-13 03:32:40,REF310413C
TXN0001495,5.02,USD,Completed,2024-12-03 12:47:35,2024-12-05 06:47:35,REF266346Q
TXN0001496,123.94,USD,Completed,2025-09-02 12:10:43,,REF191211V
TXN0001497,44.67,CAD,Completed,2025-08-13 11:38:01,2025-08-14 07:38:01,REF438931Y
TXN0001498,7.96,EUR,Completed,2025-07-27 00:29:41,2025-07-29 15:29:41,REF450900H
TXN0001499,121.92,USD,Pending,2025-06-10 16:05:46,,
TXN0001500,122.71,EUR,Completed,2025-11-29 03:46:56,2025-11-29 17:46:56,REF562002Q
TXN0001501,30.07,USD,Pending,2025-12-02 04:07:50,,REF152240S
TXN0001502,5.21,USD,Completed,2025-10-12 16:33:55,2025-10-13 15:33:55,
TXN0001503,10.8,GBP,Pending,2025-03-07 05:49:58,,
TXN0001504,30.86,USD,Completed,2025-07-16 15:55:20,2025-07-17 10:55:20,
TXN0001505,15.14,USD,Completed,2025-03-12 07:48:32,2025-03-15 04:48:32,REF325408J
TXN0001506,82.14,EUR,Completed,2025-03-25 01:49:04,2025-03-27 05:49:04,REF695303U
TXN0001507,2.02,USD,Completed,2025-08-02 19:29:26,2025-08-03 01:29:26,REF943542U
TXN0001508,2.14,CAD,Completed,2025-01-16 08:21:43,2025-01-17 10:21:43,
TXN0001509,26.35,USD,Pending,2025-11-07 20:49:59,,REF329820O
TXN0001510,9.61,USD,Pending,2025-05-15 05:10:53,,REF883150P
TXN0001511,7.84,USD,Completed,2024-12-14 06:34:17,2024-12-16 11:34:17,REF461811H
TXN0001512,1.42,JPY,Completed,2025-05-23 02:55:23,2025-05-25 09:55:23,REF380308X
TXN0001513,20.68,USD,Pending,2025-02-09 06:00:08,,REF150413U
TXN0001514,18.56,USD,Failed,2025-09-29 19:12:01,,REF413432T
TXN0001515,53.53,USD,Completed,2025-03-21 00:16:08,2025-03-23 19:16:08,REF465978N
TXN0001516,22.27,EUR,Completed,2025-10-07 15:37:40,2025-10-10 07:37:40,REF144641F
TXN0001517,16.46,JPY,Failed,2025-07-17 23:27:39,,REF857758Z
TXN0001518,117.39,EUR,Completed,2025-06-28 21:01:52,2025-06-28 23:01:52,REF576041K
TXN0001519,2.8,USD,Completed,2025-08-06 13:47:33,2025-08-07 09:47:33,REF537030I
TXN0001520,44.91,EUR,Completed,2025-08-08 21:57:42,2025-08-11 14:57:42,
TXN0001521,1.64,USD,Completed,2025-09-06 11:26:12,,REF970460K
TXN0001522,5.71,USD,Completed,2025-07-31 23:51:38,2025-08-01 11:51:38,REF167815O
TXN0001523,3.26,USD,Completed,2025-11-24 20:33:41,2025-11-26 07:33:41,
TXN0001524,64.9,EUR,Completed,2025-06-19 18:06:03,2025-06-20 20:06:03,REF550304I
TXN0001525,18.21,USD,Pending,2025-10-03 23:05:51,,REF642480Y
TXN0001526,19.68,EUR,Completed,2025-03-23 20:54:39,2025-03-26 04:54:39,REF467531M
TXN0001527,3.82,USD,Completed,2025-11-02 00:48:46,2025-11-02 02:48:46,REF417710X
TXN0001528,12.81,EUR,Pending,2024-12-11 19:30:37,,REF420777H
TXN0001529,6.39,USD,Completed,2025-02-02 14:45:24,2025-02-05 05:45:24,
TXN0001530,35.7,GBP,Completed,2024-12-29 20:18:58,2024-12-30 14:18:58,REF970389S
TXN0001531,4.54,EUR,Pending,2025-09-19 11:20:07,,REF827642H
TXN0001532,147.63,USD,Completed,2025-07-18 05:18:55,2025-07-20 16:18:55,
TXN0001533,1.63,USD,Completed,2025-08-12 05:40:17,2025-08-14 15:40:17,REF903733J
TXN0001534,5.99,USD,Completed,2025-09-05 00:42:02,2025-09-06 09:42:02,REF607255E
TXN0001535,248.59,JPY,Completed,2025-10-21 20:53:55,2025-10-24 12:53:55,REF366927D
TXN0001536,10.46,USD,Failed,2025-03-23 08:37:06,,REF424031D
TXN0001537,2.79,USD,Completed,2025-04-14 13:35:29,2025-04-17 00:35:29,
TXN0001538,27.9,USD,Pending,2025-04-04 22:28:14,,REF490992L
TXN0001539,9.84,GBP,Completed,2025-09-13 07:54:23,2025-09-15 03:54:23,REF726843J
TXN0001540,5.73,USD,Completed,2025-11-06 11:45:06,2025-11-08 15:45:06,REF262931Z
TXN0001541,3.88,USD,Failed,2025-02-03 10:02:24,,REF223268Y
TXN0001542,1277.37,USD,Completed,2024-12-08 01:13:36,2024-12-09 15:13:36,REF415184A
TXN0001543,13.77,USD,Pending,2025-02-02 23:46:55,,REF566184U
TXN0001544,1.12,USD,Cancelled,2025-03-09 10:04:29,,REF612900X
TXN0001545,188.78,GBP,Completed,2025-03-24 01:16:52,2025-03-25 14:16:52,
TXN0001546,50.23,USD,Completed,2025-06-16 03:17:54,2025-06-16 08:17:54,REF327281P
TXN0001547,6.36,USD,Pending,2025-06-23 19:25:01,,
TXN0001548,4.95,USD,Pending,2025-10-21 03:43:11,,
TXN0001549,55.16,EUR,Completed,2025-04-29 06:50:20,2025-04-29 11:50:20,
TXN0001550,13.87,USD,Completed,2025-02-05 12:26:34,2025-02-05 16:26:34,REF553484W
TXN0001551,1.12,JPY,Completed,2025-03-05 02:37:35,2025-03-05 14:37:35,REF837815E
TXN0001552,293.2,GBP,Completed,2025-07-17 09:45:12,2025-07-18 15:45:12,REF908085Z
TXN0001553,10.48,USD,Completed,2025-03-10 09:25:01,2025-03-11 16:25:01,REF307557Z
TXN0001554,189.3,CAD,Completed,2025-11-11 12:05:17,2025-11-13 09:05:17,
TXN0001555,136.68,USD,Completed,2025-06-25 04:24:27,2025-06-26 07:24:27,
TXN0001556,4.47,GBP,Pending,2024-12-16 05:33:21,,
TXN0001557,94.61,EUR,Failed,2025-11-12 17:46:23,,REF616422U
TXN0001558,7.56,EUR,Completed,2025-06-24 03:39:13,2025-06-25 07:39:13,REF846866Y
TXN0001559,1.22,USD,Pending,2025-11-29 12:48:37,,REF828240I
TXN0001560,10.62,USD,Pending,2025-02-18 00:00:36,,REF799987A
TXN0001561,36.47,JPY,Completed,2025-08-16 22:52:46,2025-08-18 03:52:46,REF911785U
TXN0001562,10.03,USD,Pending,2025-08-29 14:52:01,,REF126413Q
TXN0001563,12.67,GBP,Completed,2025-09-28 15:57:43,2025-09-30 20:57:43,
TXN0001564,111.65,GBP,Failed,2025-08-14 07:33:57,,REF938776C
TXN0001565,23.56,USD,Pending,2025-01-10 20:26:50,,
TXN0001566,5.67,USD,Completed,2025-07-14 16:17:04,2025-07-15 13:17:04,
TXN0001567,57.57,USD,Pending,2025-08-14 14:07:45,,REF186621D
TXN0001568,27.02,GBP,Completed,2025-10-24 01:48:54,2025-10-24 19:48:54,REF949359T
TXN0001569,0.46,USD,Pending,2025-07-23 10:55:06,,REF376935U
TXN0001570,38.19,USD,Completed,2025-08-05 23:13:12,2025-08-07 02:13:12,
TXN0001571,36.15,USD,Completed,2025-10-20 11:59:50,,
TXN0001572,20.7,USD,Pending,2025-07-10 13:44:30,,REF459251C
TXN0001573,76.52,JPY,Completed,2025-04-29 14:19:42,2025-04-29 16:19:42,REF251398B
TXN0001574,7.33,GBP,Completed,2025-01-16 15:30:05,2025-01-17 03:30:05,REF326899O
TXN0001575,33.27,EUR,Completed,2025-03-14 14:44:50,2025-03-15 02:44:50,REF393033P
TXN0001576,1.91,USD,Completed,2025-10-07 13:34:14,,
TXN0001577,36.99,USD,Completed,2025-03-03 15:25:15,2025-03-05 01:25:15,REF202179D
TXN0001578,376.0,USD,Completed,2024-12-27 19:59:12,2024-12-29 20:59:12,
TXN0001579,4.52,GBP,Failed,2025-11-06 14:04:02,,REF606362B
TXN0001580,6.43,USD,Completed,2025-04-04 20:42:56,2025-04-07 09:42:56,REF669862H
TXN0001581,6.92,USD,Pending,2025-08-04 06:55:40,,REF606653N
TXN0001582,24.41,EUR,Completed,2025-10-13 03:51:30,2025-10-15 08:51:30,
TXN0001583,4.08,USD,Completed,2025-05-01 15:59:26,2025-05-04 09:59:26,REF151721V
TXN0001584,37.78,USD,Pending,2025-06-22 07:38:52,,
TXN0001585,71.54,GBP,Completed,2025-08-20 16:14:43,2025-08-22 06:14:43,REF934504M
TXN0001586,44.77,USD,Completed,2024-12-18 04:27:28,2024-12-18 14:27:28,REF438586W
TXN0001587,1.42,GBP,Completed,2025-01-23 10:49:22,2025-01-23 12:49:22,REF362325Z
TXN0001588,89.37,USD,Completed,2025-05-24 12:52:00,2025-05-27 02:52:00,REF340614J
TXN0001589,81.95,GBP,Cancelled,2025-09-11 06:03:57,,REF725143O
TXN0001590,69.77,USD,Completed,2025-11-13 22:40:35,2025-11-15 21:40:35,REF204690G
TXN0001591,35.14,USD,Completed,2025-03-10 01:23:28,2025-03-12 12:23:28,REF584831I
TXN0001592,27.95,CAD,Failed,2025-10-05 07:08:07,,
TXN0001593,94.5,JPY,Pending,2025-07-05 21:34:18,,REF457489F
TXN0001594,359.7,USD,Completed,2025-04-19 13:39:04,2025-04-21 19:39:04,REF893490A
TXN0001595,4.81,USD,Completed,2025-03-08 16:08:47,2025-03-10 03:08:47,REF248441T
TXN0001596,101.21,GBP,Completed,2024-12-13 09:58:19,2024-12-14 14:58:19,REF967755J
TXN0001597,17.65,GBP,Completed,2025-06-15 10:08:27,2025-06-15 10:08:27,REF570427H
TXN0001598,16.54,USD,Completed,2025-10-12 05:11:12,2025-10-13 20:11:12,REF366045M
TXN0001599,2.0,GBP,Pending,2025-09-08 06:06:14,,
TXN0001600,13.1,EUR,Completed,2025-08-14 11:13:50,2025-08-14 22:13:50,
TXN0001601,4.5,USD,Completed,2025-06-26 01:31:48,2025-06-28 00:31:48,REF765621S
TXN0001602,10.02,USD,Completed,2025-06-27 22:51:17,2025-06-29 02:51:17,REF895205T
TXN0001603,3.87,USD,Completed,2025-10-09 04:39:19,2025-10-11 18:39:19,REF301584B
TXN0001604,10.24,USD,Failed,2025-11-28 18:45:09,,REF418205C
TXN0001605,10.92,JPY,Completed,2025-05-27 04:22:46,2025-05-27 04:22:46,REF511209I
TXN0001606,23.22,USD,Completed,2025-04-13 10:38:56,2025-04-16 09:38:56,REF318978H
TXN0001607,1.78,USD,Completed,2025-03-02 07:45:35,2025-03-05 06:45:35,REF973178M
TXN0001608,2.3,JPY,Completed,2025-04-17 18:51:39,2025-04-18 01:51:39,
TXN0001609,34.57,USD,Failed,2025-04-25 01:15:14,,REF849109S
TXN0001610,6.07,USD,Completed,2025-03-16 04:31:06,2025-03-17 09:31:06,REF770095Y
TXN0001611,100.66,USD,Completed,2025-07-14 00:49:07,2025-07-14 22:49:07,
TXN0001612,28.16,EUR,Pending,2025-08-01 08:50:22,,REF891601P
TXN0001613,49.91,USD,Pending,2025-03-26 05:41:59,,
TXN0001614,166.67,JPY,Pending,2025-03-02 14:44:19,,REF834956O
TXN0001615,12.62,USD,Completed,2025-06-29 11:20:54,2025-06-29 22:20:54,REF505816A
TXN0001616,8.48,GBP,Completed,2025-11-01 00:01:31,2025-11-01 06:01:31,REF917313S
TXN0001617,74.26,USD,Completed,2025-05-02 09:58:41,2025-05-03 23:58:41,REF533645D
TXN0001618,43.13,USD,Failed,2025-03-31 17:04:57,,REF511256J
TXN0001619,15.17,USD,Completed,2025-02-13 02:48:14,2025-02-14 22:48:14,REF583744E
TXN0001620,161.93,GBP,Completed,2024-12-08 10:13:53,2024-12-10 11:13:53,REF320293J
TXN0001621,14.61,USD,Cancelled,2024-12-26 03:26:41,,
TXN0001622,21.1,USD,Completed,2025-08-29 21:10:39,2025-08-31 21:10:39,REF465821X
TXN0001623,20.74,GBP,Completed,2025-09-20 09:44:12,2025-09-21 08:44:12,REF781526W
TXN0001624,4.94,USD,Completed,2024-12-03 02:37:44,2024-12-05 06:37:44,REF599497B
TXN0001625,22.56,JPY,Pending,2025-06-09 03:02:08,,REF560359T
TXN0001626,163.23,USD,Completed,2025-06-08 03:42:25,2025-06-11 03:42:25,REF965509N
TXN0001627,39.15,USD,Completed,2025-05-30 00:47:53,2025-05-30 23:47:53,REF947141Y
TXN0001628,21.04,USD,Pending,2025-03-02 16:05:49,,
TXN0001629,15.76,USD,Completed,2025-05-07 09:40:58,2025-05-08 01:40:58,REF539817F
TXN0001630,32.99,GBP,Completed,2025-07-23 20:06:10,2025-07-24 17:06:10,
TXN0001631,61.85,USD,Failed,2025-05-30 06:52:21,,
TXN0001632,50.09,USD,Completed,2024-12-29 08:51:01,2024-12-30 13:51:01,
TXN0001633,12.21,GBP,Pending,2025-11-06 01:43:48,,REF975056M
TXN0001634,32.69,CAD,Pending,2025-07-04 17:59:02,,REF102418M
TXN0001635,41.26,EUR,Completed,2025-10-29 01:14:02,2025-10-31 09:14:02,REF510819K
TXN0001636,4.43,USD,Completed,2025-04-20 08:54:47,2025-04-23 00:54:47,REF605826W
TXN0001637,25.85,USD,Completed,2025-06-01 08:58:59,2025-06-02 17:58:59,
TXN0001638,0.79,USD,Completed,2025-06-11 12:39:38,2025-06-14 01:39:38,REF457189H
TXN0001639,41.42,CAD,Completed,2025-07-04 10:22:41,2025-07-07 04:22:41,REF368356F
TXN0001640,54.08,CAD,Failed,2025-08-30 00:04:30,,REF106775K
TXN0001641,61.64,USD,Pending,2025-03-26 20:33:55,,REF238424L
TXN0001642,11.11,USD,Completed,2025-03-25 19:35:52,2025-03-28 01:35:52,REF768510O
TXN0001643,31.93,USD,Completed,2025-05-18 07:12:33,2025-05-19 12:12:33,REF236379F
TXN0001644,170.02,JPY,Failed,2024-12-20 19:53:09,,
TXN0001645,167.44,EUR,Pending,2025-09-24 20:11:04,,REF520776N
TXN0001646,19.23,CAD,Pending,2025-06-11 10:20:01,,REF666173Z
TXN0001647,24.75,USD,Completed,2024-12-13 03:48:08,2024-12-15 21:48:08,REF966507Z
TXN0001648,106.31,USD,Completed,2025-03-20 14:07:27,2025-03-22 05:07:27,REF935928N
TXN0001649,2.11,GBP,Completed,2025-08-07 02:34:27,2025-08-09 04:34:27,
TXN0001650,12.37,USD,Completed,2024-12-16 09:49:27,2024-12-16 09:49:27,
TXN0001651,148.91,USD,Completed,2025-08-29 15:02:37,,
TXN0001652,86.73,EUR,Completed,2025-05-16 02:11:45,2025-05-16 02:11:45,
TXN0001653,34.95,USD,Completed,2025-08-08 20:21:42,2025-08-10 06:21:42,
TXN0001654,2.1,USD,Completed,2025-05-29 13:59:33,2025-05-29 21:59:33,
TXN0001655,18.64,USD,Completed,2025-09-01 17:37:23,2025-09-04 04:37:23,REF875654A
TXN0001656,8.29,USD,Completed,2025-10-05 13:40:42,2025-10-07 22:40:42,
TXN0001657,33.0,USD,Pending,2025-05-01 18:20:32,,REF604660R
TXN0001658,5.97,USD,Pending,2025-07-20 18:38:47,,REF944113G
TXN0001659,4.31,USD,Completed,2025-11-05 10:08:50,2025-11-08 01:08:50,
TXN0001660,0.91,USD,Completed,2025-04-27 00:55:52,2025-04-27 01:55:52,REF934269C
TXN0001661,125.55,USD,Cancelled,2025-09-07 02:13:14,,
TXN0001662,11.03,USD,Completed,2025-10-18 07:49:13,2025-10-21 03:49:13,REF837877D
TXN0001663,25.42,USD,Completed,2025-08-23 11:30:08,2025-08-23 16:30:08,REF692965N
TXN0001664,20.02,CAD,Cancelled,2024-12-04 03:43:47,,REF129054T
TXN0001665,4.05,USD,Completed,2025-02-12 18:10:36,2025-02-13 09:10:36,REF262253R
TXN0001666,3.04,USD,Completed,2025-02-15 09:46:31,2025-02-16 04:46:31,REF571820A
TXN0001667,4.45,USD,Pending,2025-01-26 21:11:02,,REF713931K
TXN0001668,6.79,USD,Completed,2025-08-31 07:50:12,2025-09-03 03:50:12,REF762315L
TXN0001669,34.81,GBP,Completed,2025-06-16 03:28:53,,REF777300O
TXN0001670,6.09,CAD,Failed,2025-07-05 17:19:04,,REF970831O
TXN0001671,275.82,JPY,Cancelled,2025-04-13 23:52:54,,REF292433J
TXN0001672,93.76,USD,Completed,2025-10-18 21:57:39,2025-10-21 01:57:39,
TXN0001673,67.53,EUR,Completed,2025-08-17 09:35:34,2025-08-20 06:35:34,
TXN0001674,16.79,USD,Cancelled,2025-03-16 10:50:29,,REF592649X
TXN0001675,194.69,GBP,Completed,2025-10-29 19:15:40,2025-11-01 06:15:40,REF888000I
TXN0001676,14.48,EUR,Completed,2025-06-05 11:36:11,2025-06-07 06:36:11,REF752881O
TXN0001677,19.17,USD,Cancelled,2025-05-12 13:54:43,,REF599701D
TXN0001678,25.92,USD,Pending,2025-10-09 21:16:01,,REF643715V
TXN0001679,57.55,GBP,Completed,2025-06-23 02:53:45,2025-06-23 08:53:45,REF337391I
TXN0001680,52.21,EUR,Completed,2025-04-10 14:43:10,2025-04-11 06:43:10,
TXN0001681,9.85,USD,Completed,2025-02-16 16:31:51,2025-02-16 19:31:51,
TXN0001682,9.03,EUR,Completed,2025-06-20 20:35:13,2025-06-23 09:35:13,REF401972F
TXN0001683,52.45,EUR,Failed,2025-06-13 03:42:54,,REF232006L
TXN0001684,58.72,USD,Completed,2025-07-26 00:03:29,2025-07-28 04:03:29,REF342146B
TXN0001685,11.13,USD,Failed,2025-03-29 18:47:40,,REF760109B
TXN0001686,1.86,EUR,Completed,2025-01-25 05:28:59,2025-01-26 11:28:59,
TXN0001687,14.72,GBP,Completed,2025-11-25 12:28:51,2025-11-26 11:28:51,REF169031I
TXN0001688,51.18,JPY,Completed,2025-03-10 20:53:56,2025-03-10 21:53:56,REF764938C
TXN0001689,301.31,USD,Completed,2025-11-22 15:03:48,2025-11-23 19:03:48,
TXN0001690,3.33,USD,Pending,2025-10-01 22:43:22,,REF421047F
TXN0001691,10.59,USD,Completed,2025-01-22 23:22:47,2025-01-24 16:22:47,REF817636N
TXN0001692,11.2,USD,Completed,2025-06-03 21:06:18,2025-06-04 07:06:18,
TXN0001693,153.5,USD,Failed,2025-09-16 05:23:16,,REF587559X
TXN0001694,19.06,USD,Completed,2025-08-04 17:41:38,2025-08-05 18:41:38,
TXN0001695,5.15,USD,Pending,2025-08-30 03:16:00,,REF553324J
TXN0001696,46.43,USD,Pending,2025-10-24 09:32:41,,REF415732E
TXN0001697,10.95,USD,Pending,2025-04-06 13:55:35,,REF433550I
TXN0001698,3.2,USD,Failed,2025-04-23 21:21:03,,
TXN0001699,5.26,USD,Completed,2025-10-17 00:11:33,2025-10-17 18:11:33,REF886353B
TXN0001700,270.71,USD,Completed,2025-04-13 01:07:27,2025-04-14 11:07:27,REF335545T
TXN0001701,35.74,CAD,Completed,2025-10-04 03:52:11,2025-10-06 06:52:11,REF390640K
TXN0001702,23.61,EUR,Completed,2025-09-25 09:22:53,2025-09-26 08:22:53,REF822353L
TXN0001703,13.81,USD,Completed,2025-05-06 01:33:02,2025-05-07 19:33:02,REF360172Z
TXN0001704,31.13,USD,Completed,2024-12-16 15:17:15,2024-12-16 17:17:15,REF343734I
TXN0001705,30.58,EUR,Pending,2025-11-13 03:43:22,,
TXN0001706,31.13,USD,Completed,2025-08-25 06:27:38,2025-08-26 04:27:38,
TXN0001707,23.86,JPY,Completed,2025-08-30 06:44:02,2025-09-02 06:44:02,REF300149W
TXN0001708,73.94,USD,Completed,2025-01-23 12:52:30,2025-01-25 08:52:30,
TXN0001709,20.79,USD,Completed,2025-10-10 09:45:21,2025-10-11 01:45:21,REF958630A
TXN0001710,4.63,USD,Failed,2025-02-01 01:12:12,,REF622879B
TXN0001711,8.02,CAD,Completed,2025-09-25 22:50:07,2025-09-26 04:50:07,
TXN0001712,1.03,EUR,Completed,2025-07-21 15:06:55,,REF512373J
TXN0001713,419.99,USD,Pending,2025-05-01 02:26:24,,REF237988K
TXN0001714,73.27,GBP,Completed,2025-11-04 17:36:27,2025-11-07 07:36:27,
TXN0001715,5.78,CAD,Cancelled,2025-04-15 08:22:28,,REF122357L
TXN0001716,13.16,USD,Completed,2025-06-08 10:38:14,2025-06-09 18:38:14,REF171703T
TXN0001717,7.73,USD,Completed,2025-03-24 15:55:33,2025-03-27 06:55:33,REF429314L
TXN0001718,203.12,USD,Failed,2025-07-28 21:50:39,,REF341816F
TXN0001719,2.39,EUR,Completed,2025-11-01 01:58:49,2025-11-02 12:58:49,REF118297Z
TXN0001720,23.85,EUR,Completed,2025-02-14 13:36:27,2025-02-14 22:36:27,REF662505V
TXN0001721,17.07,JPY,Completed,2025-06-28 00:35:46,2025-06-29 16:35:46,
TXN0001722,69.43,USD,Completed,2025-08-11 23:59:02,,REF403208E
TXN0001723,17.18,EUR,Completed,2025-06-29 10:56:03,2025-07-01 07:56:03,REF540430T
TXN0001724,1.44,JPY,Completed,2025-08-03 04:49:23,2025-08-04 07:49:23,REF542979A
TXN0001725,13.78,USD,Pending,2025-11-30 07:05:34,,
TXN0001726,4.67,GBP,Pending,2025-08-02 13:00:37,,REF868270G
TXN0001727,22.63,USD,Completed,2025-04-08 08:14:03,2025-04-11 00:14:03,REF664078T
TXN0001728,172.65,USD,Cancelled,2025-10-11 17:14:21,,REF220146M
TXN0001729,1.48,USD,Completed,2025-05-23 11:46:57,2025-05-26 04:46:57,REF661676X
TXN0001730,6.05,USD,Completed,2024-12-27 13:07:21,2024-12-29 18:07:21,REF147968L
TXN0001731,8.77,EUR,Completed,2025-06-16 11:32:21,2025-06-18 14:32:21,REF662354Y
TXN0001732,11.33,USD,Completed,2025-09-12 16:05:03,2025-09-12 17:05:03,REF263664W
TXN0001733,60.96,GBP,Pending,2025-10-15 02:21:20,,REF217712V
TXN0001734,15.48,JPY,Completed,2025-09-20 12:25:55,2025-09-21 12:25:55,REF468789N
TXN0001735,37.48,USD,Completed,2024-12-21 21:35:10,2024-12-22 00:35:10,REF332726B
TXN0001736,7.86,EUR,Failed,2025-04-03 05:17:51,,REF727483S
TXN0001737,28.36,USD,Completed,2025-06-05 04:49:00,2025-06-06 12:49:00,REF397853T
TXN0001738,64.5,USD,Pending,2025-02-10 01:02:17,,
TXN0001739,6.7,USD,Failed,2025-01-11 09:31:42,,REF640123X
TXN0001740,64.85,USD,Pending,2025-07-12 21:12:10,,
TXN0001741,21.73,USD,Completed,2025-10-08 21:15:09,2025-10-10 19:15:09,REF317294J
TXN0001742,96.37,GBP,Completed,2025-05-08 20:20:14,2025-05-11 04:20:14,
TXN0001743,14.85,USD,Completed,2024-12-25 16:12:38,2024-12-27 12:12:38,REF462913N
TXN0001744,35.58,GBP,Completed,2025-07-16 07:50:15,2025-07-18 19:50:15,REF605529Z
TXN0001745,18.9,EUR,Completed,2025-04-13 22:02:24,2025-04-16 13:02:24,REF604397D
TXN0001746,17.39,USD,Completed,2025-09-17 07:27:11,2025-09-19 06:27:11,
TXN0001747,29.62,USD,Pending,2025-11-06 20:50:35,,
TXN0001748,44.93,USD,Completed,2025-11-30 05:26:35,2025-12-01 18:26:35,
TXN0001749,3.08,USD,Completed,2025-05-03 16:24:12,2025-05-03 20:24:12,REF714621R
TXN0001750,172.51,USD,Completed,2025-11-12 14:09:52,2025-11-15 00:09:52,
TXN0001751,1.23,USD,Completed,2025-03-22 20:22:16,2025-03-24 22:22:16,
TXN0001752,7.19,GBP,Completed,2025-02-08 18:53:30,2025-02-11 13:53:30,
TXN0001753,17.44,USD,Completed,2025-09-23 10:55:22,2025-09-24 23:55:22,
TXN0001754,37.28,USD,Failed,2025-04-12 03:22:46,,REF615604W
TXN0001755,213.63,USD,Completed,2025-05-25 22:26:27,2025-05-28 22:26:27,REF775092N
TXN0001756,1.24,USD,Pending,2025-03-27 12:09:29,,
TXN0001757,9.38,EUR,Completed,2025-04-27 13:50:03,2025-04-30 07:50:03,REF495934F
TXN0001758,0.83,USD,Pending,2025-09-13 13:55:28,,REF158391A
TXN0001759,21.06,USD,Completed,2025-06-21 15:48:43,2025-06-23 03:48:43,
TXN0001760,30.19,USD,Pending,2024-12-20 21:36:32,,REF207043F
TXN0001761,218.37,EUR,Completed,2025-05-28 14:01:02,2025-05-28 19:01:02,REF207257Q
TXN0001762,24.07,USD,Pending,2025-07-07 11:03:31,,
TXN0001763,96.16,USD,Completed,2025-06-16 20:36:40,2025-06-17 10:36:40,REF328075S
TXN0001764,48.22,USD,Completed,2025-11-01 14:48:57,2025-11-03 01:48:57,REF744047B
TXN0001765,10.46,USD,Completed,2025-01-22 09:59:19,2025-01-22 19:59:19,REF596642M
TXN0001766,2.43,GBP,Pending,2025-09-22 14:49:38,,REF395539J
TXN0001767,30.34,USD,Completed,2025-01-31 13:01:36,2025-02-01 22:01:36,REF256421I
TXN0001768,2.14,GBP,Completed,2025-02-20 00:06:47,2025-02-20 09:06:47,
TXN0001769,140.16,USD,Completed,2025-07-21 08:06:54,,
TXN0001770,15.75,USD,Completed,2025-05-01 04:26:19,2025-05-01 23:26:19,REF499138U
TXN0001771,120.63,USD,Completed,2025-09-30 07:19:33,2025-09-30 22:19:33,REF360609V
TXN0001772,9.77,USD,Completed,2025-07-05 09:03:08,,REF920522Z
TXN0001773,30.06,GBP,Completed,2025-07-18 09:01:39,2025-07-18 22:01:39,REF943304Z
TXN0001774,27.5,EUR,Pending,2025-05-12 23:21:22,,REF789729V
TXN0001775,18.77,JPY,Pending,2025-08-20 06:39:51,,REF679035V
TXN0001776,10.5,USD,Failed,2025-08-11 06:32:52,,
TXN0001777,36.19,GBP,Completed,2025-02-22 04:30:50,2025-02-22 18:30:50,REF996422R
TXN0001778,5.01,USD,Failed,2024-12-16 04:09:15,,REF190097W
TXN0001779,3.27,USD,Completed,2025-11-30 07:10:16,2025-12-02 15:10:16,REF800990A
TXN0001780,129.57,USD,Completed,2025-11-07 05:29:01,2025-11-09 10:29:01,
TXN0001781,59.78,GBP,Pending,2025-07-30 02:24:55,,REF575251D
TXN0001782,22.17,GBP,Completed,2025-03-31 05:57:27,2025-04-01 08:57:27,
TXN0001783,244.13,USD,Pending,2025-03-26 06:25:34,,REF508656I
TXN0001784,13.44,USD,Pending,2025-10-24 00:08:39,,REF793520P
TXN0001785,146.07,GBP,Completed,2025-08-11 09:17:47,2025-08-12 19:17:47,
TXN0001786,26.14,CAD,Completed,2025-04-12 22:31:54,2025-04-14 07:31:54,REF708828T
TXN0001787,4.32,USD,Completed,2025-02-13 07:35:15,2025-02-14 12:35:15,
TXN0001788,321.2,USD,Pending,2025-08-24 12:40:07,,REF402965C
TXN0001789,88.77,EUR,Failed,2025-10-25 01:58:38,,
TXN0001790,16.75,USD,Completed,2025-03-08 16:50:15,2025-03-11 01:50:15,REF168542W
TXN0001791,59.79,USD,Completed,2025-01-21 13:52:13,2025-01-23 15:52:13,
TXN0001792,10.96,USD,Completed,2025-01-23 10:46:17,2025-01-26 06:46:17,REF775290K
TXN0001793,69.67,GBP,Completed,2025-08-21 02:56:22,2025-08-22 06:56:22,
TXN0001794,0.56,USD,Completed,2025-11-05 04:11:23,2025-11-07 15:11:23,REF688702M
TXN0001795,4.35,EUR,Pending,2025-04-24 07:35:45,,REF633479I
TXN0001796,87.26,USD,Pending,2025-07-07 14:21:27,,
TXN0001797,13.81,USD,Completed,2025-04-10 14:33:04,2025-04-13 00:33:04,
TXN0001798,27.42,CAD,Pending,2025-04-28 02:55:04,,REF428412S
TXN0001799,2.66,USD,Pending,2025-07-25 15:15:25,,REF138768O
TXN0001800,321.12,USD,Pending,2025-02-06 06:26:02,,REF701604W
TXN0001801,119.8,GBP,Cancelled,2025-06-04 00:00:59,,
TXN0001802,14.86,USD,Completed,2024-12-19 07:06:54,2024-12-21 04:06:54,REF720671N
TXN0001803,10.95,USD,Completed,2025-09-15 18:19:23,2025-09-18 12:19:23,REF692072X
TXN0001804,94.1,EUR,Completed,2025-09-19 16:56:00,2025-09-20 12:56:00,
TXN0001805,392.96,USD,Completed,2025-11-26 05:58:51,2025-11-27 08:58:51,REF477689H
TXN0001806,83.99,JPY,Pending,2025-06-06 15:31:18,,REF828479Z
TXN0001807,522.02,USD,Completed,2025-02-08 02:20:48,2025-02-09 22:20:48,
TXN0001808,5.04,USD,Pending,2025-01-21 12:50:41,,REF971861O
TXN0001809,5.88,CAD,Completed,2025-03-12 11:36:59,2025-03-15 11:36:59,REF900429N
TXN0001810,3.38,USD,Completed,2025-05-31 06:14:38,2025-06-01 01:14:38,REF305600Z
TXN0001811,38.96,USD,Completed,2025-03-02 14:55:52,2025-03-05 09:55:52,REF445578V
TXN0001812,26.14,EUR,Pending,2025-02-03 22:14:10,,REF506868R
TXN0001813,15.99,USD,Pending,2025-10-28 04:05:03,,REF353153I
TXN0001814,67.62,GBP,Pending,2025-09-22 01:00:23,,REF738538M
TXN0001815,127.55,USD,Completed,2025-05-20 04:21:28,2025-05-22 02:21:28,REF206187P
TXN0001816,2.04,GBP,Completed,2025-03-18 10:11:18,2025-03-19 02:11:18,
TXN0001817,8.2,USD,Completed,2025-05-20 21:23:21,2025-05-22 23:23:21,REF715983R
TXN0001818,68.73,JPY,Completed,2025-04-09 00:39:12,2025-04-10 09:39:12,REF520105G
TXN0001819,9.96,USD,Completed,2025-02-20 14:01:42,2025-02-20 15:01:42,
TXN0001820,6.07,CAD,Completed,2025-03-09 06:29:22,2025-03-11 04:29:22,REF988096H
TXN0001821,92.56,USD,Completed,2024-12-12 09:41:32,2024-12-14 21:41:32,REF203868X
TXN0001822,2.9,USD,Failed,2025-03-18 08:03:48,,REF258246L
TXN0001823,12.78,EUR,Pending,2025-09-16 16:38:22,,
TXN0001824,32.88,USD,Completed,2025-01-28 23:03:21,2025-01-29 05:03:21,REF921844Z
TXN0001825,8.49,EUR,Pending,2025-01-26 14:54:42,,
TXN0001826,65.02,USD,Completed,2025-10-19 23:58:40,2025-10-22 09:58:40,
TXN0001827,8.56,USD,Pending,2025-05-03 18:08:37,,REF639251C
TXN0001828,166.16,USD,Completed,2025-02-06 20:05:40,2025-02-07 02:05:40,REF683051Q
TXN0001829,16.63,GBP,Completed,2025-04-24 08:18:19,2025-04-25 22:18:19,REF493706S
TXN0001830,54.98,GBP,Completed,2025-11-05 04:52:35,2025-11-08 03:52:35,REF601294E
TXN0001831,61.5,JPY,Completed,2025-04-06 12:56:21,2025-04-07 21:56:21,REF654932D
TXN0001832,7.84,JPY,Cancelled,2025-05-24 02:00:41,,REF356913U
TXN0001833,0.92,JPY,Failed,2025-02-15 07:06:44,,
TXN0001834,34.51,CAD,Pending,2025-02-12 22:08:04,,
TXN0001835,22.39,USD,Pending,2025-09-18 03:13:44,,REF401389D
TXN0001836,46.24,USD,Completed,2025-01-07 13:44:18,2025-01-08 17:44:18,REF263096G
TXN0001837,14.3,GBP,Completed,2025-09-03 02:48:27,2025-09-05 09:48:27,REF544135Q
TXN0001838,10.53,JPY,Completed,2025-08-03 06:32:53,2025-08-03 14:32:53,REF584904N
TXN0001839,408.59,GBP,Completed,2025-04-10 20:29:05,2025-04-11 04:29:05,REF869835H
TXN0001840,2.21,CAD,Completed,2025-03-04 11:07:38,2025-03-07 07:07:38,
TXN0001841,60.4,GBP,Pending,2025-03-07 21:56:17,,REF283296M
TXN0001842,8.48,USD,Completed,2025-09-02 13:16:50,2025-09-05 13:16:50,REF273451F
TXN0001843,12.14,JPY,Completed,2025-03-22 15:56:33,2025-03-23 23:56:33,
TXN0001844,12.48,USD,Failed,2025-07-11 03:26:17,,REF883278U
TXN0001845,6.02,EUR,Completed,2025-06-02 07:18:31,2025-06-04 23:18:31,
TXN0001846,47.32,USD,Completed,2025-06-21 01:30:53,2025-06-22 05:30:53,
TXN0001847,161.74,USD,Pending,2025-09-08 21:12:44,,
TXN0001848,40.65,USD,Pending,2025-11-29 23:17:20,,REF464610T
TXN0001849,23.45,GBP,Completed,2025-11-23 15:16:06,2025-11-25 16:16:06,REF275006Y
TXN0001850,4.57,USD,Completed,2025-08-22 01:48:02,2025-08-22 22:48:02,REF705161D
TXN0001851,43.61,USD,Pending,2025-01-24 15:02:08,,REF346814O
TXN0001852,510.06,USD,Pending,2025-03-05 20:31:03,,
TXN0001853,11.35,USD,Completed,2025-08-31 20:24:16,2025-09-03 16:24:16,REF283720T
TXN0001854,11.43,EUR,Completed,2025-02-13 02:48:47,2025-02-15 16:48:47,REF338423X
TXN0001855,8.66,JPY,Completed,2025-04-15 00:16:53,2025-04-16 21:16:53,REF994136S
TXN0001856,9.64,USD,Completed,2025-06-14 09:29:54,2025-06-15 03:29:54,
TXN0001857,0.33,EUR,Completed,2025-04-25 22:25:03,,REF510531O
TXN0001858,36.88,USD,Failed,2025-08-05 14:15:25,,REF784653O
TXN0001859,5.65,USD,Completed,2025-03-15 00:26:52,2025-03-17 23:26:52,
TXN0001860,1.79,USD,Completed,2025-06-22 14:47:59,2025-06-22 15:47:59,REF479053M
TXN0001861,62.16,USD,Failed,2025-05-03 20:18:40,,REF706115F
TXN0001862,3.96,CAD,Completed,2025-02-13 23:45:33,2025-02-16 16:45:33,REF979294F
TXN0001863,12.09,USD,Completed,2025-09-23 07:41:43,2025-09-26 01:41:43,REF187267F
TXN0001864,181.21,USD,Completed,2025-03-26 10:21:54,2025-03-28 07:21:54,REF404724R
TXN0001865,2.43,USD,Completed,2025-01-18 02:32:32,2025-01-18 02:32:32,
TXN0001866,2.02,USD,Completed,2025-09-22 14:47:18,,REF969903V
TXN0001867,30.08,USD,Completed,2025-10-16 09:45:21,2025-10-18 16:45:21,REF319509U
TXN0001868,112.64,USD,Completed,2025-01-01 00:03:51,2025-01-02 17:03:51,REF195813V
TXN0001869,1.89,USD,Completed,2025-08-08 21:03:27,2025-08-09 07:03:27,
TXN0001870,37.02,USD,Completed,2025-02-08 00:51:41,2025-02-09 08:51:41,REF235078N
TXN0001871,48.01,USD,Completed,2025-07-02 02:24:02,2025-07-03 04:24:02,REF573743E
TXN0001872,0.92,USD,Completed,2025-11-13 20:03:28,2025-11-16 15:03:28,
TXN0001873,66.54,USD,Completed,2025-07-01 17:33:59,2025-07-02 11:33:59,REF770821I
TXN0001874,74.81,USD,Pending,2025-05-25 04:47:02,,REF555856Y
TXN0001875,12.58,GBP,Completed,2025-07-01 12:16:16,2025-07-02 02:16:16,REF843927M
TXN0001876,131.44,USD,Pending,2025-05-08 06:41:06,,REF504233R
TXN0001877,110.46,EUR,Completed,2024-12-27 14:08:43,2024-12-28 16:08:43,REF366589L
TXN0001878,23.45,USD,Failed,2025-10-09 02:39:06,,REF557068M
TXN0001879,10.2,USD,Completed,2025-07-24 07:45:43,2025-07-27 04:45:43,
TXN0001880,4.67,USD,Completed,2025-01-28 12:06:43,2025-01-30 06:06:43,REF199597P
TXN0001881,18.99,USD,Failed,2025-11-18 14:57:04,,
TXN0001882,47.21,USD,Completed,2025-09-15 06:56:41,2025-09-16 22:56:41,REF785975T
TXN0001883,12.35,USD,Completed,2025-09-16 22:53:33,2025-09-19 03:53:33,
TXN0001884,0.74,USD,Completed,2025-05-23 22:35:51,2025-05-24 18:35:51,REF490571F
TXN0001885,134.7,EUR,Completed,2025-11-01 03:42:06,2025-11-04 01:42:06,REF440134Q
TXN0001886,26.72,USD,Completed,2025-01-22 22:10:48,2025-01-25 06:10:48,REF346427L
TXN0001887,11.37,EUR,Failed,2025-12-01 02:27:14,,REF420929P
TXN0001888,72.66,USD,Completed,2025-11-27 23:41:55,2025-11-29 00:41:55,REF148992Y
TXN0001889,197.74,USD,Completed,2025-08-26 07:30:46,2025-08-27 03:30:46,REF434853Q
TXN0001890,0.3,GBP,Completed,2025-10-25 13:13:56,2025-10-28 10:13:56,
TXN0001891,38.53,USD,Completed,2025-01-10 21:21:42,2025-01-10 23:21:42,REF120837I
TXN0001892,2.36,USD,Failed,2025-06-04 22:36:34,,REF632151A
TXN0001893,42.46,USD,Completed,2025-03-16 15:31:48,2025-03-19 12:31:48,REF938098J
TXN0001894,24.33,USD,Completed,2025-05-24 21:30:08,2025-05-26 01:30:08,REF836643K
TXN0001895,52.12,GBP,Completed,2025-05-26 17:03:01,2025-05-28 15:03:01,REF289841B
TXN0001896,9.5,GBP,Completed,2025-02-23 23:30:56,2025-02-26 07:30:56,REF620015T
TXN0001897,1.21,JPY,Completed,2025-08-25 16:19:27,2025-08-26 16:19:27,REF721191Z
TXN0001898,10.22,USD,Completed,2025-01-31 15:19:46,2025-02-02 09:19:46,REF249732O
TXN0001899,36.98,USD,Pending,2025-05-12 07:03:30,,
TXN0001900,92.12,USD,Completed,2025-11-14 15:50:44,2025-11-16 12:50:44,REF698149O
TXN0001901,3.46,USD,Pending,2025-07-20 05:56:45,,REF791323F
TXN0001902,93.75,GBP,Completed,2025-05-03 22:59:17,,REF494223B
TXN0001903,7.6,USD,Completed,2025-05-11 07:31:41,2025-05-11 16:31:41,
TXN0001904,34.59,USD,Completed,2025-02-20 06:17:55,2025-02-21 11:17:55,
TXN0001905,9.35,USD,Completed,2025-02-23 19:31:08,2025-02-24 08:31:08,REF884021H
TXN0001906,26.4,USD,Pending,2025-02-26 18:32:17,,REF986718T
TXN0001907,76.54,USD,Failed,2025-03-18 13:05:46,,REF513083B
TXN0001908,3.19,JPY,Completed,2025-09-11 22:48:07,2025-09-14 16:48:07,REF884511R
TXN0001909,7.24,EUR,Pending,2025-11-12 12:31:17,,
TXN0001910,26.51,EUR,Failed,2024-12-02 18:54:26,,REF636977M
TXN0001911,736.84,USD,Pending,2025-07-22 23:39:40,,
TXN0001912,5.5,USD,Completed,2025-03-29 08:18:30,2025-03-30 15:18:30,
TXN0001913,428.46,USD,Completed,2025-03-05 14:27:58,2025-03-08 02:27:58,
TXN0001914,406.11,EUR,Cancelled,2025-08-11 11:43:04,,REF863361U
TXN0001915,17.36,GBP,Completed,2025-08-13 22:44:12,2025-08-15 06:44:12,REF424751I
TXN0001916,12.84,CAD,Completed,2024-12-31 08:34:25,2025-01-01 05:34:25,REF242016M
TXN0001917,7.11,JPY,Completed,2025-01-05 16:27:28,2025-01-06 21:27:28,
TXN0001918,18.13,USD,Completed,2025-06-20 15:54:46,2025-06-22 17:54:46,
TXN0001919,2.43,USD,Completed,2025-09-29 03:04:00,2025-10-01 20:04:00,
TXN0001920,17.92,USD,Completed,2025-03-05 06:29:39,2025-03-08 06:29:39,REF584506Z
TXN0001921,189.68,GBP,Failed,2025-06-25 11:27:46,,REF996608K
TXN0001922,8.03,GBP,Failed,2025-06-30 01:33:12,,REF536878V
TXN0001923,14.0,USD,Completed,2025-06-19 10:04:48,2025-06-22 05:04:48,REF963828G
TXN0001924,1.57,EUR,Completed,2025-08-16 08:36:18,2025-08-17 10:36:18,
TXN0001925,35.2,EUR,Pending,2025-08-27 13:35:57,,REF588313M
TXN0001926,29.87,EUR,Completed,2025-01-11 05:10:41,2025-01-11 08:10:41,REF102741P
TXN0001927,22.1,USD,Completed,2025-06-12 11:04:55,2025-06-13 06:04:55,
TXN0001928,14.51,USD,Completed,2025-02-22 14:04:25,2025-02-23 20:04:25,REF528658S
TXN0001929,12.95,USD,Failed,2025-10-21 07:53:06,,REF903028B
TXN0001930,42.64,USD,Pending,2025-01-16 09:08:21,,REF961259V
TXN0001931,19.24,USD,Completed,2025-11-27 02:58:39,2025-11-28 08:58:39,REF803564W
TXN0001932,32.22,USD,Completed,2025-04-15 13:40:41,2025-04-16 08:40:41,
TXN0001933,27.73,USD,Failed,2025-03-22 09:22:44,,
TXN0001934,108.33,USD,Completed,2025-10-06 09:33:48,2025-10-08 03:33:48,REF713584H
TXN0001935,55.45,USD,Completed,2025-06-15 06:46:11,2025-06-17 15:46:11,
TXN0001936,26.82,USD,Completed,2025-11-08 09:54:04,2025-11-10 14:54:04,REF378364Z
TXN0001937,195.91,USD,Completed,2024-12-08 15:45:32,2024-12-10 17:45:32,
TXN0001938,37.73,USD,Completed,2025-02-18 02:34:30,2025-02-18 13:34:30,REF254638P
TXN0001939,142.23,GBP,Completed,2024-12-13 07:09:47,2024-12-15 12:09:47,REF558856X
TXN0001940,49.92,JPY,Completed,2025-02-09 10:46:14,2025-02-10 05:46:14,REF667300U
TXN0001941,1.27,EUR,Completed,2025-06-05 18:42:59,2025-06-07 19:42:59,
TXN0001942,142.2,EUR,Completed,2025-10-15 04:46:01,2025-10-15 04:46:01,REF488999L
TXN0001943,24.6,JPY,Completed,2025-01-31 19:58:54,2025-02-01 01:58:54,
TXN0001944,18.58,EUR,Completed,2025-06-17 04:22:15,2025-06-19 19:22:15,REF905474R
TXN0001945,30.63,EUR,Failed,2025-05-05 12:33:20,,
TXN0001946,11.97,USD,Pending,2025-11-08 01:46:01,,
TXN0001947,28.23,USD,Completed,2025-05-04 08:15:21,2025-05-06 12:15:21,
TXN0001948,8.27,EUR,Pending,2025-03-07 11:35:10,,REF495344X
TXN0001949,135.83,GBP,Completed,2025-09-16 03:48:06,2025-09-18 09:48:06,REF690144A
TXN0001950,16.94,EUR,Completed,2025-09-21 08:03:03,2025-09-24 08:03:03,
TXN0001951,11.31,GBP,Completed,2025-01-29 16:39:35,2025-02-01 03:39:35,
TXN0001952,5.02,CAD,Completed,2025-09-01 22:56:04,2025-09-02 20:56:04,
TXN0001953,30.06,GBP,Completed,2025-10-04 14:35:32,2025-10-04 18:35:32,REF728236P
TXN0001954,26.59,JPY,Completed,2025-01-14 09:32:28,2025-01-14 18:32:28,REF303043V
TXN0001955,35.97,EUR,Completed,2025-02-20 09:23:52,2025-02-20 18:23:52,REF265204S
TXN0001956,4.3,GBP,Completed,2025-11-01 14:12:03,2025-11-02 04:12:03,
TXN0001957,1.82,USD,Completed,2025-05-12 01:56:01,2025-05-12 23:56:01,REF144169B
TXN0001958,51.34,USD,Completed,2025-07-18 08:41:06,2025-07-19 13:41:06,REF566062X
TXN0001959,186.23,USD,Completed,2025-04-18 13:01:18,2025-04-20 01:01:18,REF439896P
TXN0001960,4.31,USD,Completed,2025-01-08 01:13:09,2025-01-08 22:13:09,REF252351B
TXN0001961,217.93,USD,Completed,2025-03-25 18:00:19,2025-03-28 12:00:19,
TXN0001962,30.75,CAD,Completed,2025-06-03 23:43:04,2025-06-06 21:43:04,
TXN0001963,19.87,USD,Completed,2025-04-22 22:04:44,2025-04-25 14:04:44,REF244026X
TXN0001964,11.06,USD,Completed,2025-05-24 12:22:31,2025-05-27 12:22:31,REF826254A
TXN0001965,2.52,JPY,Failed,2025-01-24 05:25:58,,REF828523U
TXN0001966,88.38,GBP,Completed,2024-12-25 21:05:19,2024-12-27 19:05:19,REF575055R
TXN0001967,6.28,USD,Completed,2024-12-23 07:59:41,2024-12-26 03:59:41,
TXN0001968,6.24,GBP,Completed,2025-05-19 23:50:08,2025-05-21 09:50:08,REF601797O
TXN0001969,88.93,JPY,Cancelled,2025-02-27 17:03:52,,
TXN0001970,1.19,USD,Completed,2025-05-21 13:31:42,2025-05-22 08:31:42,REF262595M
TXN0001971,2.04,GBP,Completed,2025-11-10 13:01:07,,REF820389X
TXN0001972,19.55,USD,Completed,2025-09-14 20:13:10,2025-09-14 23:13:10,
TXN0001973,31.18,USD,Completed,2025-04-30 16:35:40,2025-05-02 22:35:40,
TXN0001974,41.56,EUR,Completed,2025-03-04 08:55:53,2025-03-04 09:55:53,REF177878W
TXN0001975,12.77,EUR,Completed,2025-10-31 17:36:39,2025-11-03 05:36:39,REF705267L
TXN0001976,893.86,USD,Completed,2025-11-18 23:22:07,2025-11-19 23:22:07,REF282662Y
TXN0001977,14.27,USD,Completed,2025-04-14 18:05:00,2025-04-16 16:05:00,
TXN0001978,14.21,EUR,Completed,2025-11-18 04:07:27,2025-11-20 07:07:27,REF188857S
TXN0001979,6.08,CAD,Completed,2025-09-29 11:43:55,,REF647670O
TXN0001980,24.19,USD,Completed,2025-11-30 20:20:13,2025-12-02 23:20:13,REF207763L
TXN0001981,50.52,USD,Completed,2025-03-09 22:37:08,2025-03-10 05:37:08,REF399087B
TXN0001982,122.16,USD,Cancelled,2025-05-12 01:13:04,,REF867567O
TXN0001983,2.15,USD,Completed,2025-05-26 10:46:28,2025-05-27 23:46:28,REF802221B
TXN0001984,13.89,USD,Completed,2025-04-23 01:01:20,2025-04-23 01:01:20,
TXN0001985,39.25,GBP,Completed,2025-09-24 16:00:36,2025-09-26 14:00:36,
TXN0001986,48.45,USD,Completed,2025-05-21 11:12:48,2025-05-22 23:12:48,REF271413V
TXN0001987,20.28,EUR,Pending,2025-11-06 14:23:43,,REF134364C
TXN0001988,45.31,EUR,Pending,2025-01-22 10:53:50,,REF754699Z
TXN0001989,5.97,USD,Completed,2025-07-20 13:33:12,2025-07-22 07:33:12,REF728250N
TXN0001990,207.86,JPY,Cancelled,2025-01-23 18:58:53,,REF366762Y
TXN0001991,89.03,USD,Completed,2025-10-11 10:37:41,2025-10-12 19:37:41,REF273815B
TXN0001992,2.67,USD,Completed,2025-06-10 15:58:50,2025-06-11 18:58:50,REF141260Z
TXN0001993,4.0,JPY,Completed,2025-06-30 16:52:26,2025-07-01 16:52:26,
TXN0001994,4.18,CAD,Pending,2025-02-15 00:43:38,,REF927761N
TXN0001995,55.53,USD,Completed,2025-03-31 22:08:43,2025-04-03 07:08:43,REF220808X
TXN0001996,2.92,USD,Failed,2025-08-18 01:11:26,,REF435786K
TXN0001997,12.22,USD,Pending,2025-06-03 20:45:53,,REF789228B
TXN0001998,39.73,USD,Completed,2025-09-24 08:44:52,2025-09-26 10:44:52,REF182670I
TXN0001999,18.19,EUR,Completed,2025-10-19 12:45:22,2025-10-20 15:45:22,REF935677K
